ISO-10303-21;
HEADER;
FILE_DESCRIPTION((''),'2;1');
FILE_NAME('HGW30_ASM','2006-08-23T',('lansro'),(''),
'PRO/ENGINEER BY PARAMETRIC TECHNOLOGY CORPORATION, 2004360',
'PRO/ENGINEER BY PARAMETRIC TECHNOLOGY CORPORATION, 2004360','');
FILE_SCHEMA(('CONFIG_CONTROL_DESIGN'));
ENDSEC;
DATA;
#1=DIRECTION('',(1.E0,0.E0,0.E0));
#2=VECTOR('',#1,1.1E1);
#3=CARTESIAN_POINT('',(-4.5E1,6.E0,-3.5E1));
#4=LINE('',#3,#2);
#5=DIRECTION('',(0.E0,1.E0,0.E0));
#6=VECTOR('',#5,8.205771365939E0);
#7=CARTESIAN_POINT('',(-3.4E1,-2.205771365939E0,-3.5E1));
#8=LINE('',#7,#6);
#9=DIRECTION('',(2.588190451025E-1,-9.659258262891E-1,0.E0));
#10=VECTOR('',#9,1.642194105361E1);
#11=CARTESIAN_POINT('',(-3.4E1,-2.205771365939E0,-3.5E1));
#12=LINE('',#11,#10);
#13=DIRECTION('',(7.933533402912E-1,-6.087614290087E-1,0.E0));
#14=VECTOR('',#13,3.173413361165E0);
#15=CARTESIAN_POINT('',(-2.974968889777E1,-1.806814834742E1,-3.5E1));
#16=LINE('',#15,#14);
#17=DIRECTION('',(1.E0,0.E0,0.E0));
#18=VECTOR('',#17,2.345547881371E-1);
#19=CARTESIAN_POINT('',(-2.723205080757E1,-2.E1,-3.5E1));
#20=LINE('',#19,#18);
#21=DIRECTION('',(7.071067811865E-1,-7.071067811865E-1,0.E0));
#22=VECTOR('',#21,2.883891163566E0);
#23=CARTESIAN_POINT('',(-2.903671501739E1,-1.796078100204E1,-3.5E1));
#24=LINE('',#23,#22);
#25=DIRECTION('',(0.E0,-1.E0,0.E0));
#26=VECTOR('',#25,3.1E1);
#27=CARTESIAN_POINT('',(-2.903671501739E1,1.303921899796E1,-3.5E1));
#28=LINE('',#27,#26);
#29=DIRECTION('',(-7.071067811865E-1,-7.071067811865E-1,0.E0));
#30=VECTOR('',#29,2.828427124746E0);
#31=CARTESIAN_POINT('',(-2.703671501739E1,1.503921899796E1,-3.5E1));
#32=LINE('',#31,#30);
#33=DIRECTION('',(-1.E0,0.E0,0.E0));
#34=VECTOR('',#33,2.17E1);
#35=CARTESIAN_POINT('',(-5.336715017393E0,1.503921899796E1,-3.5E1));
#36=LINE('',#35,#34);
#37=DIRECTION('',(-7.071067811865E-1,-7.071067811865E-1,0.E0));
#38=VECTOR('',#37,1.131370849898E0);
#39=CARTESIAN_POINT('',(-4.536715017393E0,1.583921899796E1,-3.5E1));
#40=LINE('',#39,#38);
#41=DIRECTION('',(-1.E0,0.E0,0.E0));
#42=VECTOR('',#41,9.E0);
#43=CARTESIAN_POINT('',(4.463284982607E0,1.583921899796E1,-3.5E1));
#44=LINE('',#43,#42);
#45=DIRECTION('',(-7.071067811865E-1,7.071067811865E-1,0.E0));
#46=VECTOR('',#45,1.131370849898E0);
#47=CARTESIAN_POINT('',(5.263284982607E0,1.503921899796E1,-3.5E1));
#48=LINE('',#47,#46);
#49=DIRECTION('',(-1.E0,0.E0,0.E0));
#50=VECTOR('',#49,2.17E1);
#51=CARTESIAN_POINT('',(2.696328498261E1,1.503921899796E1,-3.5E1));
#52=LINE('',#51,#50);
#53=DIRECTION('',(-7.071067811865E-1,7.071067811865E-1,0.E0));
#54=VECTOR('',#53,2.828427124746E0);
#55=CARTESIAN_POINT('',(2.896328498261E1,1.303921899796E1,-3.5E1));
#56=LINE('',#55,#54);
#57=DIRECTION('',(0.E0,1.E0,0.E0));
#58=VECTOR('',#57,3.1E1);
#59=CARTESIAN_POINT('',(2.896328498261E1,-1.796078100204E1,-3.5E1));
#60=LINE('',#59,#58);
#61=DIRECTION('',(7.071067811865E-1,7.071067811865E-1,0.E0));
#62=VECTOR('',#61,2.883891163566E0);
#63=CARTESIAN_POINT('',(2.692406598465E1,-2.E1,-3.5E1));
#64=LINE('',#63,#62);
#65=DIRECTION('',(9.999995639511E-1,-9.338616616412E-4,0.E0));
#66=VECTOR('',#65,3.082058105897E-1);
#67=CARTESIAN_POINT('',(2.692406598465E1,-2.E1,-3.5E1));
#68=LINE('',#67,#66);
#69=DIRECTION('',(7.933533402912E-1,6.087614290087E-1,0.E0));
#70=VECTOR('',#69,3.172940562501E0);
#71=CARTESIAN_POINT('',(2.723227166084E1,-2.000028782159E1,-3.5E1));
#72=LINE('',#71,#70);
#73=DIRECTION('',(2.588190451025E-1,9.659258262891E-1,0.E0));
#74=VECTOR('',#73,1.642253700329E1);
#75=CARTESIAN_POINT('',(2.974953465465E1,-1.806872399060E1,-3.5E1));
#76=LINE('',#75,#74);
#77=DIRECTION('',(0.E0,1.E0,0.E0));
#78=VECTOR('',#77,8.205771365940E0);
#79=CARTESIAN_POINT('',(3.4E1,-2.205771365940E0,-3.5E1));
#80=LINE('',#79,#78);
#81=DIRECTION('',(1.E0,0.E0,0.E0));
#82=VECTOR('',#81,1.05E1);
#83=CARTESIAN_POINT('',(3.4E1,6.E0,-3.5E1));
#84=LINE('',#83,#82);
#85=DIRECTION('',(0.E0,1.E0,0.E0));
#86=VECTOR('',#85,1.E0);
#87=CARTESIAN_POINT('',(4.45E1,6.E0,-3.5E1));
#88=LINE('',#87,#86);
#89=DIRECTION('',(7.071067811865E-1,7.071067811866E-1,0.E0));
#90=VECTOR('',#89,7.071067811866E-1);
#91=CARTESIAN_POINT('',(4.45E1,7.E0,-3.5E1));
#92=LINE('',#91,#90);
#93=DIRECTION('',(0.E0,1.E0,0.E0));
#94=VECTOR('',#93,7.E0);
#95=CARTESIAN_POINT('',(4.5E1,7.5E0,-3.5E1));
#96=LINE('',#95,#94);
#97=DIRECTION('',(-7.071067811865E-1,7.071067811865E-1,0.E0));
#98=VECTOR('',#97,2.121320343560E0);
#99=CARTESIAN_POINT('',(4.5E1,1.45E1,-3.5E1));
#100=LINE('',#99,#98);
#101=DIRECTION('',(-1.E0,0.E0,0.E0));
#102=VECTOR('',#101,1.65E1);
#103=CARTESIAN_POINT('',(4.35E1,1.6E1,-3.5E1));
#104=LINE('',#103,#102);
#105=DIRECTION('',(-7.071067811865E-1,-7.071067811865E-1,0.E0));
#106=VECTOR('',#105,7.071067811865E-1);
#107=CARTESIAN_POINT('',(2.7E1,1.6E1,-3.5E1));
#108=LINE('',#107,#106);
#109=DIRECTION('',(-1.E0,0.E0,0.E0));
#110=VECTOR('',#109,1.9E1);
#111=CARTESIAN_POINT('',(2.65E1,1.55E1,-3.5E1));
#112=LINE('',#111,#110);
#113=DIRECTION('',(-7.071067811865E-1,7.071067811865E-1,0.E0));
#114=VECTOR('',#113,7.071067811865E-1);
#115=CARTESIAN_POINT('',(7.5E0,1.55E1,-3.5E1));
#116=LINE('',#115,#114);
#117=DIRECTION('',(-1.E0,0.E0,0.E0));
#118=VECTOR('',#117,1.4E1);
#119=CARTESIAN_POINT('',(7.E0,1.6E1,-3.5E1));
#120=LINE('',#119,#118);
#121=DIRECTION('',(-7.071067811865E-1,-7.071067811865E-1,0.E0));
#122=VECTOR('',#121,7.071067811865E-1);
#123=CARTESIAN_POINT('',(-7.E0,1.6E1,-3.5E1));
#124=LINE('',#123,#122);
#125=DIRECTION('',(-1.E0,0.E0,0.E0));
#126=VECTOR('',#125,1.9E1);
#127=CARTESIAN_POINT('',(-7.5E0,1.55E1,-3.5E1));
#128=LINE('',#127,#126);
#129=DIRECTION('',(-7.071067811865E-1,7.071067811865E-1,0.E0));
#130=VECTOR('',#129,7.071067811865E-1);
#131=CARTESIAN_POINT('',(-2.65E1,1.55E1,-3.5E1));
#132=LINE('',#131,#130);
#133=DIRECTION('',(-1.E0,0.E0,0.E0));
#134=VECTOR('',#133,1.65E1);
#135=CARTESIAN_POINT('',(-2.7E1,1.6E1,-3.5E1));
#136=LINE('',#135,#134);
#137=DIRECTION('',(-7.071067811865E-1,-7.071067811865E-1,0.E0));
#138=VECTOR('',#137,2.121320343560E0);
#139=CARTESIAN_POINT('',(-4.35E1,1.6E1,-3.5E1));
#140=LINE('',#139,#138);
#141=DIRECTION('',(0.E0,-1.E0,0.E0));
#142=VECTOR('',#141,8.5E0);
#143=CARTESIAN_POINT('',(-4.5E1,1.45E1,-3.5E1));
#144=LINE('',#143,#142);
#145=DIRECTION('',(-1.E0,0.E0,0.E0));
#146=VECTOR('',#145,9.E0);
#147=CARTESIAN_POINT('',(-3.6E1,6.E0,-1.9E1));
#148=LINE('',#147,#146);
#149=CARTESIAN_POINT('',(-3.6E1,6.E0,-2.6E1));
#150=DIRECTION('',(0.E0,-1.E0,0.E0));
#151=DIRECTION('',(2.857142857143E-1,0.E0,-9.583148474999E-1));
#152=AXIS2_PLACEMENT_3D('',#149,#150,#151);
#154=DIRECTION('',(0.E0,0.E0,1.E0));
#155=VECTOR('',#154,2.291796067501E0);
#156=CARTESIAN_POINT('',(-3.4E1,6.E0,-3.5E1));
#157=LINE('',#156,#155);
#158=DIRECTION('',(0.E0,0.E0,-1.E0));
#159=VECTOR('',#158,2.291796067501E0);
#160=CARTESIAN_POINT('',(3.4E1,6.E0,-3.270820393250E1));
#161=LINE('',#160,#159);
#162=CARTESIAN_POINT('',(3.6E1,6.E0,-2.6E1));
#163=DIRECTION('',(0.E0,-1.E0,0.E0));
#164=DIRECTION('',(0.E0,0.E0,1.E0));
#165=AXIS2_PLACEMENT_3D('',#162,#163,#164);
#167=DIRECTION('',(-1.E0,0.E0,0.E0));
#168=VECTOR('',#167,8.5E0);
#169=CARTESIAN_POINT('',(4.45E1,6.E0,-1.9E1));
#170=LINE('',#169,#168);
#171=DIRECTION('',(0.E0,0.E0,1.E0));
#172=VECTOR('',#171,2.291796067501E0);
#173=CARTESIAN_POINT('',(-3.4E1,6.E0,3.270820393250E1));
#174=LINE('',#173,#172);
#175=CARTESIAN_POINT('',(-3.6E1,6.E0,2.6E1));
#176=DIRECTION('',(0.E0,-1.E0,0.E0));
#177=DIRECTION('',(0.E0,0.E0,-1.E0));
#178=AXIS2_PLACEMENT_3D('',#175,#176,#177);
#180=DIRECTION('',(1.E0,0.E0,0.E0));
#181=VECTOR('',#180,9.E0);
#182=CARTESIAN_POINT('',(-4.5E1,6.E0,1.9E1));
#183=LINE('',#182,#181);
#184=DIRECTION('',(1.E0,0.E0,0.E0));
#185=VECTOR('',#184,8.5E0);
#186=CARTESIAN_POINT('',(3.6E1,6.E0,1.9E1));
#187=LINE('',#186,#185);
#188=CARTESIAN_POINT('',(3.6E1,6.E0,2.6E1));
#189=DIRECTION('',(0.E0,-1.E0,0.E0));
#190=DIRECTION('',(-2.857142857143E-1,0.E0,9.583148474999E-1));
#191=AXIS2_PLACEMENT_3D('',#188,#189,#190);
#193=DIRECTION('',(0.E0,0.E0,-1.E0));
#194=VECTOR('',#193,2.291796067501E0);
#195=CARTESIAN_POINT('',(3.4E1,6.E0,3.5E1));
#196=LINE('',#195,#194);
#197=DIRECTION('',(0.E0,0.E0,1.E0));
#198=VECTOR('',#197,1.6E1);
#199=CARTESIAN_POINT('',(-4.5E1,6.E0,-3.5E1));
#200=LINE('',#199,#198);
#201=DIRECTION('',(0.E0,0.E0,1.E0));
#202=VECTOR('',#201,7.E1);
#203=CARTESIAN_POINT('',(-4.5E1,1.45E1,-3.5E1));
#204=LINE('',#203,#202);
#205=DIRECTION('',(0.E0,0.E0,1.E0));
#206=VECTOR('',#205,1.6E1);
#207=CARTESIAN_POINT('',(-4.5E1,6.E0,1.9E1));
#208=LINE('',#207,#206);
#209=DIRECTION('',(0.E0,1.E0,0.E0));
#210=VECTOR('',#209,5.E0);
#211=CARTESIAN_POINT('',(-4.5E1,9.999999999999E-1,1.9E1));
#212=LINE('',#211,#210);
#213=DIRECTION('',(0.E0,1.E0,0.E0));
#214=VECTOR('',#213,5.E0);
#215=CARTESIAN_POINT('',(-4.5E1,9.999999999999E-1,-1.9E1));
#216=LINE('',#215,#214);
#217=DIRECTION('',(0.E0,0.E0,1.E0));
#218=VECTOR('',#217,7.E1);
#219=CARTESIAN_POINT('',(-4.35E1,1.6E1,-3.5E1));
#220=LINE('',#219,#218);
#221=DIRECTION('',(0.E0,0.E0,1.E0));
#222=VECTOR('',#221,7.E1);
#223=CARTESIAN_POINT('',(-2.7E1,1.6E1,-3.5E1));
#224=LINE('',#223,#222);
#225=CARTESIAN_POINT('',(-3.6E1,1.6E1,2.6E1));
#226=DIRECTION('',(0.E0,-1.E0,0.E0));
#227=DIRECTION('',(1.E0,0.E0,0.E0));
#228=AXIS2_PLACEMENT_3D('',#225,#226,#227);
#230=CARTESIAN_POINT('',(-3.6E1,1.6E1,2.6E1));
#231=DIRECTION('',(0.E0,-1.E0,0.E0));
#232=DIRECTION('',(-1.E0,0.E0,0.E0));
#233=AXIS2_PLACEMENT_3D('',#230,#231,#232);
#235=CARTESIAN_POINT('',(-3.6E1,1.6E1,-2.6E1));
#236=DIRECTION('',(0.E0,-1.E0,0.E0));
#237=DIRECTION('',(1.E0,0.E0,0.E0));
#238=AXIS2_PLACEMENT_3D('',#235,#236,#237);
#240=CARTESIAN_POINT('',(-3.6E1,1.6E1,-2.6E1));
#241=DIRECTION('',(0.E0,-1.E0,0.E0));
#242=DIRECTION('',(-1.E0,0.E0,0.E0));
#243=AXIS2_PLACEMENT_3D('',#240,#241,#242);
#245=DIRECTION('',(0.E0,0.E0,1.E0));
#246=VECTOR('',#245,7.E1);
#247=CARTESIAN_POINT('',(-2.65E1,1.55E1,-3.5E1));
#248=LINE('',#247,#246);
#249=DIRECTION('',(0.E0,0.E0,1.E0));
#250=VECTOR('',#249,7.E1);
#251=CARTESIAN_POINT('',(-7.5E0,1.55E1,-3.5E1));
#252=LINE('',#251,#250);
#253=DIRECTION('',(0.E0,0.E0,1.E0));
#254=VECTOR('',#253,7.E1);
#255=CARTESIAN_POINT('',(-7.E0,1.6E1,-3.5E1));
#256=LINE('',#255,#254);
#257=DIRECTION('',(0.E0,0.E0,1.E0));
#258=VECTOR('',#257,7.E1);
#259=CARTESIAN_POINT('',(7.E0,1.6E1,-3.5E1));
#260=LINE('',#259,#258);
#261=DIRECTION('',(0.E0,0.E0,1.E0));
#262=VECTOR('',#261,7.E1);
#263=CARTESIAN_POINT('',(7.5E0,1.55E1,-3.5E1));
#264=LINE('',#263,#262);
#265=DIRECTION('',(0.E0,0.E0,1.E0));
#266=VECTOR('',#265,7.E1);
#267=CARTESIAN_POINT('',(2.65E1,1.55E1,-3.5E1));
#268=LINE('',#267,#266);
#269=DIRECTION('',(0.E0,0.E0,1.E0));
#270=VECTOR('',#269,7.E1);
#271=CARTESIAN_POINT('',(2.7E1,1.6E1,-3.5E1));
#272=LINE('',#271,#270);
#273=DIRECTION('',(0.E0,0.E0,1.E0));
#274=VECTOR('',#273,7.E1);
#275=CARTESIAN_POINT('',(4.35E1,1.6E1,-3.5E1));
#276=LINE('',#275,#274);
#277=CARTESIAN_POINT('',(3.6E1,1.6E1,2.6E1));
#278=DIRECTION('',(0.E0,-1.E0,0.E0));
#279=DIRECTION('',(1.E0,0.E0,0.E0));
#280=AXIS2_PLACEMENT_3D('',#277,#278,#279);
#282=CARTESIAN_POINT('',(3.6E1,1.6E1,2.6E1));
#283=DIRECTION('',(0.E0,-1.E0,0.E0));
#284=DIRECTION('',(-1.E0,0.E0,0.E0));
#285=AXIS2_PLACEMENT_3D('',#282,#283,#284);
#287=CARTESIAN_POINT('',(3.6E1,1.6E1,-2.6E1));
#288=DIRECTION('',(0.E0,-1.E0,0.E0));
#289=DIRECTION('',(1.E0,0.E0,0.E0));
#290=AXIS2_PLACEMENT_3D('',#287,#288,#289);
#292=CARTESIAN_POINT('',(3.6E1,1.6E1,-2.6E1));
#293=DIRECTION('',(0.E0,-1.E0,0.E0));
#294=DIRECTION('',(-1.E0,0.E0,0.E0));
#295=AXIS2_PLACEMENT_3D('',#292,#293,#294);
#297=DIRECTION('',(0.E0,0.E0,1.E0));
#298=VECTOR('',#297,7.E1);
#299=CARTESIAN_POINT('',(4.5E1,1.45E1,-3.5E1));
#300=LINE('',#299,#298);
#301=DIRECTION('',(0.E0,0.E0,1.E0));
#302=VECTOR('',#301,7.E1);
#303=CARTESIAN_POINT('',(4.5E1,7.5E0,-3.5E1));
#304=LINE('',#303,#302);
#305=DIRECTION('',(0.E0,0.E0,1.E0));
#306=VECTOR('',#305,7.E1);
#307=CARTESIAN_POINT('',(4.45E1,7.E0,-3.5E1));
#308=LINE('',#307,#306);
#309=DIRECTION('',(0.E0,0.E0,1.E0));
#310=VECTOR('',#309,1.6E1);
#311=CARTESIAN_POINT('',(4.45E1,6.E0,-3.5E1));
#312=LINE('',#311,#310);
#313=DIRECTION('',(0.E0,1.E0,0.E0));
#314=VECTOR('',#313,5.E0);
#315=CARTESIAN_POINT('',(4.45E1,9.999999999999E-1,-1.9E1));
#316=LINE('',#315,#314);
#317=DIRECTION('',(0.E0,0.E0,1.E0));
#318=VECTOR('',#317,3.8E1);
#319=CARTESIAN_POINT('',(4.45E1,9.999999999999E-1,-1.9E1));
#320=LINE('',#319,#318);
#321=DIRECTION('',(0.E0,1.E0,0.E0));
#322=VECTOR('',#321,5.E0);
#323=CARTESIAN_POINT('',(4.45E1,9.999999999999E-1,1.9E1));
#324=LINE('',#323,#322);
#325=DIRECTION('',(0.E0,0.E0,1.E0));
#326=VECTOR('',#325,1.6E1);
#327=CARTESIAN_POINT('',(4.45E1,6.E0,1.9E1));
#328=LINE('',#327,#326);
#329=CARTESIAN_POINT('',(3.6E1,-5.243786358802E-2,1.9E1));
#330=CARTESIAN_POINT('',(3.589159288160E1,-7.499802474848E-2,1.9E1));
#331=CARTESIAN_POINT('',(3.567801025715E1,-1.345044381689E-1,1.90050631E1));
#332=CARTESIAN_POINT('',(3.537289803305E1,-2.650108711878E-1,1.902603586898E1));
#333=CARTESIAN_POINT('',(3.508825484331E1,-4.344490545741E-1,1.905783551396E1));
#334=CARTESIAN_POINT('',(3.483081796602E1,-6.375576377614E-1,1.909684353528E1));
#335=CARTESIAN_POINT('',(3.459801870256E1,-8.768068245851E-1,1.914061952593E1));
#336=CARTESIAN_POINT('',(3.439363501671E1,-1.152849586621E0,1.918588041769E1));
#337=CARTESIAN_POINT('',(3.421966518406E1,-1.472769989103E0,1.922954520769E1));
#338=CARTESIAN_POINT('',(3.412985275357E1,-1.721154292098E0,1.925434241553E1));
#339=CARTESIAN_POINT('',(3.409453756042E1,-1.852952387244E0,1.926433278054E1));
#341=CARTESIAN_POINT('',(3.650935212614E1,-2.5E0,1.9E1));
#342=DIRECTION('',(0.E0,0.E0,1.E0));
#343=DIRECTION('',(0.E0,1.E0,0.E0));
#344=AXIS2_PLACEMENT_3D('',#341,#342,#343);
#346=CARTESIAN_POINT('',(3.650935212614E1,-2.5E0,-1.9E1));
#347=DIRECTION('',(0.E0,0.E0,1.E0));
#348=DIRECTION('',(0.E0,1.E0,0.E0));
#349=AXIS2_PLACEMENT_3D('',#346,#347,#348);
#351=CARTESIAN_POINT('',(3.409453756042E1,-1.852952387244E0,-1.926433278054E1));
#352=CARTESIAN_POINT('',(3.413150952691E1,-1.714971129849E0,-1.925387372857E1));
#353=CARTESIAN_POINT('',(3.422607046196E1,-1.457308445285E0,-1.922780545059E1));
#354=CARTESIAN_POINT('',(3.440608696599E1,-1.133175642124E0,-1.918290570586E1));
#355=CARTESIAN_POINT('',(3.461427492730E1,-8.579245308969E-1,
-1.913729648736E1));
#356=CARTESIAN_POINT('',(3.484729716343E1,-6.230569086949E-1,
-1.909408265641E1));
#357=CARTESIAN_POINT('',(3.510313385224E1,-4.245574226531E-1,
-1.905593720196E1));
#358=CARTESIAN_POINT('',(3.538360380785E1,-2.599020170339E-1,
-1.902514960510E1));
#359=CARTESIAN_POINT('',(3.568374398977E1,-1.327675530374E-1,
-1.900488032716E1));
#360=CARTESIAN_POINT('',(3.589354398191E1,-7.459198925872E-2,-1.9E1));
#361=CARTESIAN_POINT('',(3.6E1,-5.243786358802E-2,-1.9E1));
#363=DIRECTION('',(0.E0,0.E0,1.E0));
#364=VECTOR('',#363,3.852866556108E1);
#365=CARTESIAN_POINT('',(3.409453756042E1,-1.852952387244E0,-1.926433278054E1));
#366=LINE('',#365,#364);
#367=DIRECTION('',(0.E0,1.E0,0.E0));
#368=VECTOR('',#367,8.205771365940E0);
#369=CARTESIAN_POINT('',(3.4E1,-2.205771365940E0,3.270820393250E1));
#370=LINE('',#369,#368);
#371=CARTESIAN_POINT('',(2.974945753309E1,-1.806901181219E1,2.915130431239E1));
#372=CARTESIAN_POINT('',(2.921986515920E1,-1.847538233330E1,2.810086954159E1));
#373=CARTESIAN_POINT('',(2.878013484080E1,-1.881279927405E1,2.6E1));
#374=CARTESIAN_POINT('',(2.921986515920E1,-1.847538233330E1,2.389913045841E1));
#375=CARTESIAN_POINT('',(2.974945753309E1,-1.806901181219E1,2.284869568761E1));
#377=CARTESIAN_POINT('',(2.974945753309E1,-1.806901181219E1,-2.284869568761E1));
#378=CARTESIAN_POINT('',(2.921986515920E1,-1.847538233330E1,-2.389913045841E1));
#379=CARTESIAN_POINT('',(2.878013484080E1,-1.881279927405E1,-2.6E1));
#380=CARTESIAN_POINT('',(2.921986515920E1,-1.847538233330E1,-2.810086954159E1));
#381=CARTESIAN_POINT('',(2.974945753309E1,-1.806901181219E1,-2.915130431239E1));
#383=DIRECTION('',(0.E0,0.E0,1.E0));
#384=VECTOR('',#383,7.E1);
#385=CARTESIAN_POINT('',(2.723227166084E1,-2.000028782159E1,-3.5E1));
#386=LINE('',#385,#384);
#387=DIRECTION('',(0.E0,0.E0,-1.E0));
#388=VECTOR('',#387,2.291796067501E0);
#389=CARTESIAN_POINT('',(3.4E1,-2.205771365940E0,3.5E1));
#390=LINE('',#389,#388);
#391=CARTESIAN_POINT('',(3.4E1,-2.205771365940E0,3.270820393250E1));
#392=CARTESIAN_POINT('',(3.326423714487E1,-4.951675723604E0,3.248884183125E1));
#393=CARTESIAN_POINT('',(3.217364910139E1,-9.021805711995E0,3.198144937683E1));
#394=CARTESIAN_POINT('',(3.076217083018E1,-1.428951433395E1,3.072247221354E1));
#395=CARTESIAN_POINT('',(3.007770580665E1,-1.684397257775E1,2.980237750946E1));
#396=CARTESIAN_POINT('',(2.974945753309E1,-1.806901181219E1,2.915130431239E1));
#398=DIRECTION('',(1.318611305746E-5,4.921124389786E-5,9.999999987022E-1));
#399=VECTOR('',#398,5.848695695198E0);
#400=CARTESIAN_POINT('',(2.974945753309E1,-1.806901181219E1,2.915130431239E1));
#401=LINE('',#400,#399);
#402=CARTESIAN_POINT('',(2.974945753309E1,-1.806901181219E1,2.284869568761E1));
#403=CARTESIAN_POINT('',(3.008490689005E1,-1.681709776864E1,2.218333930074E1));
#404=CARTESIAN_POINT('',(3.078470130452E1,-1.420542945897E1,2.125032269207E1));
#405=CARTESIAN_POINT('',(3.222760517126E1,-8.820438917861E0,1.998044129310E1));
#406=CARTESIAN_POINT('',(3.334241165958E1,-4.659924462843E0,1.947710274188E1));
#407=CARTESIAN_POINT('',(3.409453756042E1,-1.852952387244E0,1.926433278054E1));
#409=CARTESIAN_POINT('',(3.409453756042E1,-1.852952387244E0,-1.926433278054E1));
#410=CARTESIAN_POINT('',(3.334241165958E1,-4.659924462843E0,-1.947710274188E1));
#411=CARTESIAN_POINT('',(3.222760517126E1,-8.820438917861E0,-1.998044129310E1));
#412=CARTESIAN_POINT('',(3.078470130452E1,-1.420542945897E1,-2.125032269207E1));
#413=CARTESIAN_POINT('',(3.008490689005E1,-1.681709776864E1,-2.218333930074E1));
#414=CARTESIAN_POINT('',(2.974945753309E1,-1.806901181219E1,-2.284869568761E1));
#416=DIRECTION('',(0.E0,0.E0,1.E0));
#417=VECTOR('',#416,4.569739137522E1);
#418=CARTESIAN_POINT('',(2.974945753309E1,-1.806901181219E1,-2.284869568761E1));
#419=LINE('',#418,#417);
#420=CARTESIAN_POINT('',(2.974945753309E1,-1.806901181219E1,-2.915130431239E1));
#421=CARTESIAN_POINT('',(3.007770580665E1,-1.684397257775E1,-2.980237750946E1));
#422=CARTESIAN_POINT('',(3.076217083018E1,-1.428951433395E1,-3.072247221354E1));
#423=CARTESIAN_POINT('',(3.217364910139E1,-9.021805711995E0,-3.198144937683E1));
#424=CARTESIAN_POINT('',(3.326423714487E1,-4.951675723604E0,-3.248884183125E1));
#425=CARTESIAN_POINT('',(3.4E1,-2.205771365940E0,-3.270820393250E1));
#427=DIRECTION('',(0.E0,0.E0,1.E0));
#428=VECTOR('',#427,2.291796067501E0);
#429=CARTESIAN_POINT('',(3.4E1,-2.205771365940E0,-3.5E1));
#430=LINE('',#429,#428);
#431=DIRECTION('',(-1.318611305868E-5,-4.921124389786E-5,9.999999987022E-1));
#432=VECTOR('',#431,5.848695695198E0);
#433=CARTESIAN_POINT('',(2.974953465465E1,-1.806872399060E1,-3.5E1));
#434=LINE('',#433,#432);
#435=DIRECTION('',(1.E0,0.E0,0.E0));
#436=VECTOR('',#435,1.1E1);
#437=CARTESIAN_POINT('',(-4.5E1,6.E0,3.5E1));
#438=LINE('',#437,#436);
#439=DIRECTION('',(0.E0,-1.E0,0.E0));
#440=VECTOR('',#439,8.5E0);
#441=CARTESIAN_POINT('',(-4.5E1,1.45E1,3.5E1));
#442=LINE('',#441,#440);
#443=DIRECTION('',(-7.071067811865E-1,-7.071067811865E-1,0.E0));
#444=VECTOR('',#443,2.121320343560E0);
#445=CARTESIAN_POINT('',(-4.35E1,1.6E1,3.5E1));
#446=LINE('',#445,#444);
#447=DIRECTION('',(-1.E0,0.E0,0.E0));
#448=VECTOR('',#447,1.65E1);
#449=CARTESIAN_POINT('',(-2.7E1,1.6E1,3.5E1));
#450=LINE('',#449,#448);
#451=DIRECTION('',(-7.071067811865E-1,7.071067811865E-1,0.E0));
#452=VECTOR('',#451,7.071067811865E-1);
#453=CARTESIAN_POINT('',(-2.65E1,1.55E1,3.5E1));
#454=LINE('',#453,#452);
#455=DIRECTION('',(-1.E0,0.E0,0.E0));
#456=VECTOR('',#455,1.9E1);
#457=CARTESIAN_POINT('',(-7.5E0,1.55E1,3.5E1));
#458=LINE('',#457,#456);
#459=DIRECTION('',(-7.071067811865E-1,-7.071067811865E-1,0.E0));
#460=VECTOR('',#459,7.071067811865E-1);
#461=CARTESIAN_POINT('',(-7.E0,1.6E1,3.5E1));
#462=LINE('',#461,#460);
#463=DIRECTION('',(-1.E0,0.E0,0.E0));
#464=VECTOR('',#463,1.4E1);
#465=CARTESIAN_POINT('',(7.E0,1.6E1,3.5E1));
#466=LINE('',#465,#464);
#467=DIRECTION('',(-7.071067811865E-1,7.071067811865E-1,0.E0));
#468=VECTOR('',#467,7.071067811865E-1);
#469=CARTESIAN_POINT('',(7.5E0,1.55E1,3.5E1));
#470=LINE('',#469,#468);
#471=DIRECTION('',(-1.E0,0.E0,0.E0));
#472=VECTOR('',#471,1.9E1);
#473=CARTESIAN_POINT('',(2.65E1,1.55E1,3.5E1));
#474=LINE('',#473,#472);
#475=DIRECTION('',(-7.071067811865E-1,-7.071067811865E-1,0.E0));
#476=VECTOR('',#475,7.071067811865E-1);
#477=CARTESIAN_POINT('',(2.7E1,1.6E1,3.5E1));
#478=LINE('',#477,#476);
#479=DIRECTION('',(-1.E0,0.E0,0.E0));
#480=VECTOR('',#479,1.65E1);
#481=CARTESIAN_POINT('',(4.35E1,1.6E1,3.5E1));
#482=LINE('',#481,#480);
#483=DIRECTION('',(-7.071067811865E-1,7.071067811865E-1,0.E0));
#484=VECTOR('',#483,2.121320343560E0);
#485=CARTESIAN_POINT('',(4.5E1,1.45E1,3.5E1));
#486=LINE('',#485,#484);
#487=DIRECTION('',(0.E0,1.E0,0.E0));
#488=VECTOR('',#487,7.E0);
#489=CARTESIAN_POINT('',(4.5E1,7.5E0,3.5E1));
#490=LINE('',#489,#488);
#491=DIRECTION('',(7.071067811865E-1,7.071067811866E-1,0.E0));
#492=VECTOR('',#491,7.071067811866E-1);
#493=CARTESIAN_POINT('',(4.45E1,7.E0,3.5E1));
#494=LINE('',#493,#492);
#495=DIRECTION('',(0.E0,1.E0,0.E0));
#496=VECTOR('',#495,1.E0);
#497=CARTESIAN_POINT('',(4.45E1,6.E0,3.5E1));
#498=LINE('',#497,#496);
#499=DIRECTION('',(1.E0,0.E0,0.E0));
#500=VECTOR('',#499,1.05E1);
#501=CARTESIAN_POINT('',(3.4E1,6.E0,3.5E1));
#502=LINE('',#501,#500);
#503=DIRECTION('',(0.E0,1.E0,0.E0));
#504=VECTOR('',#503,8.205771365940E0);
#505=CARTESIAN_POINT('',(3.4E1,-2.205771365940E0,3.5E1));
#506=LINE('',#505,#504);
#507=DIRECTION('',(2.588190451025E-1,9.659258262891E-1,0.E0));
#508=VECTOR('',#507,1.642253700329E1);
#509=CARTESIAN_POINT('',(2.974953465465E1,-1.806872399060E1,3.5E1));
#510=LINE('',#509,#508);
#511=DIRECTION('',(7.933533402912E-1,6.087614290087E-1,0.E0));
#512=VECTOR('',#511,3.172940562501E0);
#513=CARTESIAN_POINT('',(2.723227166084E1,-2.000028782159E1,3.5E1));
#514=LINE('',#513,#512);
#515=DIRECTION('',(9.999995639511E-1,-9.338616616527E-4,0.E0));
#516=VECTOR('',#515,3.082058105897E-1);
#517=CARTESIAN_POINT('',(2.692406598465E1,-2.E1,3.5E1));
#518=LINE('',#517,#516);
#519=DIRECTION('',(7.071067811865E-1,7.071067811865E-1,0.E0));
#520=VECTOR('',#519,2.883891163566E0);
#521=CARTESIAN_POINT('',(2.692406598465E1,-2.E1,3.5E1));
#522=LINE('',#521,#520);
#523=DIRECTION('',(0.E0,1.E0,0.E0));
#524=VECTOR('',#523,3.1E1);
#525=CARTESIAN_POINT('',(2.896328498261E1,-1.796078100204E1,3.5E1));
#526=LINE('',#525,#524);
#527=DIRECTION('',(-7.071067811865E-1,7.071067811865E-1,0.E0));
#528=VECTOR('',#527,2.828427124746E0);
#529=CARTESIAN_POINT('',(2.896328498261E1,1.303921899796E1,3.5E1));
#530=LINE('',#529,#528);
#531=DIRECTION('',(-1.E0,0.E0,0.E0));
#532=VECTOR('',#531,2.17E1);
#533=CARTESIAN_POINT('',(2.696328498261E1,1.503921899796E1,3.5E1));
#534=LINE('',#533,#532);
#535=DIRECTION('',(-7.071067811865E-1,7.071067811865E-1,0.E0));
#536=VECTOR('',#535,1.131370849898E0);
#537=CARTESIAN_POINT('',(5.263284982607E0,1.503921899796E1,3.5E1));
#538=LINE('',#537,#536);
#539=DIRECTION('',(-1.E0,0.E0,0.E0));
#540=VECTOR('',#539,9.E0);
#541=CARTESIAN_POINT('',(4.463284982607E0,1.583921899796E1,3.5E1));
#542=LINE('',#541,#540);
#543=DIRECTION('',(-7.071067811865E-1,-7.071067811865E-1,0.E0));
#544=VECTOR('',#543,1.131370849898E0);
#545=CARTESIAN_POINT('',(-4.536715017393E0,1.583921899796E1,3.5E1));
#546=LINE('',#545,#544);
#547=DIRECTION('',(-1.E0,0.E0,0.E0));
#548=VECTOR('',#547,2.17E1);
#549=CARTESIAN_POINT('',(-5.336715017393E0,1.503921899796E1,3.5E1));
#550=LINE('',#549,#548);
#551=DIRECTION('',(-7.071067811865E-1,-7.071067811865E-1,0.E0));
#552=VECTOR('',#551,2.828427124746E0);
#553=CARTESIAN_POINT('',(-2.703671501739E1,1.503921899796E1,3.5E1));
#554=LINE('',#553,#552);
#555=DIRECTION('',(0.E0,-1.E0,0.E0));
#556=VECTOR('',#555,3.1E1);
#557=CARTESIAN_POINT('',(-2.903671501739E1,1.303921899796E1,3.5E1));
#558=LINE('',#557,#556);
#559=DIRECTION('',(7.071067811865E-1,-7.071067811865E-1,0.E0));
#560=VECTOR('',#559,2.883891163566E0);
#561=CARTESIAN_POINT('',(-2.903671501739E1,-1.796078100204E1,3.5E1));
#562=LINE('',#561,#560);
#563=DIRECTION('',(1.E0,0.E0,0.E0));
#564=VECTOR('',#563,2.345547881371E-1);
#565=CARTESIAN_POINT('',(-2.723205080757E1,-2.E1,3.5E1));
#566=LINE('',#565,#564);
#567=DIRECTION('',(7.933533402912E-1,-6.087614290087E-1,0.E0));
#568=VECTOR('',#567,3.173413361165E0);
#569=CARTESIAN_POINT('',(-2.974968889777E1,-1.806814834742E1,3.5E1));
#570=LINE('',#569,#568);
#571=DIRECTION('',(2.588190451025E-1,-9.659258262891E-1,0.E0));
#572=VECTOR('',#571,1.642194105361E1);
#573=CARTESIAN_POINT('',(-3.4E1,-2.205771365939E0,3.5E1));
#574=LINE('',#573,#572);
#575=DIRECTION('',(0.E0,1.E0,0.E0));
#576=VECTOR('',#575,8.205771365939E0);
#577=CARTESIAN_POINT('',(-3.4E1,-2.205771365939E0,3.5E1));
#578=LINE('',#577,#576);
#579=DIRECTION('',(0.E0,0.E0,1.E0));
#580=VECTOR('',#579,9.74E1);
#581=CARTESIAN_POINT('',(1.344109965474E1,-2.E1,-4.87E1));
#582=LINE('',#581,#580);
#583=DIRECTION('',(0.E0,0.E0,-1.E0));
#584=VECTOR('',#583,1.37E1);
#585=CARTESIAN_POINT('',(2.692406598465E1,-2.E1,-3.5E1));
#586=LINE('',#585,#584);
#587=DIRECTION('',(0.E0,0.E0,-1.E0));
#588=VECTOR('',#587,1.37E1);
#589=CARTESIAN_POINT('',(2.896328498261E1,-1.796078100204E1,-3.5E1));
#590=LINE('',#589,#588);
#591=DIRECTION('',(0.E0,0.E0,-1.E0));
#592=VECTOR('',#591,1.37E1);
#593=CARTESIAN_POINT('',(2.896328498261E1,1.303921899796E1,-3.5E1));
#594=LINE('',#593,#592);
#595=DIRECTION('',(0.E0,0.E0,-1.E0));
#596=VECTOR('',#595,1.37E1);
#597=CARTESIAN_POINT('',(2.696328498261E1,1.503921899796E1,-3.5E1));
#598=LINE('',#597,#596);
#599=DIRECTION('',(0.E0,0.E0,-1.E0));
#600=VECTOR('',#599,1.37E1);
#601=CARTESIAN_POINT('',(5.263284982607E0,1.503921899796E1,-3.5E1));
#602=LINE('',#601,#600);
#603=DIRECTION('',(0.E0,0.E0,-1.E0));
#604=VECTOR('',#603,1.37E1);
#605=CARTESIAN_POINT('',(4.463284982607E0,1.583921899796E1,-3.5E1));
#606=LINE('',#605,#604);
#607=DIRECTION('',(0.E0,0.E0,-1.E0));
#608=VECTOR('',#607,1.37E1);
#609=CARTESIAN_POINT('',(-4.536715017393E0,1.583921899796E1,-3.5E1));
#610=LINE('',#609,#608);
#611=DIRECTION('',(0.E0,0.E0,-1.E0));
#612=VECTOR('',#611,1.37E1);
#613=CARTESIAN_POINT('',(-5.336715017393E0,1.503921899796E1,-3.5E1));
#614=LINE('',#613,#612);
#615=DIRECTION('',(0.E0,0.E0,-1.E0));
#616=VECTOR('',#615,1.37E1);
#617=CARTESIAN_POINT('',(-2.703671501739E1,1.503921899796E1,-3.5E1));
#618=LINE('',#617,#616);
#619=DIRECTION('',(0.E0,0.E0,-1.E0));
#620=VECTOR('',#619,1.37E1);
#621=CARTESIAN_POINT('',(-2.903671501739E1,1.303921899796E1,-3.5E1));
#622=LINE('',#621,#620);
#623=DIRECTION('',(0.E0,0.E0,-1.E0));
#624=VECTOR('',#623,1.37E1);
#625=CARTESIAN_POINT('',(-2.903671501739E1,-1.796078100204E1,-3.5E1));
#626=LINE('',#625,#624);
#627=DIRECTION('',(0.E0,0.E0,-1.E0));
#628=VECTOR('',#627,1.37E1);
#629=CARTESIAN_POINT('',(-2.699749601943E1,-2.E1,-3.5E1));
#630=LINE('',#629,#628);
#631=DIRECTION('',(0.E0,0.E0,1.E0));
#632=VECTOR('',#631,7.E1);
#633=CARTESIAN_POINT('',(-2.723205080757E1,-2.E1,-3.5E1));
#634=LINE('',#633,#632);
#635=DIRECTION('',(0.E0,0.E0,1.E0));
#636=VECTOR('',#635,1.37E1);
#637=CARTESIAN_POINT('',(-2.699749601943E1,-2.E1,3.5E1));
#638=LINE('',#637,#636);
#639=DIRECTION('',(0.E0,0.E0,1.E0));
#640=VECTOR('',#639,9.74E1);
#641=CARTESIAN_POINT('',(-1.344109965474E1,-2.E1,-4.87E1));
#642=LINE('',#641,#640);
#643=DIRECTION('',(0.E0,0.E0,1.E0));
#644=VECTOR('',#643,9.74E1);
#645=CARTESIAN_POINT('',(-9.534314575051E0,-1.609321492031E1,-4.87E1));
#646=LINE('',#645,#644);
#647=DIRECTION('',(0.E0,0.E0,1.E0));
#648=VECTOR('',#647,9.74E1);
#649=CARTESIAN_POINT('',(-9.3E0,-1.552752949537E1,-4.87E1));
#650=LINE('',#649,#648);
#651=DIRECTION('',(0.E0,0.E0,1.E0));
#652=VECTOR('',#651,9.74E1);
#653=CARTESIAN_POINT('',(-9.3E0,-1.229305139510E1,-4.87E1));
#654=LINE('',#653,#652);
#655=DIRECTION('',(0.E0,0.E0,1.E0));
#656=VECTOR('',#655,9.74E1);
#657=CARTESIAN_POINT('',(-9.534314575051E0,-1.172736597015E1,-4.87E1));
#658=LINE('',#657,#656);
#659=DIRECTION('',(0.E0,0.E0,1.E0));
#660=VECTOR('',#659,9.74E1);
#661=CARTESIAN_POINT('',(-9.747787572381E0,-1.151389297282E1,-4.87E1));
#662=LINE('',#661,#660);
#663=DIRECTION('',(0.E0,0.E0,1.E0));
#664=VECTOR('',#663,9.74E1);
#665=CARTESIAN_POINT('',(-9.918833972530E0,-1.116449842836E1,-4.87E1));
#666=LINE('',#665,#664);
#667=DIRECTION('',(0.E0,0.E0,1.E0));
#668=VECTOR('',#667,9.74E1);
#669=CARTESIAN_POINT('',(-1.237358042835E1,-8.709751972531E0,-4.87E1));
#670=LINE('',#669,#668);
#671=DIRECTION('',(0.E0,0.E0,1.E0));
#672=VECTOR('',#671,9.74E1);
#673=CARTESIAN_POINT('',(-1.272297497282E1,-8.538705572382E0,-4.87E1));
#674=LINE('',#673,#672);
#675=DIRECTION('',(0.E0,0.E0,1.E0));
#676=VECTOR('',#675,9.74E1);
#677=CARTESIAN_POINT('',(-1.382426406871E1,-7.437416476490E0,-4.87E1));
#678=LINE('',#677,#676);
#679=DIRECTION('',(0.E0,0.E0,1.E0));
#680=VECTOR('',#679,9.74E1);
#681=CARTESIAN_POINT('',(-1.4E1,-7.013152407777E0,-4.87E1));
#682=LINE('',#681,#680);
#683=DIRECTION('',(0.E0,0.E0,1.E0));
#684=VECTOR('',#683,9.74E1);
#685=CARTESIAN_POINT('',(-1.4E1,-4.992697616538E0,-4.87E1));
#686=LINE('',#685,#684);
#687=DIRECTION('',(0.E0,0.E0,1.E0));
#688=VECTOR('',#687,9.74E1);
#689=CARTESIAN_POINT('',(-1.382426406871E1,-4.568433547825E0,-4.87E1));
#690=LINE('',#689,#688);
#691=DIRECTION('',(0.E0,0.E0,1.E0));
#692=VECTOR('',#691,9.74E1);
#693=CARTESIAN_POINT('',(-1.271655658728E1,-3.460726066392E0,-4.87E1));
#694=LINE('',#693,#692);
#695=DIRECTION('',(0.E0,0.E0,1.E0));
#696=VECTOR('',#695,9.74E1);
#697=CARTESIAN_POINT('',(-1.236828479247E1,-3.289821945175E0,-4.87E1));
#698=LINE('',#697,#696);
#699=DIRECTION('',(0.E0,0.E0,1.E0));
#700=VECTOR('',#699,9.74E1);
#701=CARTESIAN_POINT('',(-9.919505054826E0,-8.410422075298E-1,-4.87E1));
#702=LINE('',#701,#700);
#703=DIRECTION('',(0.E0,0.E0,1.E0));
#704=VECTOR('',#703,9.74E1);
#705=CARTESIAN_POINT('',(-9.748600933610E0,-4.927704127233E-1,-4.87E1));
#706=LINE('',#705,#704);
#707=DIRECTION('',(0.E0,0.E0,1.E0));
#708=VECTOR('',#707,9.74E1);
#709=CARTESIAN_POINT('',(-9.255830520887E0,-1.139916720471E-13,-4.87E1));
#710=LINE('',#709,#708);
#711=DIRECTION('',(0.E0,0.E0,1.E0));
#712=VECTOR('',#711,9.74E1);
#713=CARTESIAN_POINT('',(9.255830520887E0,1.133995531006E-13,-4.87E1));
#714=LINE('',#713,#712);
#715=DIRECTION('',(0.E0,0.E0,1.E0));
#716=VECTOR('',#715,9.74E1);
#717=CARTESIAN_POINT('',(9.748600933609E0,-4.927704127223E-1,-4.87E1));
#718=LINE('',#717,#716);
#719=DIRECTION('',(0.E0,0.E0,1.E0));
#720=VECTOR('',#719,9.74E1);
#721=CARTESIAN_POINT('',(9.919505054826E0,-8.410422075298E-1,-4.87E1));
#722=LINE('',#721,#720);
#723=DIRECTION('',(0.E0,0.E0,1.E0));
#724=VECTOR('',#723,9.74E1);
#725=CARTESIAN_POINT('',(1.236828479247E1,-3.289821945174E0,-4.87E1));
#726=LINE('',#725,#724);
#727=DIRECTION('',(0.E0,0.E0,1.E0));
#728=VECTOR('',#727,9.74E1);
#729=CARTESIAN_POINT('',(1.271655658728E1,-3.460726066391E0,-4.87E1));
#730=LINE('',#729,#728);
#731=DIRECTION('',(0.E0,0.E0,1.E0));
#732=VECTOR('',#731,9.74E1);
#733=CARTESIAN_POINT('',(1.382426406871E1,-4.568433547825E0,-4.87E1));
#734=LINE('',#733,#732);
#735=DIRECTION('',(0.E0,0.E0,1.E0));
#736=VECTOR('',#735,9.74E1);
#737=CARTESIAN_POINT('',(1.4E1,-4.992697616537E0,-4.87E1));
#738=LINE('',#737,#736);
#739=DIRECTION('',(0.E0,0.E0,1.E0));
#740=VECTOR('',#739,9.74E1);
#741=CARTESIAN_POINT('',(1.4E1,-7.013152407779E0,-4.87E1));
#742=LINE('',#741,#740);
#743=DIRECTION('',(0.E0,0.E0,1.E0));
#744=VECTOR('',#743,9.74E1);
#745=CARTESIAN_POINT('',(1.382426406871E1,-7.437416476489E0,-4.87E1));
#746=LINE('',#745,#744);
#747=DIRECTION('',(0.E0,0.E0,1.E0));
#748=VECTOR('',#747,9.74E1);
#749=CARTESIAN_POINT('',(1.272297497282E1,-8.538705572382E0,-4.87E1));
#750=LINE('',#749,#748);
#751=DIRECTION('',(0.E0,0.E0,1.E0));
#752=VECTOR('',#751,9.74E1);
#753=CARTESIAN_POINT('',(1.237358042836E1,-8.709751972530E0,-4.87E1));
#754=LINE('',#753,#752);
#755=DIRECTION('',(0.E0,0.E0,1.E0));
#756=VECTOR('',#755,9.74E1);
#757=CARTESIAN_POINT('',(9.918833972530E0,-1.116449842836E1,-4.87E1));
#758=LINE('',#757,#756);
#759=DIRECTION('',(0.E0,0.E0,1.E0));
#760=VECTOR('',#759,9.74E1);
#761=CARTESIAN_POINT('',(9.747787572382E0,-1.151389297282E1,-4.87E1));
#762=LINE('',#761,#760);
#763=DIRECTION('',(0.E0,0.E0,1.E0));
#764=VECTOR('',#763,9.74E1);
#765=CARTESIAN_POINT('',(9.534314575050E0,-1.172736597015E1,-4.87E1));
#766=LINE('',#765,#764);
#767=DIRECTION('',(0.E0,0.E0,1.E0));
#768=VECTOR('',#767,9.74E1);
#769=CARTESIAN_POINT('',(9.3E0,-1.229305139510E1,-4.87E1));
#770=LINE('',#769,#768);
#771=DIRECTION('',(0.E0,0.E0,1.E0));
#772=VECTOR('',#771,9.74E1);
#773=CARTESIAN_POINT('',(9.3E0,-1.552752949536E1,-4.87E1));
#774=LINE('',#773,#772);
#775=DIRECTION('',(0.E0,0.E0,1.E0));
#776=VECTOR('',#775,9.74E1);
#777=CARTESIAN_POINT('',(9.534314575051E0,-1.609321492031E1,-4.87E1));
#778=LINE('',#777,#776);
#779=DIRECTION('',(7.071067811865E-1,-7.071067811865E-1,0.E0));
#780=VECTOR('',#779,2.883891163566E0);
#781=CARTESIAN_POINT('',(-2.903671501739E1,-1.796078100204E1,-4.87E1));
#782=LINE('',#781,#780);
#783=DIRECTION('',(1.E0,0.E0,0.E0));
#784=VECTOR('',#783,1.355639636469E1);
#785=CARTESIAN_POINT('',(-2.699749601943E1,-2.E1,-4.87E1));
#786=LINE('',#785,#784);
#787=DIRECTION('',(7.071067811866E-1,7.071067811865E-1,0.E0));
#788=VECTOR('',#787,5.525028444969E0);
#789=CARTESIAN_POINT('',(-1.344109965474E1,-2.E1,-4.87E1));
#790=LINE('',#789,#788);
#791=CARTESIAN_POINT('',(-1.01E1,-1.552752949536E1,-4.87E1));
#792=DIRECTION('',(0.E0,0.E0,1.E0));
#793=DIRECTION('',(7.071067811864E-1,-7.071067811867E-1,0.E0));
#794=AXIS2_PLACEMENT_3D('',#791,#792,#793);
#796=DIRECTION('',(-4.613231868764E-14,1.E0,0.E0));
#797=VECTOR('',#796,3.234478100265E0);
#798=CARTESIAN_POINT('',(-9.3E0,-1.552752949537E1,-4.87E1));
#799=LINE('',#798,#797);
#800=CARTESIAN_POINT('',(-1.01E1,-1.229305139510E1,-4.87E1));
#801=DIRECTION('',(0.E0,0.E0,1.E0));
#802=DIRECTION('',(1.E0,-1.589839371263E-12,0.E0));
#803=AXIS2_PLACEMENT_3D('',#800,#801,#802);
#805=DIRECTION('',(-7.071067811863E-1,7.071067811868E-1,0.E0));
#806=VECTOR('',#805,3.018964080252E-1);
#807=CARTESIAN_POINT('',(-9.534314575051E0,-1.172736597015E1,-4.87E1));
#808=LINE('',#807,#806);
#809=CARTESIAN_POINT('',(-9.323523503670E0,-1.108962890411E1,-4.87E1));
#810=DIRECTION('',(0.E0,0.E0,-1.E0));
#811=DIRECTION('',(-7.071067811850E-1,-7.071067811881E-1,0.E0));
#812=AXIS2_PLACEMENT_3D('',#809,#810,#811);
#814=CARTESIAN_POINT('',(-1.272671501739E1,-1.151763301739E1,-4.87E1));
#815=DIRECTION('',(0.E0,0.E0,1.E0));
#816=DIRECTION('',(9.921841147931E-1,1.247825402542E-1,0.E0));
#817=AXIS2_PLACEMENT_3D('',#814,#815,#816);
#819=CARTESIAN_POINT('',(-1.229871090411E1,-8.114441503670E0,-4.87E1));
#820=DIRECTION('',(0.E0,0.E0,-1.E0));
#821=DIRECTION('',(-1.247825405989E-1,-9.921841147497E-1,0.E0));
#822=AXIS2_PLACEMENT_3D('',#819,#820,#821);
#824=DIRECTION('',(-7.071067811864E-1,7.071067811867E-1,0.E0));
#825=VECTOR('',#824,1.557457975504E0);
#826=CARTESIAN_POINT('',(-1.272297497282E1,-8.538705572382E0,-4.87E1));
#827=LINE('',#826,#825);
#828=CARTESIAN_POINT('',(-1.34E1,-7.013152407778E0,-4.87E1));
#829=DIRECTION('',(0.E0,0.E0,-1.E0));
#830=DIRECTION('',(-7.071067811853E-1,-7.071067811878E-1,0.E0));
#831=AXIS2_PLACEMENT_3D('',#828,#829,#830);
#833=DIRECTION('',(0.E0,1.E0,0.E0));
#834=VECTOR('',#833,2.020454791239E0);
#835=CARTESIAN_POINT('',(-1.4E1,-7.013152407777E0,-4.87E1));
#836=LINE('',#835,#834);
#837=CARTESIAN_POINT('',(-1.34E1,-4.992697616537E0,-4.87E1));
#838=DIRECTION('',(0.E0,0.E0,-1.E0));
#839=DIRECTION('',(-1.E0,-4.677739677087E-12,0.E0));
#840=AXIS2_PLACEMENT_3D('',#837,#838,#839);
#842=DIRECTION('',(7.071067811864E-1,7.071067811867E-1,0.E0));
#843=VECTOR('',#842,1.566534943384E0);
#844=CARTESIAN_POINT('',(-1.382426406871E1,-4.568433547825E0,-4.87E1));
#845=LINE('',#844,#843);
#846=CARTESIAN_POINT('',(-1.229229251857E1,-3.884990135103E0,-4.87E1));
#847=DIRECTION('',(0.E0,0.E0,-1.E0));
#848=DIRECTION('',(-7.071067811909E-1,7.071067811822E-1,0.E0));
#849=AXIS2_PLACEMENT_3D('',#846,#847,#848);
#851=CARTESIAN_POINT('',(-1.272671501739E1,-4.826119826073E-1,-4.87E1));
#852=DIRECTION('',(0.E0,0.E0,1.E0));
#853=DIRECTION('',(1.266537896826E-1,-9.919469832401E-1,0.E0));
#854=AXIS2_PLACEMENT_3D('',#851,#852,#853);
#856=CARTESIAN_POINT('',(-9.324336864897E0,-9.170344814344E-1,-4.87E1));
#857=DIRECTION('',(0.E0,0.E0,-1.E0));
#858=DIRECTION('',(-9.919469831951E-1,1.266537900343E-1,0.E0));
#859=AXIS2_PLACEMENT_3D('',#856,#857,#858);
#861=DIRECTION('',(7.071067811864E-1,7.071067811867E-1,0.E0));
#862=VECTOR('',#861,6.968826008092E-1);
#863=CARTESIAN_POINT('',(-9.748600933610E0,-4.927704127233E-1,-4.87E1));
#864=LINE('',#863,#862);
#865=DIRECTION('',(1.E0,1.228367484877E-14,0.E0));
#866=VECTOR('',#865,1.851166104177E1);
#867=CARTESIAN_POINT('',(-9.255830520887E0,-1.139916720471E-13,-4.87E1));
#868=LINE('',#867,#866);
#869=DIRECTION('',(7.071067811863E-1,-7.071067811868E-1,0.E0));
#870=VECTOR('',#869,6.968826008080E-1);
#871=CARTESIAN_POINT('',(9.255830520887E0,1.133995531006E-13,-4.87E1));
#872=LINE('',#871,#870);
#873=CARTESIAN_POINT('',(9.324336864897E0,-9.170344814348E-1,-4.87E1));
#874=DIRECTION('',(0.E0,0.E0,-1.E0));
#875=DIRECTION('',(7.071067811842E-1,7.071067811889E-1,0.E0));
#876=AXIS2_PLACEMENT_3D('',#873,#874,#875);
#878=CARTESIAN_POINT('',(1.272671501739E1,-4.826119826073E-1,-4.87E1));
#879=DIRECTION('',(0.E0,0.E0,1.E0));
#880=DIRECTION('',(-9.919469832399E-1,-1.266537896835E-1,0.E0));
#881=AXIS2_PLACEMENT_3D('',#878,#879,#880);
#883=CARTESIAN_POINT('',(1.229229251857E1,-3.884990135103E0,-4.87E1));
#884=DIRECTION('',(0.E0,0.E0,-1.E0));
#885=DIRECTION('',(1.266537900364E-1,9.919469831949E-1,0.E0));
#886=AXIS2_PLACEMENT_3D('',#883,#884,#885);
#888=DIRECTION('',(7.071067811865E-1,-7.071067811865E-1,0.E0));
#889=VECTOR('',#888,1.566534943386E0);
#890=CARTESIAN_POINT('',(1.271655658728E1,-3.460726066391E0,-4.87E1));
#891=LINE('',#890,#889);
#892=CARTESIAN_POINT('',(1.34E1,-4.992697616537E0,-4.87E1));
#893=DIRECTION('',(0.E0,0.E0,-1.E0));
#894=DIRECTION('',(7.071067811860E-1,7.071067811871E-1,0.E0));
#895=AXIS2_PLACEMENT_3D('',#892,#893,#894);
#897=DIRECTION('',(7.473086356769E-14,-1.E0,0.E0));
#898=VECTOR('',#897,2.020454791242E0);
#899=CARTESIAN_POINT('',(1.4E1,-4.992697616537E0,-4.87E1));
#900=LINE('',#899,#898);
#901=CARTESIAN_POINT('',(1.34E1,-7.013152407778E0,-4.87E1));
#902=DIRECTION('',(0.E0,0.E0,-1.E0));
#903=DIRECTION('',(1.E0,-6.836013236959E-12,0.E0));
#904=AXIS2_PLACEMENT_3D('',#901,#902,#903);
#906=DIRECTION('',(-7.071067811865E-1,-7.071067811865E-1,0.E0));
#907=VECTOR('',#906,1.557457975505E0);
#908=CARTESIAN_POINT('',(1.382426406871E1,-7.437416476489E0,-4.87E1));
#909=LINE('',#908,#907);
#910=CARTESIAN_POINT('',(1.229871090411E1,-8.114441503670E0,-4.87E1));
#911=DIRECTION('',(0.E0,0.E0,-1.E0));
#912=DIRECTION('',(7.071067811840E-1,-7.071067811891E-1,0.E0));
#913=AXIS2_PLACEMENT_3D('',#910,#911,#912);
#915=CARTESIAN_POINT('',(1.272671501739E1,-1.151763301739E1,-4.87E1));
#916=DIRECTION('',(0.E0,0.E0,1.E0));
#917=DIRECTION('',(-1.247825402543E-1,9.921841147931E-1,0.E0));
#918=AXIS2_PLACEMENT_3D('',#915,#916,#917);
#920=CARTESIAN_POINT('',(9.323523503670E0,-1.108962890411E1,-4.87E1));
#921=DIRECTION('',(0.E0,0.E0,-1.E0));
#922=DIRECTION('',(9.921841147490E-1,-1.247825406045E-1,0.E0));
#923=AXIS2_PLACEMENT_3D('',#920,#921,#922);
#925=DIRECTION('',(-7.071067811878E-1,-7.071067811852E-1,0.E0));
#926=VECTOR('',#925,3.018964080269E-1);
#927=CARTESIAN_POINT('',(9.747787572382E0,-1.151389297282E1,-4.87E1));
#928=LINE('',#927,#926);
#929=CARTESIAN_POINT('',(1.01E1,-1.229305139510E1,-4.87E1));
#930=DIRECTION('',(0.E0,0.E0,1.E0));
#931=DIRECTION('',(-7.071067811881E-1,7.071067811850E-1,0.E0));
#932=AXIS2_PLACEMENT_3D('',#929,#930,#931);
#934=DIRECTION('',(1.867260518309E-13,-1.E0,0.E0));
#935=VECTOR('',#934,3.234478100265E0);
#936=CARTESIAN_POINT('',(9.3E0,-1.229305139510E1,-4.87E1));
#937=LINE('',#936,#935);
#938=CARTESIAN_POINT('',(1.01E1,-1.552752949536E1,-4.87E1));
#939=DIRECTION('',(0.E0,0.E0,1.E0));
#940=DIRECTION('',(-1.E0,1.703082119775E-12,0.E0));
#941=AXIS2_PLACEMENT_3D('',#938,#939,#940);
#943=DIRECTION('',(7.071067811866E-1,-7.071067811865E-1,0.E0));
#944=VECTOR('',#943,5.525028444970E0);
#945=CARTESIAN_POINT('',(9.534314575051E0,-1.609321492031E1,-4.87E1));
#946=LINE('',#945,#944);
#947=DIRECTION('',(1.E0,0.E0,0.E0));
#948=VECTOR('',#947,1.348296632991E1);
#949=CARTESIAN_POINT('',(1.344109965474E1,-2.E1,-4.87E1));
#950=LINE('',#949,#948);
#951=DIRECTION('',(7.071067811865E-1,7.071067811865E-1,0.E0));
#952=VECTOR('',#951,2.883891163566E0);
#953=CARTESIAN_POINT('',(2.692406598465E1,-2.E1,-4.87E1));
#954=LINE('',#953,#952);
#955=DIRECTION('',(0.E0,1.E0,0.E0));
#956=VECTOR('',#955,3.1E1);
#957=CARTESIAN_POINT('',(2.896328498261E1,-1.796078100204E1,-4.87E1));
#958=LINE('',#957,#956);
#959=DIRECTION('',(-7.071067811865E-1,7.071067811865E-1,0.E0));
#960=VECTOR('',#959,2.828427124746E0);
#961=CARTESIAN_POINT('',(2.896328498261E1,1.303921899796E1,-4.87E1));
#962=LINE('',#961,#960);
#963=DIRECTION('',(-1.E0,0.E0,0.E0));
#964=VECTOR('',#963,2.17E1);
#965=CARTESIAN_POINT('',(2.696328498261E1,1.503921899796E1,-4.87E1));
#966=LINE('',#965,#964);
#967=DIRECTION('',(-7.071067811865E-1,7.071067811865E-1,0.E0));
#968=VECTOR('',#967,1.131370849898E0);
#969=CARTESIAN_POINT('',(5.263284982607E0,1.503921899796E1,-4.87E1));
#970=LINE('',#969,#968);
#971=DIRECTION('',(-1.E0,0.E0,0.E0));
#972=VECTOR('',#971,9.E0);
#973=CARTESIAN_POINT('',(4.463284982607E0,1.583921899796E1,-4.87E1));
#974=LINE('',#973,#972);
#975=DIRECTION('',(-7.071067811865E-1,-7.071067811865E-1,0.E0));
#976=VECTOR('',#975,1.131370849898E0);
#977=CARTESIAN_POINT('',(-4.536715017393E0,1.583921899796E1,-4.87E1));
#978=LINE('',#977,#976);
#979=DIRECTION('',(-1.E0,0.E0,0.E0));
#980=VECTOR('',#979,2.17E1);
#981=CARTESIAN_POINT('',(-5.336715017393E0,1.503921899796E1,-4.87E1));
#982=LINE('',#981,#980);
#983=DIRECTION('',(-7.071067811865E-1,-7.071067811865E-1,0.E0));
#984=VECTOR('',#983,2.828427124746E0);
#985=CARTESIAN_POINT('',(-2.703671501739E1,1.503921899796E1,-4.87E1));
#986=LINE('',#985,#984);
#987=DIRECTION('',(0.E0,-1.E0,0.E0));
#988=VECTOR('',#987,3.1E1);
#989=CARTESIAN_POINT('',(-2.903671501739E1,1.303921899796E1,-4.87E1));
#990=LINE('',#989,#988);
#991=DIRECTION('',(7.071067811865E-1,-7.071067811865E-1,0.E0));
#992=VECTOR('',#991,2.883891163566E0);
#993=CARTESIAN_POINT('',(-2.903671501739E1,-1.796078100204E1,4.87E1));
#994=LINE('',#993,#992);
#995=DIRECTION('',(0.E0,-1.E0,0.E0));
#996=VECTOR('',#995,3.1E1);
#997=CARTESIAN_POINT('',(-2.903671501739E1,1.303921899796E1,4.87E1));
#998=LINE('',#997,#996);
#999=DIRECTION('',(-7.071067811865E-1,-7.071067811865E-1,0.E0));
#1000=VECTOR('',#999,2.828427124746E0);
#1001=CARTESIAN_POINT('',(-2.703671501739E1,1.503921899796E1,4.87E1));
#1002=LINE('',#1001,#1000);
#1003=DIRECTION('',(-1.E0,0.E0,0.E0));
#1004=VECTOR('',#1003,2.17E1);
#1005=CARTESIAN_POINT('',(-5.336715017393E0,1.503921899796E1,4.87E1));
#1006=LINE('',#1005,#1004);
#1007=DIRECTION('',(-7.071067811865E-1,-7.071067811865E-1,0.E0));
#1008=VECTOR('',#1007,1.131370849898E0);
#1009=CARTESIAN_POINT('',(-4.536715017393E0,1.583921899796E1,4.87E1));
#1010=LINE('',#1009,#1008);
#1011=DIRECTION('',(-1.E0,0.E0,0.E0));
#1012=VECTOR('',#1011,9.E0);
#1013=CARTESIAN_POINT('',(4.463284982607E0,1.583921899796E1,4.87E1));
#1014=LINE('',#1013,#1012);
#1015=DIRECTION('',(-7.071067811865E-1,7.071067811865E-1,0.E0));
#1016=VECTOR('',#1015,1.131370849898E0);
#1017=CARTESIAN_POINT('',(5.263284982607E0,1.503921899796E1,4.87E1));
#1018=LINE('',#1017,#1016);
#1019=DIRECTION('',(-1.E0,0.E0,0.E0));
#1020=VECTOR('',#1019,2.17E1);
#1021=CARTESIAN_POINT('',(2.696328498261E1,1.503921899796E1,4.87E1));
#1022=LINE('',#1021,#1020);
#1023=DIRECTION('',(-7.071067811865E-1,7.071067811865E-1,0.E0));
#1024=VECTOR('',#1023,2.828427124746E0);
#1025=CARTESIAN_POINT('',(2.896328498261E1,1.303921899796E1,4.87E1));
#1026=LINE('',#1025,#1024);
#1027=DIRECTION('',(0.E0,1.E0,0.E0));
#1028=VECTOR('',#1027,3.1E1);
#1029=CARTESIAN_POINT('',(2.896328498261E1,-1.796078100204E1,4.87E1));
#1030=LINE('',#1029,#1028);
#1031=DIRECTION('',(7.071067811865E-1,7.071067811865E-1,0.E0));
#1032=VECTOR('',#1031,2.883891163566E0);
#1033=CARTESIAN_POINT('',(2.692406598465E1,-2.E1,4.87E1));
#1034=LINE('',#1033,#1032);
#1035=DIRECTION('',(1.E0,0.E0,0.E0));
#1036=VECTOR('',#1035,1.348296632991E1);
#1037=CARTESIAN_POINT('',(1.344109965474E1,-2.E1,4.87E1));
#1038=LINE('',#1037,#1036);
#1039=DIRECTION('',(7.071067811866E-1,-7.071067811865E-1,0.E0));
#1040=VECTOR('',#1039,5.525028444970E0);
#1041=CARTESIAN_POINT('',(9.534314575051E0,-1.609321492031E1,4.87E1));
#1042=LINE('',#1041,#1040);
#1043=CARTESIAN_POINT('',(1.01E1,-1.552752949536E1,4.87E1));
#1044=DIRECTION('',(0.E0,0.E0,1.E0));
#1045=DIRECTION('',(-1.E0,1.703082119775E-12,0.E0));
#1046=AXIS2_PLACEMENT_3D('',#1043,#1044,#1045);
#1048=DIRECTION('',(1.867260518309E-13,-1.E0,0.E0));
#1049=VECTOR('',#1048,3.234478100265E0);
#1050=CARTESIAN_POINT('',(9.3E0,-1.229305139510E1,4.87E1));
#1051=LINE('',#1050,#1049);
#1052=CARTESIAN_POINT('',(1.01E1,-1.229305139510E1,4.87E1));
#1053=DIRECTION('',(0.E0,0.E0,1.E0));
#1054=DIRECTION('',(-7.071067811881E-1,7.071067811850E-1,0.E0));
#1055=AXIS2_PLACEMENT_3D('',#1052,#1053,#1054);
#1057=DIRECTION('',(-7.071067811879E-1,-7.071067811852E-1,0.E0));
#1058=VECTOR('',#1057,3.018964080269E-1);
#1059=CARTESIAN_POINT('',(9.747787572382E0,-1.151389297282E1,4.87E1));
#1060=LINE('',#1059,#1058);
#1061=CARTESIAN_POINT('',(9.323523503670E0,-1.108962890411E1,4.87E1));
#1062=DIRECTION('',(0.E0,0.E0,-1.E0));
#1063=DIRECTION('',(9.921841147490E-1,-1.247825406045E-1,0.E0));
#1064=AXIS2_PLACEMENT_3D('',#1061,#1062,#1063);
#1066=CARTESIAN_POINT('',(1.272671501739E1,-1.151763301739E1,4.87E1));
#1067=DIRECTION('',(0.E0,0.E0,1.E0));
#1068=DIRECTION('',(-1.247825402543E-1,9.921841147931E-1,0.E0));
#1069=AXIS2_PLACEMENT_3D('',#1066,#1067,#1068);
#1071=CARTESIAN_POINT('',(1.229871090411E1,-8.114441503670E0,4.87E1));
#1072=DIRECTION('',(0.E0,0.E0,-1.E0));
#1073=DIRECTION('',(7.071067811840E-1,-7.071067811891E-1,0.E0));
#1074=AXIS2_PLACEMENT_3D('',#1071,#1072,#1073);
#1076=DIRECTION('',(-7.071067811865E-1,-7.071067811865E-1,0.E0));
#1077=VECTOR('',#1076,1.557457975505E0);
#1078=CARTESIAN_POINT('',(1.382426406871E1,-7.437416476489E0,4.87E1));
#1079=LINE('',#1078,#1077);
#1080=CARTESIAN_POINT('',(1.34E1,-7.013152407778E0,4.87E1));
#1081=DIRECTION('',(0.E0,0.E0,-1.E0));
#1082=DIRECTION('',(1.E0,-6.836013236959E-12,0.E0));
#1083=AXIS2_PLACEMENT_3D('',#1080,#1081,#1082);
#1085=DIRECTION('',(7.473086356769E-14,-1.E0,0.E0));
#1086=VECTOR('',#1085,2.020454791242E0);
#1087=CARTESIAN_POINT('',(1.4E1,-4.992697616537E0,4.87E1));
#1088=LINE('',#1087,#1086);
#1089=CARTESIAN_POINT('',(1.34E1,-4.992697616537E0,4.87E1));
#1090=DIRECTION('',(0.E0,0.E0,-1.E0));
#1091=DIRECTION('',(7.071067811860E-1,7.071067811871E-1,0.E0));
#1092=AXIS2_PLACEMENT_3D('',#1089,#1090,#1091);
#1094=DIRECTION('',(7.071067811865E-1,-7.071067811865E-1,0.E0));
#1095=VECTOR('',#1094,1.566534943386E0);
#1096=CARTESIAN_POINT('',(1.271655658728E1,-3.460726066391E0,4.87E1));
#1097=LINE('',#1096,#1095);
#1098=CARTESIAN_POINT('',(1.229229251857E1,-3.884990135103E0,4.87E1));
#1099=DIRECTION('',(0.E0,0.E0,-1.E0));
#1100=DIRECTION('',(1.266537900364E-1,9.919469831949E-1,0.E0));
#1101=AXIS2_PLACEMENT_3D('',#1098,#1099,#1100);
#1103=CARTESIAN_POINT('',(1.272671501739E1,-4.826119826073E-1,4.87E1));
#1104=DIRECTION('',(0.E0,0.E0,1.E0));
#1105=DIRECTION('',(-9.919469832399E-1,-1.266537896835E-1,0.E0));
#1106=AXIS2_PLACEMENT_3D('',#1103,#1104,#1105);
#1108=CARTESIAN_POINT('',(9.324336864897E0,-9.170344814348E-1,4.87E1));
#1109=DIRECTION('',(0.E0,0.E0,-1.E0));
#1110=DIRECTION('',(7.071067811842E-1,7.071067811889E-1,0.E0));
#1111=AXIS2_PLACEMENT_3D('',#1108,#1109,#1110);
#1113=DIRECTION('',(7.071067811863E-1,-7.071067811868E-1,0.E0));
#1114=VECTOR('',#1113,6.968826008080E-1);
#1115=CARTESIAN_POINT('',(9.255830520887E0,1.135519702634E-13,4.87E1));
#1116=LINE('',#1115,#1114);
#1117=DIRECTION('',(1.E0,1.230090456228E-14,0.E0));
#1118=VECTOR('',#1117,1.851166104177E1);
#1119=CARTESIAN_POINT('',(-9.255830520887E0,-1.141582055008E-13,4.87E1));
#1120=LINE('',#1119,#1118);
#1121=DIRECTION('',(7.071067811864E-1,7.071067811867E-1,0.E0));
#1122=VECTOR('',#1121,6.968826008092E-1);
#1123=CARTESIAN_POINT('',(-9.748600933610E0,-4.927704127233E-1,4.87E1));
#1124=LINE('',#1123,#1122);
#1125=CARTESIAN_POINT('',(-9.324336864897E0,-9.170344814344E-1,4.87E1));
#1126=DIRECTION('',(0.E0,0.E0,-1.E0));
#1127=DIRECTION('',(-9.919469831951E-1,1.266537900343E-1,0.E0));
#1128=AXIS2_PLACEMENT_3D('',#1125,#1126,#1127);
#1130=CARTESIAN_POINT('',(-1.272671501739E1,-4.826119826073E-1,4.87E1));
#1131=DIRECTION('',(0.E0,0.E0,1.E0));
#1132=DIRECTION('',(1.266537896826E-1,-9.919469832401E-1,0.E0));
#1133=AXIS2_PLACEMENT_3D('',#1130,#1131,#1132);
#1135=CARTESIAN_POINT('',(-1.229229251857E1,-3.884990135103E0,4.87E1));
#1136=DIRECTION('',(0.E0,0.E0,-1.E0));
#1137=DIRECTION('',(-7.071067811909E-1,7.071067811822E-1,0.E0));
#1138=AXIS2_PLACEMENT_3D('',#1135,#1136,#1137);
#1140=DIRECTION('',(7.071067811864E-1,7.071067811867E-1,0.E0));
#1141=VECTOR('',#1140,1.566534943384E0);
#1142=CARTESIAN_POINT('',(-1.382426406871E1,-4.568433547825E0,4.87E1));
#1143=LINE('',#1142,#1141);
#1144=CARTESIAN_POINT('',(-1.34E1,-4.992697616537E0,4.87E1));
#1145=DIRECTION('',(0.E0,0.E0,-1.E0));
#1146=DIRECTION('',(-1.E0,-4.677739677087E-12,0.E0));
#1147=AXIS2_PLACEMENT_3D('',#1144,#1145,#1146);
#1149=DIRECTION('',(0.E0,1.E0,0.E0));
#1150=VECTOR('',#1149,2.020454791239E0);
#1151=CARTESIAN_POINT('',(-1.4E1,-7.013152407777E0,4.87E1));
#1152=LINE('',#1151,#1150);
#1153=CARTESIAN_POINT('',(-1.34E1,-7.013152407778E0,4.87E1));
#1154=DIRECTION('',(0.E0,0.E0,-1.E0));
#1155=DIRECTION('',(-7.071067811853E-1,-7.071067811878E-1,0.E0));
#1156=AXIS2_PLACEMENT_3D('',#1153,#1154,#1155);
#1158=DIRECTION('',(-7.071067811864E-1,7.071067811867E-1,0.E0));
#1159=VECTOR('',#1158,1.557457975504E0);
#1160=CARTESIAN_POINT('',(-1.272297497282E1,-8.538705572382E0,4.87E1));
#1161=LINE('',#1160,#1159);
#1162=CARTESIAN_POINT('',(-1.229871090411E1,-8.114441503670E0,4.87E1));
#1163=DIRECTION('',(0.E0,0.E0,-1.E0));
#1164=DIRECTION('',(-1.247825405989E-1,-9.921841147497E-1,0.E0));
#1165=AXIS2_PLACEMENT_3D('',#1162,#1163,#1164);
#1167=CARTESIAN_POINT('',(-1.272671501739E1,-1.151763301739E1,4.87E1));
#1168=DIRECTION('',(0.E0,0.E0,1.E0));
#1169=DIRECTION('',(9.921841147931E-1,1.247825402542E-1,0.E0));
#1170=AXIS2_PLACEMENT_3D('',#1167,#1168,#1169);
#1172=CARTESIAN_POINT('',(-9.323523503670E0,-1.108962890411E1,4.87E1));
#1173=DIRECTION('',(0.E0,0.E0,-1.E0));
#1174=DIRECTION('',(-7.071067811850E-1,-7.071067811881E-1,0.E0));
#1175=AXIS2_PLACEMENT_3D('',#1172,#1173,#1174);
#1177=DIRECTION('',(-7.071067811863E-1,7.071067811868E-1,0.E0));
#1178=VECTOR('',#1177,3.018964080252E-1);
#1179=CARTESIAN_POINT('',(-9.534314575051E0,-1.172736597015E1,4.87E1));
#1180=LINE('',#1179,#1178);
#1181=CARTESIAN_POINT('',(-1.01E1,-1.229305139510E1,4.87E1));
#1182=DIRECTION('',(0.E0,0.E0,1.E0));
#1183=DIRECTION('',(1.E0,-1.589839371263E-12,0.E0));
#1184=AXIS2_PLACEMENT_3D('',#1181,#1182,#1183);
#1186=DIRECTION('',(-4.613231868764E-14,1.E0,0.E0));
#1187=VECTOR('',#1186,3.234478100265E0);
#1188=CARTESIAN_POINT('',(-9.3E0,-1.552752949537E1,4.87E1));
#1189=LINE('',#1188,#1187);
#1190=CARTESIAN_POINT('',(-1.01E1,-1.552752949536E1,4.87E1));
#1191=DIRECTION('',(0.E0,0.E0,1.E0));
#1192=DIRECTION('',(7.071067811864E-1,-7.071067811867E-1,0.E0));
#1193=AXIS2_PLACEMENT_3D('',#1190,#1191,#1192);
#1195=DIRECTION('',(7.071067811866E-1,7.071067811865E-1,0.E0));
#1196=VECTOR('',#1195,5.525028444969E0);
#1197=CARTESIAN_POINT('',(-1.344109965474E1,-2.E1,4.87E1));
#1198=LINE('',#1197,#1196);
#1199=DIRECTION('',(1.E0,0.E0,0.E0));
#1200=VECTOR('',#1199,1.355639636469E1);
#1201=CARTESIAN_POINT('',(-2.699749601943E1,-2.E1,4.87E1));
#1202=LINE('',#1201,#1200);
#1203=DIRECTION('',(2.704929251945E-1,9.627219626765E-1,0.E0));
#1204=VECTOR('',#1203,8.564831392445E-1);
#1205=CARTESIAN_POINT('',(-2.368967972696E1,9.898220598698E0,4.87E1));
#1206=LINE('',#1205,#1204);
#1207=CARTESIAN_POINT('',(-2.345800709724E1,1.072277572751E1,4.87E1));
#1208=CARTESIAN_POINT('',(-2.336334517598E1,1.100676149130E1,4.87E1));
#1209=CARTESIAN_POINT('',(-2.328362987936E1,1.117366555333E1,4.87E1));
#1210=CARTESIAN_POINT('',(-2.321682483579E1,1.122408441231E1,4.87E1));
#1212=CARTESIAN_POINT('',(-2.321682483579E1,1.122408441231E1,4.87E1));
#1213=CARTESIAN_POINT('',(-2.315160134435E1,1.127330964804E1,4.87E1));
#1214=CARTESIAN_POINT('',(-2.303950181603E1,1.130320289731E1,4.87E1));
#1215=CARTESIAN_POINT('',(-2.288256230950E1,1.131565833092E1,4.87E1));
#1217=DIRECTION('',(2.771604315310E-1,9.608236545764E-1,0.E0));
#1218=VECTOR('',#1217,1.348190621264E-1);
#1219=CARTESIAN_POINT('',(-2.288256230950E1,1.131565833092E1,4.87E1));
#1220=LINE('',#1219,#1218);
#1221=DIRECTION('',(-1.E0,0.E0,0.E0));
#1222=VECTOR('',#1221,1.437366478145E0);
#1223=CARTESIAN_POINT('',(-2.284519580007E1,1.144519567490E1,4.87E1));
#1224=LINE('',#1223,#1222);
#1225=DIRECTION('',(-2.599733619099E-1,-9.656157885501E-1,0.E0));
#1226=VECTOR('',#1225,1.341499854444E-1);
#1227=CARTESIAN_POINT('',(-2.428256227821E1,1.144519567490E1,4.87E1));
#1228=LINE('',#1227,#1226);
#1229=CARTESIAN_POINT('',(-2.431743770093E1,1.131565833092E1,4.87E1));
#1230=CARTESIAN_POINT('',(-2.408825621009E1,1.131565833092E1,4.87E1));
#1231=CARTESIAN_POINT('',(-2.396370103955E1,1.126832747459E1,4.87E1));
#1232=CARTESIAN_POINT('',(-2.394246600858E1,1.117589246161E1,4.87E1));
#1234=CARTESIAN_POINT('',(-2.394246600858E1,1.117589246161E1,4.87E1));
#1235=CARTESIAN_POINT('',(-2.392135235667E1,1.108398580551E1,4.87E1));
#1236=CARTESIAN_POINT('',(-2.393779055719E1,1.093175222779E1,4.87E1));
#1237=CARTESIAN_POINT('',(-2.399608537555E1,1.072277572751E1,4.87E1));
#1239=DIRECTION('',(-2.686954604703E-1,-9.632251811091E-1,0.E0));
#1240=VECTOR('',#1239,2.076727040941E0);
#1241=CARTESIAN_POINT('',(-2.399608537555E1,1.072277572751E1,4.87E1));
#1242=LINE('',#1241,#1240);
#1243=CARTESIAN_POINT('',(-2.455409250408E1,8.722419947386E0,4.87E1));
#1244=CARTESIAN_POINT('',(-2.462882562727E1,8.488256230950E0,4.87E1));
#1245=CARTESIAN_POINT('',(-2.469110321254E1,8.333807837218E0,4.87E1));
#1246=CARTESIAN_POINT('',(-2.474004630321E1,8.258510770597E0,4.87E1));
#1248=CARTESIAN_POINT('',(-2.474004630321E1,8.258510770597E0,4.87E1));
#1249=CARTESIAN_POINT('',(-2.478825623356E1,8.184341643006E0,4.87E1));
#1250=CARTESIAN_POINT('',(-2.488291815482E1,8.139501782134E0,4.87E1));
#1251=CARTESIAN_POINT('',(-2.502241992881E1,8.129537370056E0,4.87E1));
#1253=DIRECTION('',(-2.771606590285E-1,-9.608235889521E-1,0.E0));
#1254=VECTOR('',#1253,1.348190984749E-1);
#1255=CARTESIAN_POINT('',(-2.502241992881E1,8.129537370056E0,4.87E1));
#1256=LINE('',#1255,#1254);
#1257=DIRECTION('',(1.E0,0.E0,0.E0));
#1258=VECTOR('',#1257,1.285409281962E0);
#1259=CARTESIAN_POINT('',(-2.505978647899E1,8.E0,4.87E1));
#1260=LINE('',#1259,#1258);
#1261=DIRECTION('',(2.771603800221E-1,9.608236694347E-1,0.E0));
#1262=VECTOR('',#1261,1.348190871819E-1);
#1263=CARTESIAN_POINT('',(-2.377437719703E1,8.E0,4.87E1));
#1264=LINE('',#1263,#1262);
#1265=CARTESIAN_POINT('',(-2.373701068759E1,8.129537370056E0,4.87E1));
#1266=CARTESIAN_POINT('',(-2.396370103955E1,8.139501782134E0,4.87E1));
#1267=CARTESIAN_POINT('',(-2.408078294992E1,8.196797154844E0,4.87E1));
#1268=CARTESIAN_POINT('',(-2.408576512275E1,8.301423475176E0,4.87E1));
#1270=CARTESIAN_POINT('',(-2.408576512275E1,8.301423475176E0,4.87E1));
#1271=CARTESIAN_POINT('',(-2.409074729681E1,8.406049821526E0,4.87E1));
#1272=CARTESIAN_POINT('',(-2.406832146812E1,8.545549916394E0,4.87E1));
#1273=CARTESIAN_POINT('',(-2.401850536466E1,8.722419947386E0,4.87E1));
#1275=DIRECTION('',(2.711056792663E-1,9.625495886808E-1,0.E0));
#1276=VECTOR('',#1275,1.001565981974E0);
#1277=CARTESIAN_POINT('',(-2.401850536466E1,8.722419947386E0,4.87E1));
#1278=LINE('',#1277,#1276);
#1279=DIRECTION('',(1.E0,0.E0,0.E0));
#1280=VECTOR('',#1279,1.424911096692E0);
#1281=CARTESIAN_POINT('',(-2.374697513878E1,9.686476871371E0,4.87E1));
#1282=LINE('',#1281,#1280);
#1283=DIRECTION('',(-2.687990622506E-1,-9.631962749789E-1,0.E0));
#1284=VECTOR('',#1283,1.000893534401E0);
#1285=CARTESIAN_POINT('',(-2.232206404209E1,9.686476871371E0,4.87E1));
#1286=LINE('',#1285,#1284);
#1287=CARTESIAN_POINT('',(-2.259110328555E1,8.722419947386E0,4.87E1));
#1288=CARTESIAN_POINT('',(-2.267580065131E1,8.453380808234E0,4.87E1));
#1289=CARTESIAN_POINT('',(-2.275551605225E1,8.288967963308E0,4.87E1));
#1290=CARTESIAN_POINT('',(-2.283163129368E1,8.227826233300E0,4.87E1));
#1292=CARTESIAN_POINT('',(-2.283163129368E1,8.227826233300E0,4.87E1));
#1293=CARTESIAN_POINT('',(-2.290747338533E1,8.166903918609E0,4.87E1));
#1294=CARTESIAN_POINT('',(-2.301957291365E1,8.134519569576E0,4.87E1));
#1295=CARTESIAN_POINT('',(-2.316903916001E1,8.129537370056E0,4.87E1));
#1297=DIRECTION('',(-2.599733131120E-1,-9.656158016880E-1,0.E0));
#1298=VECTOR('',#1297,1.341500106248E-1);
#1299=CARTESIAN_POINT('',(-2.316903916001E1,8.129537370056E0,4.87E1));
#1300=LINE('',#1299,#1298);
#1301=DIRECTION('',(1.E0,0.E0,0.E0));
#1302=VECTOR('',#1301,1.442348808050E0);
#1303=CARTESIAN_POINT('',(-2.320391458273E1,8.E0,4.87E1));
#1304=LINE('',#1303,#1302);
#1305=DIRECTION('',(2.771603800221E-1,9.608236694347E-1,0.E0));
#1306=VECTOR('',#1305,1.348190871819E-1);
#1307=CARTESIAN_POINT('',(-2.176156577468E1,8.E0,4.87E1));
#1308=LINE('',#1307,#1306);
#1309=CARTESIAN_POINT('',(-2.172419926524E1,8.129537370056E0,4.87E1));
#1310=CARTESIAN_POINT('',(-2.193345201015E1,8.137010682374E0,4.87E1));
#1311=CARTESIAN_POINT('',(-2.205800718069E1,8.176868330687E0,4.87E1));
#1312=CARTESIAN_POINT('',(-2.209942772718E1,8.247157846038E0,4.87E1));
#1314=CARTESIAN_POINT('',(-2.209942772718E1,8.247157846038E0,4.87E1));
#1315=CARTESIAN_POINT('',(-2.214021345973E1,8.316370099783E0,4.87E1));
#1316=CARTESIAN_POINT('',(-2.212531301801E1,8.473322512911E0,4.87E1));
#1317=CARTESIAN_POINT('',(-2.205551609397E1,8.722419947386E0,4.87E1));
#1319=DIRECTION('',(2.698078680968E-1,9.629141780621E-1,0.E0));
#1320=VECTOR('',#1319,2.077397784453E0);
#1321=CARTESIAN_POINT('',(-2.205551609397E1,8.722419947386E0,4.87E1));
#1322=LINE('',#1321,#1320);
#1323=CARTESIAN_POINT('',(-2.149501782656E1,1.072277572751E1,4.87E1));
#1324=CARTESIAN_POINT('',(-2.141032046080E1,1.099928823113E1,4.87E1));
#1325=CARTESIAN_POINT('',(-2.133807832003E1,1.116619208455E1,4.87E1));
#1326=CARTESIAN_POINT('',(-2.128081072236E1,1.122600500115E1,4.87E1));
#1328=CARTESIAN_POINT('',(-2.128081072236E1,1.122600500115E1,4.87E1));
#1329=CARTESIAN_POINT('',(-2.122597879171E1,1.128327399492E1,4.87E1));
#1330=CARTESIAN_POINT('',(-2.114626318216E1,1.131316724420E1,4.87E1));
#1331=CARTESIAN_POINT('',(-2.104412800074E1,1.131565833092E1,4.87E1));
#1333=DIRECTION('',(2.771604315310E-1,9.608236545764E-1,0.E0));
#1334=VECTOR('',#1333,1.348190621264E-1);
#1335=CARTESIAN_POINT('',(-2.104412800074E1,1.131565833092E1,4.87E1));
#1336=LINE('',#1335,#1334);
#1337=DIRECTION('',(-1.E0,0.E0,0.E0));
#1338=VECTOR('',#1337,1.270462781191E0);
#1339=CARTESIAN_POINT('',(-2.100676149130E1,1.144519567490E1,4.87E1));
#1340=LINE('',#1339,#1338);
#1341=DIRECTION('',(-2.599733619099E-1,-9.656157885501E-1,0.E0));
#1342=VECTOR('',#1341,1.341499854444E-1);
#1343=CARTESIAN_POINT('',(-2.227722427249E1,1.144519567490E1,4.87E1));
#1344=LINE('',#1343,#1342);
#1345=CARTESIAN_POINT('',(-2.231209969521E1,1.131565833092E1,4.87E1));
#1346=CARTESIAN_POINT('',(-2.212028476596E1,1.131565833092E1,4.87E1));
#1347=CARTESIAN_POINT('',(-2.201067611575E1,1.127081856132E1,4.87E1));
#1348=CARTESIAN_POINT('',(-2.198327395320E1,1.118612098694E1,4.87E1));
#1350=CARTESIAN_POINT('',(-2.198327395320E1,1.118612098694E1,4.87E1));
#1351=CARTESIAN_POINT('',(-2.195587179065E1,1.110142341256E1,4.87E1));
#1352=CARTESIAN_POINT('',(-2.197095883033E1,1.094633488089E1,4.87E1));
#1353=CARTESIAN_POINT('',(-2.203309610486E1,1.072277572751E1,4.87E1));
#1355=DIRECTION('',(-2.677939367029E-1,-9.634762101190E-1,0.E0));
#1356=VECTOR('',#1355,8.558126502272E-1);
#1357=CARTESIAN_POINT('',(-2.203309610486E1,1.072277572751E1,4.87E1));
#1358=LINE('',#1357,#1356);
#1359=DIRECTION('',(-1.E0,0.E0,0.E0));
#1360=VECTOR('',#1359,1.427402183414E0);
#1361=CARTESIAN_POINT('',(-2.226227754354E1,9.898220598698E0,4.87E1));
#1362=LINE('',#1361,#1360);
#1363=DIRECTION('',(1.E0,0.E0,0.E0));
#1364=VECTOR('',#1363,1.292882561684E0);
#1365=CARTESIAN_POINT('',(-2.140782916546E1,8.E0,4.87E1));
#1366=LINE('',#1365,#1364);
#1367=DIRECTION('',(2.771603800221E-1,9.608236694347E-1,0.E0));
#1368=VECTOR('',#1367,1.348190871819E-1);
#1369=CARTESIAN_POINT('',(-2.011494660378E1,8.E0,4.87E1));
#1370=LINE('',#1369,#1368);
#1371=CARTESIAN_POINT('',(-2.007758009434E1,8.129537370056E0,4.87E1));
#1372=CARTESIAN_POINT('',(-2.026441264153E1,8.139501782134E0,4.87E1));
#1373=CARTESIAN_POINT('',(-2.037402129173E1,8.186832742766E0,4.87E1));
#1374=CARTESIAN_POINT('',(-2.040669735567E1,8.274806779783E0,4.87E1));
#1376=CARTESIAN_POINT('',(-2.040669735567E1,8.274806779783E0,4.87E1));
#1377=CARTESIAN_POINT('',(-2.043878996372E1,8.361209973693E0,4.87E1));
#1378=CARTESIAN_POINT('',(-2.042591200295E1,8.510557380288E0,4.87E1));
#1379=CARTESIAN_POINT('',(-2.036654824018E1,8.722419947386E0,4.87E1));
#1381=DIRECTION('',(2.698079612083E-1,9.629141519723E-1,0.E0));
#1382=VECTOR('',#1381,2.077397840739E0);
#1383=CARTESIAN_POINT('',(-2.036654824018E1,8.722419947386E0,4.87E1));
#1384=LINE('',#1383,#1382);
#1385=CARTESIAN_POINT('',(-1.980604976416E1,1.072277572751E1,4.87E1));
#1386=CARTESIAN_POINT('',(-1.973380762339E1,1.099181497097E1,4.87E1));
#1387=CARTESIAN_POINT('',(-1.966405677795E1,1.115373665094E1,4.87E1));
#1388=CARTESIAN_POINT('',(-1.959867574019E1,1.121031645186E1,4.87E1));
#1390=CARTESIAN_POINT('',(-1.959867574019E1,1.121031645186E1,4.87E1));
#1391=CARTESIAN_POINT('',(-1.953451943398E1,1.126583638787E1,4.87E1));
#1392=CARTESIAN_POINT('',(-1.944234859943E1,1.130071181059E1,4.87E1));
#1393=CARTESIAN_POINT('',(-1.933024907112E1,1.131565833092E1,4.87E1));
#1395=DIRECTION('',(2.771604315310E-1,9.608236545764E-1,0.E0));
#1396=VECTOR('',#1395,1.348190621264E-1);
#1397=CARTESIAN_POINT('',(-1.933024907112E1,1.131565833092E1,4.87E1));
#1398=LINE('',#1397,#1396);
#1399=DIRECTION('',(-1.E0,0.E0,0.E0));
#1400=VECTOR('',#1399,1.337722539902E0);
#1401=CARTESIAN_POINT('',(-1.929288256168E1,1.144519567490E1,4.87E1));
#1402=LINE('',#1401,#1400);
#1403=DIRECTION('',(-2.599719119149E-1,-9.656161789320E-1,0.E0));
#1404=VECTOR('',#1403,1.341499312099E-1);
#1405=CARTESIAN_POINT('',(-2.063060510159E1,1.144519567490E1,4.87E1));
#1406=LINE('',#1405,#1404);
#1407=CARTESIAN_POINT('',(-2.066548031569E1,1.131565833092E1,4.87E1));
#1408=CARTESIAN_POINT('',(-2.047117429972E1,1.129822072387E1,4.87E1));
#1409=CARTESIAN_POINT('',(-2.035409259796E1,1.124839857221E1,4.87E1));
#1410=CARTESIAN_POINT('',(-2.031526894271E1,1.116323717162E1,4.87E1));
#1412=CARTESIAN_POINT('',(-2.031526894271E1,1.116323717162E1,4.87E1));
#1413=CARTESIAN_POINT('',(-2.027686828375E1,1.107900363207E1,4.87E1));
#1414=CARTESIAN_POINT('',(-2.028583340546E1,1.093175230598E1,4.87E1));
#1415=CARTESIAN_POINT('',(-2.034412825108E1,1.072277572751E1,4.87E1));
#1417=DIRECTION('',(-2.686954837707E-1,-9.632251746094E-1,0.E0));
#1418=VECTOR('',#1417,2.076727054955E0);
#1419=CARTESIAN_POINT('',(-2.034412825108E1,1.072277572751E1,4.87E1));
#1420=LINE('',#1419,#1418);
#1421=CARTESIAN_POINT('',(-2.090213543177E1,8.722419947386E0,4.87E1));
#1422=CARTESIAN_POINT('',(-2.096939498186E1,8.498220629990E0,4.87E1));
#1423=CARTESIAN_POINT('',(-2.102669018507E1,8.346263349056E0,4.87E1));
#1424=CARTESIAN_POINT('',(-2.107563345149E1,8.270966325318E0,4.87E1));
#1426=CARTESIAN_POINT('',(-2.107563345149E1,8.270966325318E0,4.87E1));
#1427=CARTESIAN_POINT('',(-2.112384361029E1,8.196797154844E0,4.87E1));
#1428=CARTESIAN_POINT('',(-2.122348749638E1,8.149466194212E0,4.87E1));
#1429=CARTESIAN_POINT('',(-2.137046265602E1,8.129537370056E0,4.87E1));
#1431=DIRECTION('',(-2.771603800221E-1,-9.608236694347E-1,0.E0));
#1432=VECTOR('',#1431,1.348190871819E-1);
#1433=CARTESIAN_POINT('',(-2.137046265602E1,8.129537370056E0,4.87E1));
#1434=LINE('',#1433,#1432);
#1435=DIRECTION('',(-1.098055382901E-1,9.939530893160E-1,0.E0));
#1436=VECTOR('',#1435,1.746862142384E0);
#1437=CARTESIAN_POINT('',(-1.807971519232E1,9.026334509254E0,4.87E1));
#1438=LINE('',#1437,#1436);
#1439=CARTESIAN_POINT('',(-1.827153033018E1,1.076263353229E1,4.87E1));
#1440=CARTESIAN_POINT('',(-1.828149467707E1,1.083736655116E1,4.87E1));
#1441=CARTESIAN_POINT('',(-1.828896814585E1,1.089715304971E1,4.87E1));
#1442=CARTESIAN_POINT('',(-1.829145922652E1,1.094448389537E1,4.87E1));
#1444=CARTESIAN_POINT('',(-1.829145922652E1,1.094448389537E1,4.87E1));
#1445=CARTESIAN_POINT('',(-1.829395031929E1,1.099181497097E1,4.87E1));
#1446=CARTESIAN_POINT('',(-1.829395031929E1,1.103167256713E1,4.87E1));
#1447=CARTESIAN_POINT('',(-1.829395031929E1,1.106654798985E1,4.87E1));
#1449=CARTESIAN_POINT('',(-1.829395031929E1,1.106654798985E1,4.87E1));
#1450=CARTESIAN_POINT('',(-1.829395031929E1,1.115373665094E1,4.87E1));
#1451=CARTESIAN_POINT('',(-1.826156598330E1,1.121601423621E1,4.87E1));
#1452=CARTESIAN_POINT('',(-1.819625605080E1,1.125494896321E1,4.87E1));
#1454=CARTESIAN_POINT('',(-1.819625605080E1,1.125494896321E1,4.87E1));
#1455=CARTESIAN_POINT('',(-1.813202863932E1,1.129323834181E1,4.87E1));
#1456=CARTESIAN_POINT('',(-1.805480432510E1,1.131316724420E1,4.87E1));
#1457=CARTESIAN_POINT('',(-1.796512436867E1,1.131565833092E1,4.87E1));
#1459=DIRECTION('',(2.771604315310E-1,9.608236545764E-1,0.E0));
#1460=VECTOR('',#1459,1.348190621264E-1);
#1461=CARTESIAN_POINT('',(-1.796512436867E1,1.131565833092E1,4.87E1));
#1462=LINE('',#1461,#1460);
#1463=DIRECTION('',(-1.E0,0.E0,0.E0));
#1464=VECTOR('',#1463,1.258007347584E0);
#1465=CARTESIAN_POINT('',(-1.792775785923E1,1.144519567490E1,4.87E1));
#1466=LINE('',#1465,#1464);
#1467=DIRECTION('',(-2.771604315310E-1,-9.608236545764E-1,0.E0));
#1468=VECTOR('',#1467,1.348190621264E-1);
#1469=CARTESIAN_POINT('',(-1.918576520681E1,1.144519567490E1,4.87E1));
#1470=LINE('',#1469,#1468);
#1471=CARTESIAN_POINT('',(-1.922313171625E1,1.131565833092E1,4.87E1));
#1472=CARTESIAN_POINT('',(-1.908861219883E1,1.131565833092E1,4.87E1));
#1473=CARTESIAN_POINT('',(-1.898647701740E1,1.129323834181E1,4.87E1));
#1474=CARTESIAN_POINT('',(-1.892170834541E1,1.125338074565E1,4.87E1));
#1476=CARTESIAN_POINT('',(-1.892170834541E1,1.125338074565E1,4.87E1));
#1477=CARTESIAN_POINT('',(-1.885693967342E1,1.121352314949E1,4.87E1));
#1478=CARTESIAN_POINT('',(-1.880394449304E1,1.104947885738E1,4.87E1));
#1479=CARTESIAN_POINT('',(-1.877224189043E1,1.076263353229E1,4.87E1));
#1481=DIRECTION('',(1.098527039619E-1,-9.939478776235E-1,0.E0));
#1482=VECTOR('',#1481,2.834593109622E0);
#1483=CARTESIAN_POINT('',(-1.877224189043E1,1.076263353229E1,4.87E1));
#1484=LINE('',#1483,#1482);
#1485=DIRECTION('',(1.E0,0.E0,0.E0));
#1486=VECTOR('',#1485,1.021351814270E-1);
#1487=CARTESIAN_POINT('',(-1.846085417271E1,7.945195727050E0,4.87E1));
#1488=LINE('',#1487,#1486);
#1489=DIRECTION('',(4.658672653912E-1,8.848546157629E-1,0.E0));
#1490=VECTOR('',#1489,2.550633174781E0);
#1491=CARTESIAN_POINT('',(-1.835871899128E1,7.945195727050E0,4.87E1));
#1492=LINE('',#1491,#1490);
#1493=DIRECTION('',(1.323784703237E-1,-9.911992436411E-1,0.E0));
#1494=VECTOR('',#1493,2.276978672353E0);
#1495=CARTESIAN_POINT('',(-1.717046248913E1,1.020213526487E1,4.87E1));
#1496=LINE('',#1495,#1494);
#1497=DIRECTION('',(1.E0,0.E0,0.E0));
#1498=VECTOR('',#1497,1.021360158920E-1);
#1499=CARTESIAN_POINT('',(-1.686903953552E1,7.945195727050E0,4.87E1));
#1500=LINE('',#1499,#1498);
#1501=DIRECTION('',(4.472135750346E-1,8.944272012326E-1,0.E0));
#1502=VECTOR('',#1501,3.058081545161E0);
#1503=CARTESIAN_POINT('',(-1.676690351963E1,7.945195727050E0,4.87E1));
#1504=LINE('',#1503,#1502);
#1505=CARTESIAN_POINT('',(-1.539928793907E1,1.068042704463E1,4.87E1));
#1506=CARTESIAN_POINT('',(-1.530213534832E1,1.087473306060E1,4.87E1));
#1507=CARTESIAN_POINT('',(-1.522241973877E1,1.101921713352E1,4.87E1));
#1508=CARTESIAN_POINT('',(-1.516048412595E1,1.111907263243E1,4.87E1));
#1510=CARTESIAN_POINT('',(-1.516048412595E1,1.111907263243E1,4.87E1));
#1511=CARTESIAN_POINT('',(-1.510035586357E1,1.121601423621E1,4.87E1));
#1512=CARTESIAN_POINT('',(-1.500071156025E1,1.128078290820E1,4.87E1));
#1513=CARTESIAN_POINT('',(-1.486619246006E1,1.131565833092E1,4.87E1));
#1515=DIRECTION('',(2.771604315310E-1,9.608236545764E-1,0.E0));
#1516=VECTOR('',#1515,1.348190621264E-1);
#1517=CARTESIAN_POINT('',(-1.486619246006E1,1.131565833092E1,4.87E1));
#1518=LINE('',#1517,#1516);
#1519=DIRECTION('',(-1.E0,0.E0,0.E0));
#1520=VECTOR('',#1519,1.006405711174E0);
#1521=CARTESIAN_POINT('',(-1.482882595062E1,1.144519567490E1,4.87E1));
#1522=LINE('',#1521,#1520);
#1523=DIRECTION('',(-2.248581314181E-1,-9.743915130660E-1,0.E0));
#1524=VECTOR('',#1523,1.329417818627E-1);
#1525=CARTESIAN_POINT('',(-1.583523166180E1,1.144519567490E1,4.87E1));
#1526=LINE('',#1525,#1524);
#1527=CARTESIAN_POINT('',(-1.586512470245E1,1.131565833092E1,4.87E1));
#1528=CARTESIAN_POINT('',(-1.574804258347E1,1.131565833092E1,4.87E1));
#1529=CARTESIAN_POINT('',(-1.566085433960E1,1.130071181059E1,4.87E1));
#1530=CARTESIAN_POINT('',(-1.560132730591E1,1.127031508610E1,4.87E1));
#1532=CARTESIAN_POINT('',(-1.560132730591E1,1.127031508610E1,4.87E1));
#1533=CARTESIAN_POINT('',(-1.554377222061E1,1.124092531204E1,4.87E1));
#1534=CARTESIAN_POINT('',(-1.551387917995E1,1.118612098694E1,4.87E1));
#1535=CARTESIAN_POINT('',(-1.551387917995E1,1.111138796806E1,4.87E1));
#1537=CARTESIAN_POINT('',(-1.551387917995E1,1.111138796806E1,4.87E1));
#1538=CARTESIAN_POINT('',(-1.551387917995E1,1.107153016329E1,4.87E1));
#1539=CARTESIAN_POINT('',(-1.552384352684E1,1.102419930696E1,4.87E1));
#1540=CARTESIAN_POINT('',(-1.554334976646E1,1.097421426165E1,4.87E1));
#1542=CARTESIAN_POINT('',(-1.554334976646E1,1.097421426165E1,4.87E1));
#1543=CARTESIAN_POINT('',(-1.556370091438E1,1.092206412554E1,4.87E1));
#1544=CARTESIAN_POINT('',(-1.561886560876E1,1.080017979765E1,4.87E1));
#1545=CARTESIAN_POINT('',(-1.571316695213E1,1.061067619920E1,4.87E1));
#1547=DIRECTION('',(-4.455103050688E-1,-8.952768108677E-1,0.E0));
#1548=VECTOR('',#1547,1.755754346531E0);
#1549=CARTESIAN_POINT('',(-1.571316695213E1,1.061067619920E1,4.87E1));
#1550=LINE('',#1549,#1548);
#1551=DIRECTION('',(-1.436790752877E-1,9.896243344444E-1,0.E0));
#1552=VECTOR('',#1551,1.699124137408E0);
#1553=CARTESIAN_POINT('',(-1.649537360668E1,9.038790047169E0,4.87E1));
#1554=LINE('',#1553,#1552);
#1555=CARTESIAN_POINT('',(-1.673950219154E1,1.072028464079E1,4.87E1));
#1556=CARTESIAN_POINT('',(-1.675444829464E1,1.082242003083E1,4.87E1));
#1557=CARTESIAN_POINT('',(-1.676441264153E1,1.089715304971E1,4.87E1));
#1558=CARTESIAN_POINT('',(-1.676952788432E1,1.094446936685E1,4.87E1));
#1560=CARTESIAN_POINT('',(-1.676952788432E1,1.094446936685E1,4.87E1));
#1561=CARTESIAN_POINT('',(-1.677437698841E1,1.098932388425E1,4.87E1));
#1562=CARTESIAN_POINT('',(-1.677686870098E1,1.102918148041E1,4.87E1));
#1563=CARTESIAN_POINT('',(-1.677686870098E1,1.105907472968E1,4.87E1));
#1565=CARTESIAN_POINT('',(-1.677686870098E1,1.105907472968E1,4.87E1));
#1566=CARTESIAN_POINT('',(-1.677686870098E1,1.113380774856E1,4.87E1));
#1567=CARTESIAN_POINT('',(-1.675943088531E1,1.118861207366E1,4.87E1));
#1568=CARTESIAN_POINT('',(-1.672210724936E1,1.122850973117E1,4.87E1));
#1570=CARTESIAN_POINT('',(-1.672210724936E1,1.122850973117E1,4.87E1));
#1571=CARTESIAN_POINT('',(-1.668718874454E1,1.126583638787E1,4.87E1));
#1572=CARTESIAN_POINT('',(-1.659501791E1,1.129572963715E1,4.87E1));
#1573=CARTESIAN_POINT('',(-1.644555187225E1,1.131565833092E1,4.87E1));
#1575=DIRECTION('',(2.771604315310E-1,9.608236545764E-1,0.E0));
#1576=VECTOR('',#1575,1.348190621264E-1);
#1577=CARTESIAN_POINT('',(-1.644555187225E1,1.131565833092E1,4.87E1));
#1578=LINE('',#1577,#1576);
#1579=DIRECTION('',(-1.E0,0.E0,0.E0));
#1580=VECTOR('',#1579,1.258006930351E0);
#1581=CARTESIAN_POINT('',(-1.640818536282E1,1.144519567490E1,4.87E1));
#1582=LINE('',#1581,#1580);
#1583=DIRECTION('',(-2.771604315310E-1,-9.608236545764E-1,0.E0));
#1584=VECTOR('',#1583,1.348190621264E-1);
#1585=CARTESIAN_POINT('',(-1.766619229317E1,1.144519567490E1,4.87E1));
#1586=LINE('',#1585,#1584);
#1587=CARTESIAN_POINT('',(-1.770355880260E1,1.131565833092E1,4.87E1));
#1588=CARTESIAN_POINT('',(-1.757402145863E1,1.131565833092E1,4.87E1));
#1589=CARTESIAN_POINT('',(-1.747686803341E1,1.129323834181E1,4.87E1));
#1590=CARTESIAN_POINT('',(-1.740711748320E1,1.124839876199E1,4.87E1));
#1592=CARTESIAN_POINT('',(-1.740711748320E1,1.124839876199E1,4.87E1));
#1593=CARTESIAN_POINT('',(-1.733736634254E1,1.120355880260E1,4.87E1));
#1594=CARTESIAN_POINT('',(-1.728932554395E1,1.110683665417E1,4.87E1));
#1595=CARTESIAN_POINT('',(-1.727010679245E1,1.095195737481E1,4.87E1));
#1597=DIRECTION('',(1.231441272123E-1,-9.923887967592E-1,0.E0));
#1598=VECTOR('',#1597,3.438986581952E-1);
#1599=CARTESIAN_POINT('',(-1.727010679245E1,1.095195737481E1,4.87E1));
#1600=LINE('',#1599,#1598);
#1601=DIRECTION('',(-4.736043422318E-1,-8.807377174955E-1,0.E0));
#1602=VECTOR('',#1601,1.798880255122E0);
#1603=CARTESIAN_POINT('',(-1.722775769234E1,1.061067619920E1,4.87E1));
#1604=LINE('',#1603,#1602);
#1605=DIRECTION('',(1.E0,0.E0,0.E0));
#1606=VECTOR('',#1605,1.292882561684E0);
#1607=CARTESIAN_POINT('',(-1.548149442673E1,8.E0,4.87E1));
#1608=LINE('',#1607,#1606);
#1609=DIRECTION('',(2.771603800221E-1,9.608236694347E-1,0.E0));
#1610=VECTOR('',#1609,1.348190871819E-1);
#1611=CARTESIAN_POINT('',(-1.418861186504E1,8.E0,4.87E1));
#1612=LINE('',#1611,#1610);
#1613=CARTESIAN_POINT('',(-1.415124535561E1,8.129537370056E0,4.87E1));
#1614=CARTESIAN_POINT('',(-1.433807790279E1,8.139501782134E0,4.87E1));
#1615=CARTESIAN_POINT('',(-1.444768655300E1,8.186832742766E0,4.87E1));
#1616=CARTESIAN_POINT('',(-1.448036261694E1,8.274806779783E0,4.87E1));
#1618=CARTESIAN_POINT('',(-1.448036261694E1,8.274806779783E0,4.87E1));
#1619=CARTESIAN_POINT('',(-1.451245522499E1,8.361209973693E0,4.87E1));
#1620=CARTESIAN_POINT('',(-1.449957768146E1,8.510557380288E0,4.87E1));
#1621=CARTESIAN_POINT('',(-1.444021391869E1,8.722419947386E0,4.87E1));
#1623=DIRECTION('',(2.698079612083E-1,9.629141519723E-1,0.E0));
#1624=VECTOR('',#1623,2.077397840739E0);
#1625=CARTESIAN_POINT('',(-1.444021391869E1,8.722419947386E0,4.87E1));
#1626=LINE('',#1625,#1624);
#1627=CARTESIAN_POINT('',(-1.387971544266E1,1.072277572751E1,4.87E1));
#1628=CARTESIAN_POINT('',(-1.380747330189E1,1.099181497097E1,4.87E1));
#1629=CARTESIAN_POINT('',(-1.373772203922E1,1.115373665094E1,4.87E1));
#1630=CARTESIAN_POINT('',(-1.367234100146E1,1.121031645186E1,4.87E1));
#1632=CARTESIAN_POINT('',(-1.367234100146E1,1.121031645186E1,4.87E1));
#1633=CARTESIAN_POINT('',(-1.360818469524E1,1.126583638787E1,4.87E1));
#1634=CARTESIAN_POINT('',(-1.351601386070E1,1.130071181059E1,4.87E1));
#1635=CARTESIAN_POINT('',(-1.340391433239E1,1.131565833092E1,4.87E1));
#1637=DIRECTION('',(2.771604315310E-1,9.608236545764E-1,0.E0));
#1638=VECTOR('',#1637,1.348190621264E-1);
#1639=CARTESIAN_POINT('',(-1.340391433239E1,1.131565833092E1,4.87E1));
#1640=LINE('',#1639,#1638);
#1641=DIRECTION('',(-1.E0,0.E0,0.E0));
#1642=VECTOR('',#1641,1.337722539902E0);
#1643=CARTESIAN_POINT('',(-1.336654782295E1,1.144519567490E1,4.87E1));
#1644=LINE('',#1643,#1642);
#1645=DIRECTION('',(-2.599748119031E-1,-9.656153981663E-1,0.E0));
#1646=VECTOR('',#1645,1.341500396792E-1);
#1647=CARTESIAN_POINT('',(-1.470427036285E1,1.144519567490E1,4.87E1));
#1648=LINE('',#1647,#1646);
#1649=CARTESIAN_POINT('',(-1.473914599419E1,1.131565833092E1,4.87E1));
#1650=CARTESIAN_POINT('',(-1.454483997822E1,1.129822072387E1,4.87E1));
#1651=CARTESIAN_POINT('',(-1.442775785923E1,1.124839857221E1,4.87E1));
#1652=CARTESIAN_POINT('',(-1.438893444944E1,1.116323724993E1,4.87E1));
#1654=CARTESIAN_POINT('',(-1.438893444944E1,1.116323724993E1,4.87E1));
#1655=CARTESIAN_POINT('',(-1.435053396225E1,1.107900363207E1,4.87E1));
#1656=CARTESIAN_POINT('',(-1.435949865589E1,1.093175218857E1,4.87E1));
#1657=CARTESIAN_POINT('',(-1.441779351234E1,1.072277572751E1,4.87E1));
#1659=DIRECTION('',(-2.686956701743E-1,-9.632251226113E-1,0.E0));
#1660=VECTOR('',#1659,2.076727167063E0);
#1661=CARTESIAN_POINT('',(-1.441779351234E1,1.072277572751E1,4.87E1));
#1662=LINE('',#1661,#1660);
#1663=CARTESIAN_POINT('',(-1.497580111027E1,8.722419947386E0,4.87E1));
#1664=CARTESIAN_POINT('',(-1.504306066036E1,8.498220629990E0,4.87E1));
#1665=CARTESIAN_POINT('',(-1.510035586357E1,8.346263349056E0,4.87E1));
#1666=CARTESIAN_POINT('',(-1.514929900833E1,8.270966512494E0,4.87E1));
#1668=CARTESIAN_POINT('',(-1.514929900833E1,8.270966512494E0,4.87E1));
#1669=CARTESIAN_POINT('',(-1.519750928879E1,8.196797154844E0,4.87E1));
#1670=CARTESIAN_POINT('',(-1.529715275764E1,8.149466194212E0,4.87E1));
#1671=CARTESIAN_POINT('',(-1.544412791729E1,8.129537370056E0,4.87E1));
#1673=DIRECTION('',(-2.771603800221E-1,-9.608236694347E-1,0.E0));
#1674=VECTOR('',#1673,1.348190871819E-1);
#1675=CARTESIAN_POINT('',(-1.544412791729E1,8.129537370056E0,4.87E1));
#1676=LINE('',#1675,#1674);
#1677=DIRECTION('',(1.E0,0.E0,0.E0));
#1678=VECTOR('',#1677,1.043772220612E0);
#1679=CARTESIAN_POINT('',(-1.376263332367E1,8.E0,4.87E1));
#1680=LINE('',#1679,#1678);
#1681=DIRECTION('',(2.771603800221E-1,9.608236694347E-1,0.E0));
#1682=VECTOR('',#1681,1.348190871819E-1);
#1683=CARTESIAN_POINT('',(-1.271886110306E1,8.E0,4.87E1));
#1684=LINE('',#1683,#1682);
#1685=CARTESIAN_POINT('',(-1.268149459362E1,8.129537370056E0,4.87E1));
#1686=CARTESIAN_POINT('',(-1.287330973148E1,8.141992881894E0,4.87E1));
#1687=CARTESIAN_POINT('',(-1.299039185047E1,8.176868330687E0,4.87E1));
#1688=CARTESIAN_POINT('',(-1.303024923801E1,8.231672603637E0,4.87E1));
#1690=CARTESIAN_POINT('',(-1.303024923801E1,8.231672603637E0,4.87E1));
#1691=CARTESIAN_POINT('',(-1.307010662556E1,8.286476876587E0,4.87E1));
#1692=CARTESIAN_POINT('',(-1.305616372059E1,8.451167777339E0,4.87E1));
#1693=CARTESIAN_POINT('',(-1.298042666912E1,8.722419947386E0,4.87E1));
#1695=DIRECTION('',(2.689266879069E-1,9.631606493890E-1,0.E0));
#1696=VECTOR('',#1695,2.102730066101E0);
#1697=CARTESIAN_POINT('',(-1.298042666912E1,8.722419947386E0,4.87E1));
#1698=LINE('',#1697,#1696);
#1699=DIRECTION('',(3.896666060218E-1,-9.209559903445E-1,0.E0));
#1700=VECTOR('',#1699,3.043023885693E0);
#1701=CARTESIAN_POINT('',(-1.241494643688E1,1.074768680334E1,4.87E1));
#1702=LINE('',#1701,#1700);
#1703=DIRECTION('',(1.E0,0.E0,0.E0));
#1704=VECTOR('',#1703,1.419934034348E-1);
#1705=CARTESIAN_POINT('',(-1.122918164730E1,7.945195727050E0,4.87E1));
#1706=LINE('',#1705,#1704);
#1707=DIRECTION('',(2.689039285189E-1,9.631670038094E-1,0.E0));
#1708=VECTOR('',#1707,2.038057179477E0);
#1709=CARTESIAN_POINT('',(-1.108718824387E1,7.945195727050E0,4.87E1));
#1710=LINE('',#1709,#1708);
#1711=CARTESIAN_POINT('',(-1.053914666176E1,9.908185154200E0,4.87E1));
#1712=CARTESIAN_POINT('',(-1.031743764877E1,1.069039139152E1,4.87E1));
#1713=CARTESIAN_POINT('',(-1.017046332359E1,1.112135231495E1,4.87E1));
#1714=CARTESIAN_POINT('',(-1.010003962738E1,1.119795280775E1,4.87E1));
#1716=CARTESIAN_POINT('',(-1.010003962738E1,1.119795280775E1,4.87E1));
#1717=CARTESIAN_POINT('',(-1.002846908569E1,1.127580073476E1,4.87E1));
#1718=CARTESIAN_POINT('',(-9.938790798187E0,1.131565833092E1,4.87E1));
#1719=CARTESIAN_POINT('',(-9.829182147980E0,1.131565833092E1,4.87E1));
#1721=DIRECTION('',(2.771661455686E-1,9.608220062793E-1,0.E0));
#1722=VECTOR('',#1721,1.348192934095E-1);
#1723=CARTESIAN_POINT('',(-9.829182147980E0,1.131565833092E1,4.87E1));
#1724=LINE('',#1723,#1722);
#1725=DIRECTION('',(-1.E0,0.E0,0.E0));
#1726=VECTOR('',#1725,1.061210870743E0);
#1727=CARTESIAN_POINT('',(-9.791814804077E0,1.144519567490E1,4.87E1));
#1728=LINE('',#1727,#1726);
#1729=DIRECTION('',(-2.599632119081E-1,-9.656185211844E-1,0.E0));
#1730=VECTOR('',#1729,1.341496058091E-1);
#1731=CARTESIAN_POINT('',(-1.085302567482E1,1.144519567490E1,4.87E1));
#1732=LINE('',#1731,#1730);
#1733=CARTESIAN_POINT('',(-1.088789963722E1,1.131565833092E1,4.87E1));
#1734=CARTESIAN_POINT('',(-1.066868400574E1,1.130569398403E1,4.87E1));
#1735=CARTESIAN_POINT('',(-1.054661846161E1,1.126334509254E1,4.87E1));
#1736=CARTESIAN_POINT('',(-1.051781481068E1,1.118820389330E1,4.87E1));
#1738=CARTESIAN_POINT('',(-1.051781481068E1,1.118820389330E1,4.87E1));
#1739=CARTESIAN_POINT('',(-1.048932409286E1,1.111387905478E1,4.87E1));
#1740=CARTESIAN_POINT('',(-1.049766374822E1,1.095515255885E1,4.87E1));
#1741=CARTESIAN_POINT('',(-1.056405711174E1,1.072277572751E1,4.87E1));
#1743=DIRECTION('',(-2.747210633992E-1,-9.615239660689E-1,0.E0));
#1744=VECTOR('',#1743,1.922363419341E0);
#1745=CARTESIAN_POINT('',(-1.056405711174E1,1.072277572751E1,4.87E1));
#1746=LINE('',#1745,#1744);
#1747=DIRECTION('',(-3.784931966668E-1,9.256040730663E-1,0.E0));
#1748=VECTOR('',#1747,2.777449366726E0);
#1749=CARTESIAN_POINT('',(-1.109217083454E1,8.874377228320E0,4.87E1));
#1750=LINE('',#1749,#1748);
#1751=DIRECTION('',(-1.E0,0.E0,0.E0));
#1752=VECTOR('',#1751,8.419927358627E-1);
#1753=CARTESIAN_POINT('',(-1.214341652393E1,1.144519567490E1,4.87E1));
#1754=LINE('',#1753,#1752);
#1755=DIRECTION('',(-2.599748119031E-1,-9.656153981663E-1,0.E0));
#1756=VECTOR('',#1755,1.341500396792E-1);
#1757=CARTESIAN_POINT('',(-1.298540925980E1,1.144519567490E1,4.87E1));
#1758=LINE('',#1757,#1756);
#1759=CARTESIAN_POINT('',(-1.302028489113E1,1.131565833092E1,4.87E1));
#1760=CARTESIAN_POINT('',(-1.290569365025E1,1.130071181059E1,4.87E1));
#1761=CARTESIAN_POINT('',(-1.281601452827E1,1.127829182148E1,4.87E1));
#1762=CARTESIAN_POINT('',(-1.275188289411E1,1.125188468420E1,4.87E1));
#1764=CARTESIAN_POINT('',(-1.275188289411E1,1.125188468420E1,4.87E1));
#1765=CARTESIAN_POINT('',(-1.268896806240E1,1.122597858310E1,4.87E1));
#1766=CARTESIAN_POINT('',(-1.262918114662E1,1.116619208455E1,4.87E1));
#1767=CARTESIAN_POINT('',(-1.257437682152E1,1.107651254535E1,4.87E1));
#1769=DIRECTION('',(-2.687676466433E-1,-9.632050415762E-1,0.E0));
#1770=VECTOR('',#1769,1.714693633933E0);
#1771=CARTESIAN_POINT('',(-1.257437682152E1,1.107651254535E1,4.87E1));
#1772=LINE('',#1771,#1770);
#1773=CARTESIAN_POINT('',(-1.303523099422E1,9.424910992384E0,4.87E1));
#1774=CARTESIAN_POINT('',(-1.322455525398E1,8.742348745465E0,4.87E1));
#1775=CARTESIAN_POINT('',(-1.335907435417E1,8.356227748096E0,4.87E1));
#1776=CARTESIAN_POINT('',(-1.343811707348E1,8.270911805957E0,4.87E1));
#1778=CARTESIAN_POINT('',(-1.343811707348E1,8.270911805957E0,4.87E1));
#1779=CARTESIAN_POINT('',(-1.351601386070E1,8.186832742766E0,4.87E1));
#1780=CARTESIAN_POINT('',(-1.361316728592E1,8.139501782134E0,4.87E1));
#1781=CARTESIAN_POINT('',(-1.372526681423E1,8.129537370056E0,4.87E1));
#1783=DIRECTION('',(-2.771603800221E-1,-9.608236694347E-1,0.E0));
#1784=VECTOR('',#1783,1.348190871819E-1);
#1785=CARTESIAN_POINT('',(-1.372526681423E1,8.129537370056E0,4.87E1));
#1786=LINE('',#1785,#1784);
#1787=DIRECTION('',(0.E0,1.E0,0.E0));
#1788=VECTOR('',#1787,1.638297885656E0);
#1789=CARTESIAN_POINT('',(1.24375E1,8.E0,4.87E1));
#1790=LINE('',#1789,#1788);
#1791=DIRECTION('',(1.E0,0.E0,0.E0));
#1792=VECTOR('',#1791,2.041666597128E0);
#1793=CARTESIAN_POINT('',(1.24375E1,9.638297885656E0,4.87E1));
#1794=LINE('',#1793,#1792);
#1795=DIRECTION('',(0.E0,-1.E0,0.E0));
#1796=VECTOR('',#1795,1.638297885656E0);
#1797=CARTESIAN_POINT('',(1.447916659713E1,9.638297885656E0,4.87E1));
#1798=LINE('',#1797,#1796);
#1799=DIRECTION('',(1.E0,0.E0,0.E0));
#1800=VECTOR('',#1799,4.375E-1);
#1801=CARTESIAN_POINT('',(1.447916659713E1,8.E0,4.87E1));
#1802=LINE('',#1801,#1800);
#1803=DIRECTION('',(0.E0,1.E0,0.E0));
#1804=VECTOR('',#1803,3.5E0);
#1805=CARTESIAN_POINT('',(1.491666659713E1,8.E0,4.87E1));
#1806=LINE('',#1805,#1804);
#1807=DIRECTION('',(-1.E0,0.E0,0.E0));
#1808=VECTOR('',#1807,4.375E-1);
#1809=CARTESIAN_POINT('',(1.491666659713E1,1.15E1,4.87E1));
#1810=LINE('',#1809,#1808);
#1811=DIRECTION('',(0.E0,-1.E0,0.E0));
#1812=VECTOR('',#1811,1.414893656969E0);
#1813=CARTESIAN_POINT('',(1.447916659713E1,1.15E1,4.87E1));
#1814=LINE('',#1813,#1812);
#1815=DIRECTION('',(-1.E0,0.E0,0.E0));
#1816=VECTOR('',#1815,2.041666597128E0);
#1817=CARTESIAN_POINT('',(1.447916659713E1,1.008510634303E1,4.87E1));
#1818=LINE('',#1817,#1816);
#1819=DIRECTION('',(0.E0,1.E0,0.E0));
#1820=VECTOR('',#1819,1.414893656969E0);
#1821=CARTESIAN_POINT('',(1.24375E1,1.008510634303E1,4.87E1));
#1822=LINE('',#1821,#1820);
#1823=DIRECTION('',(-1.E0,0.E0,0.E0));
#1824=VECTOR('',#1823,4.375E-1);
#1825=CARTESIAN_POINT('',(1.24375E1,1.15E1,4.87E1));
#1826=LINE('',#1825,#1824);
#1827=DIRECTION('',(0.E0,-1.E0,0.E0));
#1828=VECTOR('',#1827,3.5E0);
#1829=CARTESIAN_POINT('',(1.2E1,1.15E1,4.87E1));
#1830=LINE('',#1829,#1828);
#1831=DIRECTION('',(1.E0,0.E0,0.E0));
#1832=VECTOR('',#1831,4.375E-1);
#1833=CARTESIAN_POINT('',(1.2E1,8.E0,4.87E1));
#1834=LINE('',#1833,#1832);
#1835=DIRECTION('',(0.E0,1.E0,0.E0));
#1836=VECTOR('',#1835,1.117021247745E0);
#1837=CARTESIAN_POINT('',(1.834375E1,8.819148942828E0,4.87E1));
#1838=LINE('',#1837,#1836);
#1839=DIRECTION('',(-1.E0,0.E0,0.E0));
#1840=VECTOR('',#1839,1.09375E0);
#1841=CARTESIAN_POINT('',(1.834375E1,9.936170190573E0,4.87E1));
#1842=LINE('',#1841,#1840);
#1843=DIRECTION('',(0.E0,-1.E0,0.E0));
#1844=VECTOR('',#1843,4.468084573746E-1);
#1845=CARTESIAN_POINT('',(1.725E1,9.936170190573E0,4.87E1));
#1846=LINE('',#1845,#1844);
#1847=DIRECTION('',(1.E0,0.E0,0.E0));
#1848=VECTOR('',#1847,6.5625E-1);
#1849=CARTESIAN_POINT('',(1.725E1,9.489361733198E0,4.87E1));
#1850=LINE('',#1849,#1848);
#1851=DIRECTION('',(0.E0,-1.E0,0.E0));
#1852=VECTOR('',#1851,5.957447141409E-1);
#1853=CARTESIAN_POINT('',(1.790625E1,9.489361733198E0,4.87E1));
#1854=LINE('',#1853,#1852);
#1855=DIRECTION('',(-3.102805998049E-1,-9.506450175458E-1,0.E0));
#1856=VECTOR('',#1855,2.350027871224E-1);
#1857=CARTESIAN_POINT('',(1.790625E1,8.893617019057E0,4.87E1));
#1858=LINE('',#1857,#1856);
#1859=DIRECTION('',(-8.265991871191E-1,-5.627910658975E-1,0.E0));
#1860=VECTOR('',#1859,2.646385375268E-1);
#1861=CARTESIAN_POINT('',(1.783333319426E1,8.670212790370E0,4.87E1));
#1862=LINE('',#1861,#1860);
#1863=DIRECTION('',(-9.689176611437E-1,-2.473834390653E-1,0.E0));
#1864=VECTOR('',#1863,3.010228837891E-1);
#1865=CARTESIAN_POINT('',(1.761458319426E1,8.521276585758E0,4.87E1));
#1866=LINE('',#1865,#1864);
#1867=DIRECTION('',(-1.E0,0.E0,0.E0));
#1868=VECTOR('',#1867,6.5625E-1);
#1869=CARTESIAN_POINT('',(1.732291680574E1,8.446808509529E0,4.87E1));
#1870=LINE('',#1869,#1868);
#1871=DIRECTION('',(-9.689177459678E-1,2.473831068378E-1,0.E0));
#1872=VECTOR('',#1871,3.010232880531E-1);
#1873=CARTESIAN_POINT('',(1.666666680574E1,8.446808509529E0,4.87E1));
#1874=LINE('',#1873,#1872);
#1875=DIRECTION('',(-8.265991871191E-1,5.627910658975E-1,0.E0));
#1876=VECTOR('',#1875,2.646385375268E-1);
#1877=CARTESIAN_POINT('',(1.6375E1,8.521276585758E0,4.87E1));
#1878=LINE('',#1877,#1876);
#1879=DIRECTION('',(-5.466221810895E-1,8.373793591563E-1,0.E0));
#1880=VECTOR('',#1879,2.667897485703E-1);
#1881=CARTESIAN_POINT('',(1.615625E1,8.670212790370E0,4.87E1));
#1882=LINE('',#1881,#1880);
#1883=DIRECTION('',(-2.377717803411E-1,9.713210491251E-1,0.E0));
#1884=VECTOR('',#1883,3.066671984353E-1);
#1885=CARTESIAN_POINT('',(1.601041680574E1,8.893617019057E0,4.87E1));
#1886=LINE('',#1885,#1884);
#1887=DIRECTION('',(0.E0,1.E0,0.E0));
#1888=VECTOR('',#1887,1.117021247745E0);
#1889=CARTESIAN_POINT('',(1.59375E1,9.191489323974E0,4.87E1));
#1890=LINE('',#1889,#1888);
#1891=DIRECTION('',(2.377717803411E-1,9.713210491251E-1,0.E0));
#1892=VECTOR('',#1891,3.066671984353E-1);
#1893=CARTESIAN_POINT('',(1.59375E1,1.030851057172E1,4.87E1));
#1894=LINE('',#1893,#1892);
#1895=DIRECTION('',(5.466218231676E-1,8.373795927994E-1,0.E0));
#1896=VECTOR('',#1895,2.667899232613E-1);
#1897=CARTESIAN_POINT('',(1.601041680574E1,1.060638287663E1,4.87E1));
#1898=LINE('',#1897,#1896);
#1899=DIRECTION('',(8.265992787996E-1,5.627909312417E-1,0.E0));
#1900=VECTOR('',#1899,2.646385081749E-1);
#1901=CARTESIAN_POINT('',(1.615625E1,1.082978731394E1,4.87E1));
#1902=LINE('',#1901,#1900);
#1903=DIRECTION('',(9.689177459678E-1,2.473831068378E-1,0.E0));
#1904=VECTOR('',#1903,3.010232880531E-1);
#1905=CARTESIAN_POINT('',(1.6375E1,1.097872346640E1,4.87E1));
#1906=LINE('',#1905,#1904);
#1907=DIRECTION('',(1.E0,0.E0,0.E0));
#1908=VECTOR('',#1907,6.5625E-1);
#1909=CARTESIAN_POINT('',(1.666666680574E1,1.105319154263E1,4.87E1));
#1910=LINE('',#1909,#1908);
#1911=DIRECTION('',(9.689176611437E-1,-2.473834390653E-1,0.E0));
#1912=VECTOR('',#1911,3.010228837891E-1);
#1913=CARTESIAN_POINT('',(1.732291680574E1,1.105319154263E1,4.87E1));
#1914=LINE('',#1913,#1912);
#1915=DIRECTION('',(8.265992787996E-1,-5.627909312417E-1,0.E0));
#1916=VECTOR('',#1915,2.646385081749E-1);
#1917=CARTESIAN_POINT('',(1.761458319426E1,1.097872346640E1,4.87E1));
#1918=LINE('',#1917,#1916);
#1919=DIRECTION('',(3.102803379578E-1,-9.506451030099E-1,0.E0));
#1920=VECTOR('',#1919,2.350029854424E-1);
#1921=CARTESIAN_POINT('',(1.783333319426E1,1.082978731394E1,4.87E1));
#1922=LINE('',#1921,#1920);
#1923=DIRECTION('',(1.E0,0.E0,0.E0));
#1924=VECTOR('',#1923,4.375E-1);
#1925=CARTESIAN_POINT('',(1.790625E1,1.060638287663E1,4.87E1));
#1926=LINE('',#1925,#1924);
#1927=DIRECTION('',(-1.921831027359E-1,9.813590856678E-1,0.E0));
#1928=VECTOR('',#1927,3.794131986951E-1);
#1929=CARTESIAN_POINT('',(1.834375E1,1.060638287663E1,4.87E1));
#1930=LINE('',#1929,#1928);
#1931=DIRECTION('',(-6.996244945571E-1,7.145107183351E-1,0.E0));
#1932=VECTOR('',#1931,4.168899041997E-1);
#1933=CARTESIAN_POINT('',(1.827083319426E1,1.097872346640E1,4.87E1));
#1934=LINE('',#1933,#1932);
#1935=DIRECTION('',(-8.906053746977E-1,4.547769415434E-1,0.E0));
#1936=VECTOR('',#1935,3.274927527168E-1);
#1937=CARTESIAN_POINT('',(1.797916680574E1,1.127659577131E1,4.87E1));
#1938=LINE('',#1937,#1936);
#1939=DIRECTION('',(-9.797706943097E-1,2.001234283435E-1,0.E0));
#1940=VECTOR('',#1939,3.721107360868E-1);
#1941=CARTESIAN_POINT('',(1.76875E1,1.142553192377E1,4.87E1));
#1942=LINE('',#1941,#1940);
#1943=DIRECTION('',(-1.E0,0.E0,0.E0));
#1944=VECTOR('',#1943,6.5625E-1);
#1945=CARTESIAN_POINT('',(1.732291680574E1,1.15E1,4.87E1));
#1946=LINE('',#1945,#1944);
#1947=DIRECTION('',(-9.797707392153E-1,-2.001232084928E-1,0.E0));
#1948=VECTOR('',#1947,3.721111448790E-1);
#1949=CARTESIAN_POINT('',(1.666666680574E1,1.15E1,4.87E1));
#1950=LINE('',#1949,#1948);
#1951=DIRECTION('',(-8.906051112017E-1,-4.547774575564E-1,0.E0));
#1952=VECTOR('',#1951,3.274923811274E-1);
#1953=CARTESIAN_POINT('',(1.630208319426E1,1.142553192377E1,4.87E1));
#1954=LINE('',#1953,#1952);
#1955=DIRECTION('',(-6.996250055017E-1,-7.145102180353E-1,0.E0));
#1956=VECTOR('',#1955,4.168901961059E-1);
#1957=CARTESIAN_POINT('',(1.601041680574E1,1.127659577131E1,4.87E1));
#1958=LINE('',#1957,#1956);
#1959=DIRECTION('',(-4.397131575602E-1,-8.981382627794E-1,0.E0));
#1960=VECTOR('',#1959,3.316552887910E-1);
#1961=CARTESIAN_POINT('',(1.571875E1,1.097872346640E1,4.87E1));
#1962=LINE('',#1961,#1960);
#1963=DIRECTION('',(-1.921831027359E-1,-9.813590856678E-1,0.E0));
#1964=VECTOR('',#1963,3.794131986951E-1);
#1965=CARTESIAN_POINT('',(1.557291680574E1,1.068085116148E1,4.87E1));
#1966=LINE('',#1965,#1964);
#1967=DIRECTION('',(0.E0,-1.E0,0.E0));
#1968=VECTOR('',#1967,1.117021247745E0);
#1969=CARTESIAN_POINT('',(1.55E1,1.030851057172E1,4.87E1));
#1970=LINE('',#1969,#1968);
#1971=DIRECTION('',(1.921832064360E-1,-9.813590653599E-1,0.E0));
#1972=VECTOR('',#1971,3.794129939676E-1);
#1973=CARTESIAN_POINT('',(1.55E1,9.191489323974E0,4.87E1));
#1974=LINE('',#1973,#1972);
#1975=DIRECTION('',(4.397130954570E-1,-8.981382931841E-1,0.E0));
#1976=VECTOR('',#1975,3.316553356326E-1);
#1977=CARTESIAN_POINT('',(1.557291680574E1,8.819148942828E0,4.87E1));
#1978=LINE('',#1977,#1976);
#1979=DIRECTION('',(6.996249742329E-1,-7.145102486526E-1,0.E0));
#1980=VECTOR('',#1979,4.168902147382E-1);
#1981=CARTESIAN_POINT('',(1.571875E1,8.521276585758E0,4.87E1));
#1982=LINE('',#1981,#1980);
#1983=DIRECTION('',(8.906050870136E-1,-4.547775049247E-1,0.E0));
#1984=VECTOR('',#1983,3.274923900218E-1);
#1985=CARTESIAN_POINT('',(1.601041680574E1,8.223404254764E0,4.87E1));
#1986=LINE('',#1985,#1984);
#1987=DIRECTION('',(9.797707357802E-1,-2.001232253108E-1,0.E0));
#1988=VECTOR('',#1987,3.721111461836E-1);
#1989=CARTESIAN_POINT('',(1.630208319426E1,8.074468082748E0,4.87E1));
#1990=LINE('',#1989,#1988);
#1991=DIRECTION('',(1.E0,0.E0,0.E0));
#1992=VECTOR('',#1991,6.5625E-1);
#1993=CARTESIAN_POINT('',(1.666666680574E1,8.E0,4.87E1));
#1994=LINE('',#1993,#1992);
#1995=DIRECTION('',(9.797706908745E-1,2.001234451615E-1,0.E0));
#1996=VECTOR('',#1995,3.721107373914E-1);
#1997=CARTESIAN_POINT('',(1.732291680574E1,8.E0,4.87E1));
#1998=LINE('',#1997,#1996);
#1999=DIRECTION('',(8.906053505096E-1,4.547769889117E-1,0.E0));
#2000=VECTOR('',#1999,3.274927616113E-1);
#2001=CARTESIAN_POINT('',(1.76875E1,8.074468082748E0,4.87E1));
#2002=LINE('',#2001,#2000);
#2003=DIRECTION('',(6.996244632883E-1,7.145107489524E-1,0.E0));
#2004=VECTOR('',#2003,4.168899228320E-1);
#2005=CARTESIAN_POINT('',(1.797916680574E1,8.223404254764E0,4.87E1));
#2006=LINE('',#2005,#2004);
#2007=DIRECTION('',(2.377717410636E-1,9.713210587399E-1,0.E0));
#2008=VECTOR('',#2007,3.066672490936E-1);
#2009=CARTESIAN_POINT('',(1.827083319426E1,8.521276585758E0,4.87E1));
#2010=LINE('',#2009,#2008);
#2011=DIRECTION('',(5.466210844748E-1,8.373800750004E-1,0.E0));
#2012=VECTOR('',#2011,2.667895205020E-1);
#2013=CARTESIAN_POINT('',(2.133333361149E1,8.372340433300E0,4.87E1));
#2014=LINE('',#2013,#2012);
#2015=DIRECTION('',(3.102821388495E-1,9.506445152164E-1,0.E0));
#2016=VECTOR('',#2015,2.350029661619E-1);
#2017=CARTESIAN_POINT('',(2.147916638851E1,8.595744661987E0,4.87E1));
#2018=LINE('',#2017,#2016);
#2019=DIRECTION('',(0.E0,1.E0,0.E0));
#2020=VECTOR('',#2019,2.978723049164E-1);
#2021=CARTESIAN_POINT('',(2.155208361149E1,8.819148942828E0,4.87E1));
#2022=LINE('',#2021,#2020);
#2023=DIRECTION('',(-2.377729854050E-1,9.713207541341E-1,0.E0));
#2024=VECTOR('',#2023,3.066673989583E-1);
#2025=CARTESIAN_POINT('',(2.155208361149E1,9.117021247745E0,4.87E1));
#2026=LINE('',#2025,#2024);
#2027=DIRECTION('',(-5.466210844748E-1,8.373800750004E-1,0.E0));
#2028=VECTOR('',#2027,2.667895205020E-1);
#2029=CARTESIAN_POINT('',(2.147916638851E1,9.414893656969E0,4.87E1));
#2030=LINE('',#2029,#2028);
#2031=DIRECTION('',(-9.257352082546E-1,3.781723472146E-1,0.E0));
#2032=VECTOR('',#2031,3.938314198676E-1);
#2033=CARTESIAN_POINT('',(2.133333361149E1,9.638297885656E0,4.87E1));
#2034=LINE('',#2033,#2032);
#2035=DIRECTION('',(7.938779010506E-1,6.080771975856E-1,0.E0));
#2036=VECTOR('',#2035,3.673945176276E-1);
#2037=CARTESIAN_POINT('',(2.096875E1,9.787234038115E0,4.87E1));
#2038=LINE('',#2037,#2036);
#2039=DIRECTION('',(5.466232777014E-1,8.373786433120E-1,0.E0));
#2040=VECTOR('',#2039,2.667899766391E-1);
#2041=CARTESIAN_POINT('',(2.126041638851E1,1.001063826680E1,4.87E1));
#2042=LINE('',#2041,#2040);
#2043=DIRECTION('',(2.377704967206E-1,9.713213633444E-1,0.E0));
#2044=VECTOR('',#2043,3.066670992294E-1);
#2045=CARTESIAN_POINT('',(2.140625E1,1.023404249549E1,4.87E1));
#2046=LINE('',#2045,#2044);
#2047=DIRECTION('',(0.E0,1.E0,0.E0));
#2048=VECTOR('',#2047,1.489363610744E-1);
#2049=CARTESIAN_POINT('',(2.147916638851E1,1.053191480041E1,4.87E1));
#2050=LINE('',#2049,#2048);
#2051=DIRECTION('',(-2.377704967206E-1,9.713213633444E-1,0.E0));
#2052=VECTOR('',#2051,3.066670992294E-1);
#2053=CARTESIAN_POINT('',(2.147916638851E1,1.068085116148E1,4.87E1));
#2054=LINE('',#2053,#2052);
#2055=DIRECTION('',(-6.996244945571E-1,7.145107183351E-1,0.E0));
#2056=VECTOR('',#2055,4.168899041997E-1);
#2057=CARTESIAN_POINT('',(2.140625E1,1.097872346640E1,4.87E1));
#2058=LINE('',#2057,#2056);
#2059=DIRECTION('',(-8.906056381928E-1,4.547764255314E-1,0.E0));
#2060=VECTOR('',#2059,3.274931243064E-1);
#2061=CARTESIAN_POINT('',(2.111458361149E1,1.127659577131E1,4.87E1));
#2062=LINE('',#2061,#2060);
#2063=DIRECTION('',(-9.895240227806E-1,1.443683079492E-1,0.E0));
#2064=VECTOR('',#2063,5.158201082146E-1);
#2065=CARTESIAN_POINT('',(2.082291638851E1,1.142553192377E1,4.87E1));
#2066=LINE('',#2065,#2064);
#2067=DIRECTION('',(-1.E0,0.E0,0.E0));
#2068=VECTOR('',#2067,1.458336114883E-1);
#2069=CARTESIAN_POINT('',(2.03125E1,1.15E1,4.87E1));
#2070=LINE('',#2069,#2068);
#2071=DIRECTION('',(-9.895240227806E-1,-1.443683079492E-1,0.E0));
#2072=VECTOR('',#2071,5.158201082146E-1);
#2073=CARTESIAN_POINT('',(2.016666638851E1,1.15E1,4.87E1));
#2074=LINE('',#2073,#2072);
#2075=DIRECTION('',(-8.906051112017E-1,-4.547774575564E-1,0.E0));
#2076=VECTOR('',#2075,3.274923811274E-1);
#2077=CARTESIAN_POINT('',(1.965625E1,1.142553192377E1,4.87E1));
#2078=LINE('',#2077,#2076);
#2079=DIRECTION('',(-6.996255164452E-1,-7.145097177357E-1,0.E0));
#2080=VECTOR('',#2079,4.168904880123E-1);
#2081=CARTESIAN_POINT('',(1.936458361149E1,1.127659577131E1,4.87E1));
#2082=LINE('',#2081,#2080);
#2083=DIRECTION('',(-2.377704967206E-1,-9.713213633444E-1,0.E0));
#2084=VECTOR('',#2083,3.066670992294E-1);
#2085=CARTESIAN_POINT('',(1.907291638851E1,1.097872346640E1,4.87E1));
#2086=LINE('',#2085,#2084);
#2087=DIRECTION('',(1.E0,0.E0,0.E0));
#2088=VECTOR('',#2087,3.645836114883E-1);
#2089=CARTESIAN_POINT('',(1.9E1,1.068085116148E1,4.87E1));
#2090=LINE('',#2089,#2088);
#2091=DIRECTION('',(5.466210844748E-1,8.373800750004E-1,0.E0));
#2092=VECTOR('',#2091,2.667895205020E-1);
#2093=CARTESIAN_POINT('',(1.936458361149E1,1.068085116148E1,4.87E1));
#2094=LINE('',#2093,#2092);
#2095=DIRECTION('',(8.265992787996E-1,5.627909312417E-1,0.E0));
#2096=VECTOR('',#2095,2.646385081749E-1);
#2097=CARTESIAN_POINT('',(1.951041638851E1,1.090425539017E1,4.87E1));
#2098=LINE('',#2097,#2096);
#2099=DIRECTION('',(9.797707392153E-1,2.001232084928E-1,0.E0));
#2100=VECTOR('',#2099,3.721111448790E-1);
#2101=CARTESIAN_POINT('',(1.972916638851E1,1.105319154263E1,4.87E1));
#2102=LINE('',#2101,#2100);
#2103=DIRECTION('',(1.E0,0.E0,0.E0));
#2104=VECTOR('',#2103,2.916663885117E-1);
#2105=CARTESIAN_POINT('',(2.009375E1,1.112765961885E1,4.87E1));
#2106=LINE('',#2105,#2104);
#2107=DIRECTION('',(9.797707392153E-1,-2.001232084928E-1,0.E0));
#2108=VECTOR('',#2107,3.721111448790E-1);
#2109=CARTESIAN_POINT('',(2.038541638851E1,1.112765961885E1,4.87E1));
#2110=LINE('',#2109,#2108);
#2111=DIRECTION('',(8.265992787996E-1,-5.627909312417E-1,0.E0));
#2112=VECTOR('',#2111,2.646385081749E-1);
#2113=CARTESIAN_POINT('',(2.075E1,1.105319154263E1,4.87E1));
#2114=LINE('',#2113,#2112);
#2115=DIRECTION('',(5.466232777014E-1,-8.373786433120E-1,0.E0));
#2116=VECTOR('',#2115,2.667899766391E-1);
#2117=CARTESIAN_POINT('',(2.096875E1,1.090425539017E1,4.87E1));
#2118=LINE('',#2117,#2116);
#2119=DIRECTION('',(0.E0,-1.E0,0.E0));
#2120=VECTOR('',#2119,1.489363610744E-1);
#2121=CARTESIAN_POINT('',(2.111458361149E1,1.068085116148E1,4.87E1));
#2122=LINE('',#2121,#2120);
#2123=DIRECTION('',(-4.397141723527E-1,-8.981377659536E-1,0.E0));
#2124=VECTOR('',#2123,3.316554722539E-1);
#2125=CARTESIAN_POINT('',(2.111458361149E1,1.053191480041E1,4.87E1));
#2126=LINE('',#2125,#2124);
#2127=DIRECTION('',(-6.996255164452E-1,-7.145097177357E-1,0.E0));
#2128=VECTOR('',#2127,2.084452440061E-1);
#2129=CARTESIAN_POINT('',(2.096875E1,1.023404249549E1,4.87E1));
#2130=LINE('',#2129,#2128);
#2131=DIRECTION('',(-9.466499177700E-1,-3.222637633772E-1,0.E0));
#2132=VECTOR('',#2131,4.621560640185E-1);
#2133=CARTESIAN_POINT('',(2.082291638851E1,1.008510634303E1,4.87E1));
#2134=LINE('',#2133,#2132);
#2135=DIRECTION('',(-1.E0,0.E0,0.E0));
#2136=VECTOR('',#2135,2.916663885117E-1);
#2137=CARTESIAN_POINT('',(2.038541638851E1,9.936170190573E0,4.87E1));
#2138=LINE('',#2137,#2136);
#2139=DIRECTION('',(0.E0,-1.E0,0.E0));
#2140=VECTOR('',#2139,2.978723049164E-1);
#2141=CARTESIAN_POINT('',(2.009375E1,9.936170190573E0,4.87E1));
#2142=LINE('',#2141,#2140);
#2143=DIRECTION('',(1.E0,0.E0,0.E0));
#2144=VECTOR('',#2143,2.916663885117E-1);
#2145=CARTESIAN_POINT('',(2.009375E1,9.638297885656E0,4.87E1));
#2146=LINE('',#2145,#2144);
#2147=DIRECTION('',(9.858211730931E-1,-1.677993286083E-1,0.E0));
#2148=VECTOR('',#2147,4.437924564222E-1);
#2149=CARTESIAN_POINT('',(2.038541638851E1,9.638297885656E0,4.87E1));
#2150=LINE('',#2149,#2148);
#2151=DIRECTION('',(8.265992787996E-1,-5.627909312417E-1,0.E0));
#2152=VECTOR('',#2151,2.646385081749E-1);
#2153=CARTESIAN_POINT('',(2.082291638851E1,9.563829809427E0,4.87E1));
#2154=LINE('',#2153,#2152);
#2155=DIRECTION('',(4.397140481462E-1,-8.981378267632E-1,0.E0));
#2156=VECTOR('',#2155,3.316555659369E-1);
#2157=CARTESIAN_POINT('',(2.104166638851E1,9.414893656969E0,4.87E1));
#2158=LINE('',#2157,#2156);
#2159=DIRECTION('',(0.E0,-1.E0,0.E0));
#2160=VECTOR('',#2159,2.978723049164E-1);
#2161=CARTESIAN_POINT('',(2.11875E1,9.117021247745E0,4.87E1));
#2162=LINE('',#2161,#2160);
#2163=DIRECTION('',(-4.397121427660E-1,-8.981387596046E-1,0.E0));
#2164=VECTOR('',#2163,1.658275526643E-1);
#2165=CARTESIAN_POINT('',(2.11875E1,8.819148942828E0,4.87E1));
#2166=LINE('',#2165,#2164);
#2167=DIRECTION('',(-6.996253913704E-1,-7.145098402051E-1,0.E0));
#2168=VECTOR('',#2167,2.084452812707E-1);
#2169=CARTESIAN_POINT('',(2.111458361149E1,8.670212790370E0,4.87E1));
#2170=LINE('',#2169,#2168);
#2171=DIRECTION('',(-8.906056381928E-1,-4.547764255314E-1,0.E0));
#2172=VECTOR('',#2171,1.637465621532E-1);
#2173=CARTESIAN_POINT('',(2.096875E1,8.521276585758E0,4.87E1));
#2174=LINE('',#2173,#2172);
#2175=DIRECTION('',(-9.797706494039E-1,-2.001236481946E-1,0.E0));
#2176=VECTOR('',#2175,3.721103272946E-1);
#2177=CARTESIAN_POINT('',(2.082291638851E1,8.446808509529E0,4.87E1));
#2178=LINE('',#2177,#2176);
#2179=DIRECTION('',(-1.E0,0.E0,0.E0));
#2180=VECTOR('',#2179,4.375E-1);
#2181=CARTESIAN_POINT('',(2.045833361149E1,8.372340433300E0,4.87E1));
#2182=LINE('',#2181,#2180);
#2183=DIRECTION('',(-9.797707392153E-1,2.001232084928E-1,0.E0));
#2184=VECTOR('',#2183,3.721111448790E-1);
#2185=CARTESIAN_POINT('',(2.002083361149E1,8.372340433300E0,4.87E1));
#2186=LINE('',#2185,#2184);
#2187=DIRECTION('',(-8.906056381928E-1,4.547764255314E-1,0.E0));
#2188=VECTOR('',#2187,1.637465621532E-1);
#2189=CARTESIAN_POINT('',(1.965625E1,8.446808509529E0,4.87E1));
#2190=LINE('',#2189,#2188);
#2191=DIRECTION('',(-6.996233475895E-1,7.145118414048E-1,0.E0));
#2192=VECTOR('',#2191,2.084446974587E-1);
#2193=CARTESIAN_POINT('',(1.951041638851E1,8.521276585758E0,4.87E1));
#2194=LINE('',#2193,#2192);
#2195=DIRECTION('',(-4.397162019326E-1,8.981367723003E-1,0.E0));
#2196=VECTOR('',#2195,1.658279195904E-1);
#2197=CARTESIAN_POINT('',(1.936458361149E1,8.670212790370E0,4.87E1));
#2198=LINE('',#2197,#2196);
#2199=DIRECTION('',(-1.E0,0.E0,0.E0));
#2200=VECTOR('',#2199,3.645831942558E-1);
#2201=CARTESIAN_POINT('',(1.929166638851E1,8.819148942828E0,4.87E1));
#2202=LINE('',#2201,#2200);
#2203=DIRECTION('',(3.102805343431E-1,-9.506450389119E-1,0.E0));
#2204=VECTOR('',#2203,2.350028367024E-1);
#2205=CARTESIAN_POINT('',(1.892708319426E1,8.819148942828E0,4.87E1));
#2206=LINE('',#2205,#2204);
#2207=DIRECTION('',(5.466232777014E-1,-8.373786433120E-1,0.E0));
#2208=VECTOR('',#2207,2.667899766391E-1);
#2209=CARTESIAN_POINT('',(1.9E1,8.595744661987E0,4.87E1));
#2210=LINE('',#2209,#2208);
#2211=DIRECTION('',(8.265992329593E-1,-5.627909985697E-1,0.E0));
#2212=VECTOR('',#2211,2.646385228508E-1);
#2213=CARTESIAN_POINT('',(1.914583361149E1,8.372340433300E0,4.87E1));
#2214=LINE('',#2213,#2212);
#2215=DIRECTION('',(8.906050870136E-1,-4.547775049247E-1,0.E0));
#2216=VECTOR('',#2215,3.274923900218E-1);
#2217=CARTESIAN_POINT('',(1.936458361149E1,8.223404254764E0,4.87E1));
#2218=LINE('',#2217,#2216);
#2219=DIRECTION('',(9.689176559527E-1,-2.473834593969E-1,0.E0));
#2220=VECTOR('',#2219,3.010228854018E-1);
#2221=CARTESIAN_POINT('',(1.965625E1,8.074468082748E0,4.87E1));
#2222=LINE('',#2221,#2220);
#2223=DIRECTION('',(1.E0,0.E0,0.E0));
#2224=VECTOR('',#2223,5.833336114883E-1);
#2225=CARTESIAN_POINT('',(1.994791638851E1,8.E0,4.87E1));
#2226=LINE('',#2225,#2224);
#2227=DIRECTION('',(9.689176559527E-1,2.473834593969E-1,0.E0));
#2228=VECTOR('',#2227,3.010228854018E-1);
#2229=CARTESIAN_POINT('',(2.053125E1,8.E0,4.87E1));
#2230=LINE('',#2229,#2228);
#2231=DIRECTION('',(8.906056140048E-1,4.547764728998E-1,0.E0));
#2232=VECTOR('',#2231,3.274931332008E-1);
#2233=CARTESIAN_POINT('',(2.082291638851E1,8.074468082748E0,4.87E1));
#2234=LINE('',#2233,#2232);
#2235=DIRECTION('',(8.265992329593E-1,5.627909985697E-1,0.E0));
#2236=VECTOR('',#2235,2.646385228508E-1);
#2237=CARTESIAN_POINT('',(2.111458361149E1,8.223404254764E0,4.87E1));
#2238=LINE('',#2237,#2236);
#2239=DIRECTION('',(0.E0,-1.E0,0.E0));
#2240=VECTOR('',#2239,6.702126860619E-1);
#2241=CARTESIAN_POINT('',(2.213541638851E1,1.008510634303E1,4.87E1));
#2242=LINE('',#2241,#2240);
#2243=DIRECTION('',(1.921842136484E-1,-9.813588681132E-1,0.E0));
#2244=VECTOR('',#2243,3.794131765167E-1);
#2245=CARTESIAN_POINT('',(2.213541638851E1,9.414893656969E0,4.87E1));
#2246=LINE('',#2245,#2244);
#2247=DIRECTION('',(3.102789952956E-1,-9.506455412394E-1,0.E0));
#2248=VECTOR('',#2247,2.350026576636E-1);
#2249=CARTESIAN_POINT('',(2.220833361149E1,9.042553171515E0,4.87E1));
#2250=LINE('',#2249,#2248);
#2251=DIRECTION('',(4.397141102494E-1,-8.981377963584E-1,0.E0));
#2252=VECTOR('',#2251,3.316555190954E-1);
#2253=CARTESIAN_POINT('',(2.228125E1,8.819148942828E0,4.87E1));
#2254=LINE('',#2253,#2252);
#2255=DIRECTION('',(6.996247934953E-1,-7.145104256249E-1,0.E0));
#2256=VECTOR('',#2255,3.126675927352E-1);
#2257=CARTESIAN_POINT('',(2.242708361149E1,8.521276585758E0,4.87E1));
#2258=LINE('',#2257,#2256);
#2259=DIRECTION('',(8.526530470706E-1,-5.224775414514E-1,0.E0));
#2260=VECTOR('',#2259,4.275863181113E-1);
#2261=CARTESIAN_POINT('',(2.264583361149E1,8.297872330993E0,4.87E1));
#2262=LINE('',#2261,#2260);
#2263=DIRECTION('',(9.858211706631E-1,-1.677993428846E-1,0.E0));
#2264=VECTOR('',#2263,4.437924575161E-1);
#2265=CARTESIAN_POINT('',(2.301041638851E1,8.074468082748E0,4.87E1));
#2266=LINE('',#2265,#2264);
#2267=DIRECTION('',(9.858211706631E-1,1.677993428846E-1,0.E0));
#2268=VECTOR('',#2267,4.437924575161E-1);
#2269=CARTESIAN_POINT('',(2.344791638851E1,8.E0,4.87E1));
#2270=LINE('',#2269,#2268);
#2271=DIRECTION('',(8.526535798146E-1,5.224766720432E-1,0.E0));
#2272=VECTOR('',#2271,4.275870296207E-1);
#2273=CARTESIAN_POINT('',(2.388541638851E1,8.074468082748E0,4.87E1));
#2274=LINE('',#2273,#2272);
#2275=DIRECTION('',(6.996247934953E-1,7.145104256249E-1,0.E0));
#2276=VECTOR('',#2275,3.126675927352E-1);
#2277=CARTESIAN_POINT('',(2.425E1,8.297872330993E0,4.87E1));
#2278=LINE('',#2277,#2276);
#2279=DIRECTION('',(4.397141102494E-1,8.981377963584E-1,0.E0));
#2280=VECTOR('',#2279,3.316555190954E-1);
#2281=CARTESIAN_POINT('',(2.446875E1,8.521276585758E0,4.87E1));
#2282=LINE('',#2281,#2280);
#2283=DIRECTION('',(3.102789952956E-1,9.506455412394E-1,0.E0));
#2284=VECTOR('',#2283,2.350026576636E-1);
#2285=CARTESIAN_POINT('',(2.461458361149E1,8.819148942828E0,4.87E1));
#2286=LINE('',#2285,#2284);
#2287=DIRECTION('',(1.921820955228E-1,9.813592829135E-1,0.E0));
#2288=VECTOR('',#2287,3.794130161465E-1);
#2289=CARTESIAN_POINT('',(2.46875E1,9.042553171515E0,4.87E1));
#2290=LINE('',#2289,#2288);
#2291=DIRECTION('',(0.E0,1.E0,0.E0));
#2292=VECTOR('',#2291,6.702126860619E-1);
#2293=CARTESIAN_POINT('',(2.476041638851E1,9.414893656969E0,4.87E1));
#2294=LINE('',#2293,#2292);
#2295=DIRECTION('',(-1.921821473726E-1,9.813592727596E-1,0.E0));
#2296=VECTOR('',#2295,3.794129137828E-1);
#2297=CARTESIAN_POINT('',(2.476041638851E1,1.008510634303E1,4.87E1));
#2298=LINE('',#2297,#2296);
#2299=DIRECTION('',(-3.102787334496E-1,9.506456267027E-1,0.E0));
#2300=VECTOR('',#2299,2.350028559837E-1);
#2301=CARTESIAN_POINT('',(2.46875E1,1.045744672418E1,4.87E1));
#2302=LINE('',#2301,#2300);
#2303=DIRECTION('',(-4.397141723527E-1,8.981377659536E-1,0.E0));
#2304=VECTOR('',#2303,3.316554722539E-1);
#2305=CARTESIAN_POINT('',(2.461458361149E1,1.068085116148E1,4.87E1));
#2306=LINE('',#2305,#2304);
#2307=DIRECTION('',(-6.996248351869E-1,7.145103848018E-1,0.E0));
#2308=VECTOR('',#2307,3.126675741029E-1);
#2309=CARTESIAN_POINT('',(2.446875E1,1.097872346640E1,4.87E1));
#2310=LINE('',#2309,#2308);
#2311=DIRECTION('',(-8.526536001913E-1,5.224766387895E-1,0.E0));
#2312=VECTOR('',#2311,4.275870194022E-1);
#2313=CARTESIAN_POINT('',(2.425E1,1.120212769508E1,4.87E1));
#2314=LINE('',#2313,#2312);
#2315=DIRECTION('',(-9.858211730931E-1,1.677993286083E-1,0.E0));
#2316=VECTOR('',#2315,4.437924564222E-1);
#2317=CARTESIAN_POINT('',(2.388541638851E1,1.142553192377E1,4.87E1));
#2318=LINE('',#2317,#2316);
#2319=DIRECTION('',(-9.858211730931E-1,-1.677993286083E-1,0.E0));
#2320=VECTOR('',#2319,4.437924564222E-1);
#2321=CARTESIAN_POINT('',(2.344791638851E1,1.15E1,4.87E1));
#2322=LINE('',#2321,#2320);
#2323=DIRECTION('',(-8.526530674474E-1,-5.224775081977E-1,0.E0));
#2324=VECTOR('',#2323,4.275863078928E-1);
#2325=CARTESIAN_POINT('',(2.301041638851E1,1.142553192377E1,4.87E1));
#2326=LINE('',#2325,#2324);
#2327=DIRECTION('',(-6.996248351869E-1,-7.145103848018E-1,0.E0));
#2328=VECTOR('',#2327,3.126675741029E-1);
#2329=CARTESIAN_POINT('',(2.264583361149E1,1.120212769508E1,4.87E1));
#2330=LINE('',#2329,#2328);
#2331=DIRECTION('',(-4.397141723527E-1,-8.981377659536E-1,0.E0));
#2332=VECTOR('',#2331,3.316554722539E-1);
#2333=CARTESIAN_POINT('',(2.242708361149E1,1.097872346640E1,4.87E1));
#2334=LINE('',#2333,#2332);
#2335=DIRECTION('',(-3.102787334496E-1,-9.506456267027E-1,0.E0));
#2336=VECTOR('',#2335,2.350028559837E-1);
#2337=CARTESIAN_POINT('',(2.228125E1,1.068085116148E1,4.87E1));
#2338=LINE('',#2337,#2336);
#2339=DIRECTION('',(-1.921842654987E-1,-9.813588579591E-1,0.E0));
#2340=VECTOR('',#2339,3.794130741529E-1);
#2341=CARTESIAN_POINT('',(2.220833361149E1,1.045744672418E1,4.87E1));
#2342=LINE('',#2341,#2340);
#2343=DIRECTION('',(1.610631980374E-1,9.869440947885E-1,0.E0));
#2344=VECTOR('',#2343,4.527191152304E-1);
#2345=CARTESIAN_POINT('',(2.25E1,1.001063826680E1,4.87E1));
#2346=LINE('',#2345,#2344);
#2347=DIRECTION('',(5.466230987403E-1,8.373787601340E-1,0.E0));
#2348=VECTOR('',#2347,5.335801279690E-1);
#2349=CARTESIAN_POINT('',(2.257291638851E1,1.045744672418E1,4.87E1));
#2350=LINE('',#2349,#2348);
#2351=DIRECTION('',(8.265992787996E-1,5.627909312417E-1,0.E0));
#2352=VECTOR('',#2351,2.646385081749E-1);
#2353=CARTESIAN_POINT('',(2.286458361149E1,1.090425539017E1,4.87E1));
#2354=LINE('',#2353,#2352);
#2355=DIRECTION('',(9.797706494039E-1,2.001236481946E-1,0.E0));
#2356=VECTOR('',#2355,3.721103272946E-1);
#2357=CARTESIAN_POINT('',(2.308333361149E1,1.105319154263E1,4.87E1));
#2358=LINE('',#2357,#2356);
#2359=DIRECTION('',(9.797707392153E-1,-2.001232084928E-1,0.E0));
#2360=VECTOR('',#2359,3.721111448790E-1);
#2361=CARTESIAN_POINT('',(2.344791638851E1,1.112765961885E1,4.87E1));
#2362=LINE('',#2361,#2360);
#2363=DIRECTION('',(8.265992787996E-1,-5.627909312417E-1,0.E0));
#2364=VECTOR('',#2363,2.646385081749E-1);
#2365=CARTESIAN_POINT('',(2.38125E1,1.105319154263E1,4.87E1));
#2366=LINE('',#2365,#2364);
#2367=DIRECTION('',(5.466220021285E-1,-8.373794759779E-1,0.E0));
#2368=VECTOR('',#2367,5.335796718316E-1);
#2369=CARTESIAN_POINT('',(2.403125E1,1.090425539017E1,4.87E1));
#2370=LINE('',#2369,#2368);
#2371=DIRECTION('',(1.610649934498E-1,-9.869438017866E-1,0.E0));
#2372=VECTOR('',#2371,4.527192496328E-1);
#2373=CARTESIAN_POINT('',(2.432291638851E1,1.045744672418E1,4.87E1));
#2374=LINE('',#2373,#2372);
#2375=DIRECTION('',(0.E0,-1.E0,0.E0));
#2376=VECTOR('',#2375,5.212765336037E-1);
#2377=CARTESIAN_POINT('',(2.439583361149E1,1.001063826680E1,4.87E1));
#2378=LINE('',#2377,#2376);
#2379=DIRECTION('',(-1.610649568243E-1,-9.869438077637E-1,0.E0));
#2380=VECTOR('',#2379,4.527193525791E-1);
#2381=CARTESIAN_POINT('',(2.439583361149E1,9.489361733198E0,4.87E1));
#2382=LINE('',#2381,#2380);
#2383=DIRECTION('',(-5.466221363492E-1,-8.373793883617E-1,0.E0));
#2384=VECTOR('',#2383,5.335795408134E-1);
#2385=CARTESIAN_POINT('',(2.432291638851E1,9.042553171515E0,4.87E1));
#2386=LINE('',#2385,#2384);
#2387=DIRECTION('',(-8.265992787996E-1,-5.627909312417E-1,0.E0));
#2388=VECTOR('',#2387,2.646385081749E-1);
#2389=CARTESIAN_POINT('',(2.403125E1,8.595744661987E0,4.87E1));
#2390=LINE('',#2389,#2388);
#2391=DIRECTION('',(-9.797707392153E-1,-2.001232084928E-1,0.E0));
#2392=VECTOR('',#2391,3.721111448790E-1);
#2393=CARTESIAN_POINT('',(2.38125E1,8.446808509529E0,4.87E1));
#2394=LINE('',#2393,#2392);
#2395=DIRECTION('',(-9.797706494039E-1,2.001236481946E-1,0.E0));
#2396=VECTOR('',#2395,3.721103272946E-1);
#2397=CARTESIAN_POINT('',(2.344791638851E1,8.372340433300E0,4.87E1));
#2398=LINE('',#2397,#2396);
#2399=DIRECTION('',(-8.265992787996E-1,5.627909312417E-1,0.E0));
#2400=VECTOR('',#2399,2.646385081749E-1);
#2401=CARTESIAN_POINT('',(2.308333361149E1,8.446808509529E0,4.87E1));
#2402=LINE('',#2401,#2400);
#2403=DIRECTION('',(-5.466232329611E-1,8.373786725175E-1,0.E0));
#2404=VECTOR('',#2403,5.335799969509E-1);
#2405=CARTESIAN_POINT('',(2.286458361149E1,8.595744661987E0,4.87E1));
#2406=LINE('',#2405,#2404);
#2407=DIRECTION('',(-1.610631614123E-1,9.869441007655E-1,0.E0));
#2408=VECTOR('',#2407,4.527192181767E-1);
#2409=CARTESIAN_POINT('',(2.257291638851E1,9.042553171515E0,4.87E1));
#2410=LINE('',#2409,#2408);
#2411=DIRECTION('',(0.E0,1.E0,0.E0));
#2412=VECTOR('',#2411,5.212765336037E-1);
#2413=CARTESIAN_POINT('',(2.25E1,9.489361733198E0,4.87E1));
#2414=LINE('',#2413,#2412);
#2415=DIRECTION('',(0.E0,0.E0,1.E0));
#2416=VECTOR('',#2415,1.37E1);
#2417=CARTESIAN_POINT('',(-2.903671501739E1,-1.796078100204E1,3.5E1));
#2418=LINE('',#2417,#2416);
#2419=DIRECTION('',(0.E0,0.E0,1.E0));
#2420=VECTOR('',#2419,1.37E1);
#2421=CARTESIAN_POINT('',(-2.903671501739E1,1.303921899796E1,3.5E1));
#2422=LINE('',#2421,#2420);
#2423=DIRECTION('',(0.E0,0.E0,1.E0));
#2424=VECTOR('',#2423,1.37E1);
#2425=CARTESIAN_POINT('',(-2.703671501739E1,1.503921899796E1,3.5E1));
#2426=LINE('',#2425,#2424);
#2427=DIRECTION('',(0.E0,0.E0,1.E0));
#2428=VECTOR('',#2427,1.37E1);
#2429=CARTESIAN_POINT('',(-5.336715017393E0,1.503921899796E1,3.5E1));
#2430=LINE('',#2429,#2428);
#2431=DIRECTION('',(0.E0,0.E0,1.E0));
#2432=VECTOR('',#2431,1.37E1);
#2433=CARTESIAN_POINT('',(-4.536715017393E0,1.583921899796E1,3.5E1));
#2434=LINE('',#2433,#2432);
#2435=DIRECTION('',(0.E0,0.E0,1.E0));
#2436=VECTOR('',#2435,1.37E1);
#2437=CARTESIAN_POINT('',(4.463284982607E0,1.583921899796E1,3.5E1));
#2438=LINE('',#2437,#2436);
#2439=DIRECTION('',(0.E0,0.E0,1.E0));
#2440=VECTOR('',#2439,1.37E1);
#2441=CARTESIAN_POINT('',(5.263284982607E0,1.503921899796E1,3.5E1));
#2442=LINE('',#2441,#2440);
#2443=DIRECTION('',(0.E0,0.E0,1.E0));
#2444=VECTOR('',#2443,1.37E1);
#2445=CARTESIAN_POINT('',(2.696328498261E1,1.503921899796E1,3.5E1));
#2446=LINE('',#2445,#2444);
#2447=DIRECTION('',(0.E0,0.E0,1.E0));
#2448=VECTOR('',#2447,1.37E1);
#2449=CARTESIAN_POINT('',(2.896328498261E1,1.303921899796E1,3.5E1));
#2450=LINE('',#2449,#2448);
#2451=DIRECTION('',(0.E0,0.E0,1.E0));
#2452=VECTOR('',#2451,1.37E1);
#2453=CARTESIAN_POINT('',(2.896328498261E1,-1.796078100204E1,3.5E1));
#2454=LINE('',#2453,#2452);
#2455=DIRECTION('',(0.E0,0.E0,1.E0));
#2456=VECTOR('',#2455,1.37E1);
#2457=CARTESIAN_POINT('',(2.692406598465E1,-2.E1,3.5E1));
#2458=LINE('',#2457,#2456);
#2459=DIRECTION('',(0.E0,0.E0,1.E0));
#2460=VECTOR('',#2459,3.E-1);
#2461=CARTESIAN_POINT('',(-2.368967972696E1,9.898220598698E0,4.87E1));
#2462=LINE('',#2461,#2460);
#2463=DIRECTION('',(0.E0,0.E0,1.E0));
#2464=VECTOR('',#2463,3.E-1);
#2465=CARTESIAN_POINT('',(-2.226227754354E1,9.898220598698E0,4.87E1));
#2466=LINE('',#2465,#2464);
#2467=DIRECTION('',(0.E0,0.E0,1.E0));
#2468=VECTOR('',#2467,3.E-1);
#2469=CARTESIAN_POINT('',(-2.203309610486E1,1.072277572751E1,4.87E1));
#2470=LINE('',#2469,#2468);
#2471=DIRECTION('',(0.E0,0.E0,1.E0));
#2472=VECTOR('',#2471,3.E-1);
#2473=CARTESIAN_POINT('',(-2.198327395320E1,1.118612098694E1,4.87E1));
#2474=LINE('',#2473,#2472);
#2475=DIRECTION('',(0.E0,0.E0,1.E0));
#2476=VECTOR('',#2475,3.E-1);
#2477=CARTESIAN_POINT('',(-2.231209969521E1,1.131565833092E1,4.87E1));
#2478=LINE('',#2477,#2476);
#2479=DIRECTION('',(0.E0,0.E0,1.E0));
#2480=VECTOR('',#2479,3.E-1);
#2481=CARTESIAN_POINT('',(-2.227722427249E1,1.144519567490E1,4.87E1));
#2482=LINE('',#2481,#2480);
#2483=DIRECTION('',(0.E0,0.E0,1.E0));
#2484=VECTOR('',#2483,3.E-1);
#2485=CARTESIAN_POINT('',(-2.100676149130E1,1.144519567490E1,4.87E1));
#2486=LINE('',#2485,#2484);
#2487=DIRECTION('',(0.E0,0.E0,1.E0));
#2488=VECTOR('',#2487,3.E-1);
#2489=CARTESIAN_POINT('',(-2.104412800074E1,1.131565833092E1,4.87E1));
#2490=LINE('',#2489,#2488);
#2491=DIRECTION('',(0.E0,0.E0,1.E0));
#2492=VECTOR('',#2491,3.E-1);
#2493=CARTESIAN_POINT('',(-2.128081072236E1,1.122600500115E1,4.87E1));
#2494=LINE('',#2493,#2492);
#2495=DIRECTION('',(0.E0,-2.368475785867E-14,1.E0));
#2496=VECTOR('',#2495,3.E-1);
#2497=CARTESIAN_POINT('',(-2.149501782656E1,1.072277572751E1,4.87E1));
#2498=LINE('',#2497,#2496);
#2499=DIRECTION('',(0.E0,0.E0,1.E0));
#2500=VECTOR('',#2499,3.E-1);
#2501=CARTESIAN_POINT('',(-2.205551609397E1,8.722419947386E0,4.87E1));
#2502=LINE('',#2501,#2500);
#2503=DIRECTION('',(0.E0,0.E0,1.E0));
#2504=VECTOR('',#2503,3.E-1);
#2505=CARTESIAN_POINT('',(-2.209942772718E1,8.247157846038E0,4.87E1));
#2506=LINE('',#2505,#2504);
#2507=DIRECTION('',(0.E0,0.E0,1.E0));
#2508=VECTOR('',#2507,3.E-1);
#2509=CARTESIAN_POINT('',(-2.172419926524E1,8.129537370056E0,4.87E1));
#2510=LINE('',#2509,#2508);
#2511=DIRECTION('',(0.E0,0.E0,1.E0));
#2512=VECTOR('',#2511,3.E-1);
#2513=CARTESIAN_POINT('',(-2.176156577468E1,8.E0,4.87E1));
#2514=LINE('',#2513,#2512);
#2515=DIRECTION('',(0.E0,0.E0,1.E0));
#2516=VECTOR('',#2515,3.E-1);
#2517=CARTESIAN_POINT('',(-2.320391458273E1,8.E0,4.87E1));
#2518=LINE('',#2517,#2516);
#2519=DIRECTION('',(0.E0,0.E0,1.E0));
#2520=VECTOR('',#2519,3.E-1);
#2521=CARTESIAN_POINT('',(-2.316903916001E1,8.129537370056E0,4.87E1));
#2522=LINE('',#2521,#2520);
#2523=DIRECTION('',(0.E0,0.E0,1.E0));
#2524=VECTOR('',#2523,3.E-1);
#2525=CARTESIAN_POINT('',(-2.283163129368E1,8.227826233300E0,4.87E1));
#2526=LINE('',#2525,#2524);
#2527=DIRECTION('',(0.E0,0.E0,1.E0));
#2528=VECTOR('',#2527,3.E-1);
#2529=CARTESIAN_POINT('',(-2.259110328555E1,8.722419947386E0,4.87E1));
#2530=LINE('',#2529,#2528);
#2531=DIRECTION('',(0.E0,0.E0,1.E0));
#2532=VECTOR('',#2531,3.E-1);
#2533=CARTESIAN_POINT('',(-2.232206404209E1,9.686476871371E0,4.87E1));
#2534=LINE('',#2533,#2532);
#2535=DIRECTION('',(0.E0,0.E0,1.E0));
#2536=VECTOR('',#2535,3.E-1);
#2537=CARTESIAN_POINT('',(-2.374697513878E1,9.686476871371E0,4.87E1));
#2538=LINE('',#2537,#2536);
#2539=DIRECTION('',(0.E0,0.E0,1.E0));
#2540=VECTOR('',#2539,3.E-1);
#2541=CARTESIAN_POINT('',(-2.401850536466E1,8.722419947386E0,4.87E1));
#2542=LINE('',#2541,#2540);
#2543=DIRECTION('',(0.E0,0.E0,1.E0));
#2544=VECTOR('',#2543,3.E-1);
#2545=CARTESIAN_POINT('',(-2.408576512275E1,8.301423475176E0,4.87E1));
#2546=LINE('',#2545,#2544);
#2547=DIRECTION('',(0.E0,0.E0,1.E0));
#2548=VECTOR('',#2547,3.E-1);
#2549=CARTESIAN_POINT('',(-2.373701068759E1,8.129537370056E0,4.87E1));
#2550=LINE('',#2549,#2548);
#2551=DIRECTION('',(0.E0,0.E0,1.E0));
#2552=VECTOR('',#2551,3.E-1);
#2553=CARTESIAN_POINT('',(-2.377437719703E1,8.E0,4.87E1));
#2554=LINE('',#2553,#2552);
#2555=DIRECTION('',(0.E0,0.E0,1.E0));
#2556=VECTOR('',#2555,3.E-1);
#2557=CARTESIAN_POINT('',(-2.505978647899E1,8.E0,4.87E1));
#2558=LINE('',#2557,#2556);
#2559=DIRECTION('',(0.E0,0.E0,1.E0));
#2560=VECTOR('',#2559,3.E-1);
#2561=CARTESIAN_POINT('',(-2.502241992881E1,8.129537370056E0,4.87E1));
#2562=LINE('',#2561,#2560);
#2563=DIRECTION('',(0.E0,0.E0,1.E0));
#2564=VECTOR('',#2563,3.E-1);
#2565=CARTESIAN_POINT('',(-2.474004630321E1,8.258510770597E0,4.87E1));
#2566=LINE('',#2565,#2564);
#2567=DIRECTION('',(0.E0,0.E0,1.E0));
#2568=VECTOR('',#2567,3.E-1);
#2569=CARTESIAN_POINT('',(-2.455409250408E1,8.722419947386E0,4.87E1));
#2570=LINE('',#2569,#2568);
#2571=DIRECTION('',(0.E0,1.776356839400E-14,1.E0));
#2572=VECTOR('',#2571,3.E-1);
#2573=CARTESIAN_POINT('',(-2.399608537555E1,1.072277572751E1,4.87E1));
#2574=LINE('',#2573,#2572);
#2575=DIRECTION('',(0.E0,0.E0,1.E0));
#2576=VECTOR('',#2575,3.E-1);
#2577=CARTESIAN_POINT('',(-2.394246600858E1,1.117589246161E1,4.87E1));
#2578=LINE('',#2577,#2576);
#2579=DIRECTION('',(0.E0,0.E0,1.E0));
#2580=VECTOR('',#2579,3.E-1);
#2581=CARTESIAN_POINT('',(-2.431743770093E1,1.131565833092E1,4.87E1));
#2582=LINE('',#2581,#2580);
#2583=DIRECTION('',(0.E0,0.E0,1.E0));
#2584=VECTOR('',#2583,3.E-1);
#2585=CARTESIAN_POINT('',(-2.428256227821E1,1.144519567490E1,4.87E1));
#2586=LINE('',#2585,#2584);
#2587=DIRECTION('',(0.E0,0.E0,1.E0));
#2588=VECTOR('',#2587,3.E-1);
#2589=CARTESIAN_POINT('',(-2.284519580007E1,1.144519567490E1,4.87E1));
#2590=LINE('',#2589,#2588);
#2591=DIRECTION('',(0.E0,0.E0,1.E0));
#2592=VECTOR('',#2591,3.E-1);
#2593=CARTESIAN_POINT('',(-2.288256230950E1,1.131565833092E1,4.87E1));
#2594=LINE('',#2593,#2592);
#2595=DIRECTION('',(0.E0,0.E0,1.E0));
#2596=VECTOR('',#2595,3.E-1);
#2597=CARTESIAN_POINT('',(-2.321682483579E1,1.122408441231E1,4.87E1));
#2598=LINE('',#2597,#2596);
#2599=DIRECTION('',(0.E0,0.E0,1.E0));
#2600=VECTOR('',#2599,3.E-1);
#2601=CARTESIAN_POINT('',(-2.345800709724E1,1.072277572751E1,4.87E1));
#2602=LINE('',#2601,#2600);
#2603=DIRECTION('',(2.704929251945E-1,9.627219626765E-1,0.E0));
#2604=VECTOR('',#2603,8.564831392445E-1);
#2605=CARTESIAN_POINT('',(-2.368967972696E1,9.898220598698E0,4.9E1));
#2606=LINE('',#2605,#2604);
#2607=DIRECTION('',(-1.E0,0.E0,0.E0));
#2608=VECTOR('',#2607,1.427402183414E0);
#2609=CARTESIAN_POINT('',(-2.226227754354E1,9.898220598698E0,4.9E1));
#2610=LINE('',#2609,#2608);
#2611=DIRECTION('',(-2.677939367029E-1,-9.634762101190E-1,0.E0));
#2612=VECTOR('',#2611,8.558126502272E-1);
#2613=CARTESIAN_POINT('',(-2.203309610486E1,1.072277572751E1,4.9E1));
#2614=LINE('',#2613,#2612);
#2615=CARTESIAN_POINT('',(-2.198327395320E1,1.118612098694E1,4.9E1));
#2616=CARTESIAN_POINT('',(-2.197553869265E1,1.116221200514E1,4.9E1));
#2617=CARTESIAN_POINT('',(-2.196568146563E1,1.109715127882E1,4.9E1));
#2618=CARTESIAN_POINT('',(-2.197792678641E1,1.094982117558E1,4.9E1));
#2619=CARTESIAN_POINT('',(-2.201018081038E1,1.080522098880E1,4.9E1));
#2620=CARTESIAN_POINT('',(-2.203309610486E1,1.072277572751E1,4.9E1));
#2622=CARTESIAN_POINT('',(-2.231209969521E1,1.131565833092E1,4.9E1));
#2623=CARTESIAN_POINT('',(-2.223921277203E1,1.131565833092E1,4.9E1));
#2624=CARTESIAN_POINT('',(-2.211810904687E1,1.130182989377E1,4.9E1));
#2625=CARTESIAN_POINT('',(-2.202071599156E1,1.125389041574E1,4.9E1));
#2626=CARTESIAN_POINT('',(-2.199110567841E1,1.121032813216E1,4.9E1));
#2627=CARTESIAN_POINT('',(-2.198327395320E1,1.118612098694E1,4.9E1));
#2629=DIRECTION('',(-2.599733619099E-1,-9.656157885501E-1,0.E0));
#2630=VECTOR('',#2629,1.341499854444E-1);
#2631=CARTESIAN_POINT('',(-2.227722427249E1,1.144519567490E1,4.9E1));
#2632=LINE('',#2631,#2630);
#2633=DIRECTION('',(-1.E0,0.E0,0.E0));
#2634=VECTOR('',#2633,1.270462781191E0);
#2635=CARTESIAN_POINT('',(-2.100676149130E1,1.144519567490E1,4.9E1));
#2636=LINE('',#2635,#2634);
#2637=DIRECTION('',(2.771604315310E-1,9.608236545764E-1,0.E0));
#2638=VECTOR('',#2637,1.348190621264E-1);
#2639=CARTESIAN_POINT('',(-2.104412800074E1,1.131565833092E1,4.9E1));
#2640=LINE('',#2639,#2638);
#2641=CARTESIAN_POINT('',(-2.128081072236E1,1.122600500115E1,4.9E1));
#2642=CARTESIAN_POINT('',(-2.126410101472E1,1.124345738941E1,4.9E1));
#2643=CARTESIAN_POINT('',(-2.122508863926E1,1.127417724228E1,4.9E1));
#2644=CARTESIAN_POINT('',(-2.114889793603E1,1.130539874029E1,4.9E1));
#2645=CARTESIAN_POINT('',(-2.108156484297E1,1.131474524280E1,4.9E1));
#2646=CARTESIAN_POINT('',(-2.104412800074E1,1.131565833092E1,4.9E1));
#2648=CARTESIAN_POINT('',(-2.149501782656E1,1.072277572751E1,4.9E1));
#2649=CARTESIAN_POINT('',(-2.146376272520E1,1.082481463096E1,4.9E1));
#2650=CARTESIAN_POINT('',(-2.140478890188E1,1.099746867522E1,4.9E1));
#2651=CARTESIAN_POINT('',(-2.133560892837E1,1.115300923736E1,4.9E1));
#2652=CARTESIAN_POINT('',(-2.129648902443E1,1.120962986036E1,4.9E1));
#2653=CARTESIAN_POINT('',(-2.128081072236E1,1.122600500115E1,4.9E1));
#2655=DIRECTION('',(2.698078680968E-1,9.629141780621E-1,0.E0));
#2656=VECTOR('',#2655,2.077397784453E0);
#2657=CARTESIAN_POINT('',(-2.205551609397E1,8.722419947386E0,4.9E1));
#2658=LINE('',#2657,#2656);
#2659=CARTESIAN_POINT('',(-2.209942772718E1,8.247157846038E0,4.9E1));
#2660=CARTESIAN_POINT('',(-2.210772186275E1,8.261232763400E0,4.9E1));
#2661=CARTESIAN_POINT('',(-2.212110216886E1,8.299728791861E0,4.9E1));
#2662=CARTESIAN_POINT('',(-2.212394676198E1,8.391348296491E0,4.9E1));
#2663=CARTESIAN_POINT('',(-2.210593582369E1,8.524870186312E0,4.9E1));
#2664=CARTESIAN_POINT('',(-2.207552741562E1,8.651001773121E0,4.9E1));
#2665=CARTESIAN_POINT('',(-2.205551609397E1,8.722419947386E0,4.9E1));
#2667=CARTESIAN_POINT('',(-2.172419926524E1,8.129537370056E0,4.9E1));
#2668=CARTESIAN_POINT('',(-2.180345498679E1,8.132367931540E0,4.9E1));
#2669=CARTESIAN_POINT('',(-2.193642014742E1,8.147869363962E0,4.9E1));
#2670=CARTESIAN_POINT('',(-2.205036742313E1,8.190628423697E0,4.9E1));
#2671=CARTESIAN_POINT('',(-2.208807713718E1,8.227896210496E0,4.9E1));
#2672=CARTESIAN_POINT('',(-2.209942772718E1,8.247157846038E0,4.9E1));
#2674=DIRECTION('',(2.771603800221E-1,9.608236694347E-1,0.E0));
#2675=VECTOR('',#2674,1.348190871819E-1);
#2676=CARTESIAN_POINT('',(-2.176156577468E1,8.E0,4.9E1));
#2677=LINE('',#2676,#2675);
#2678=DIRECTION('',(1.E0,0.E0,0.E0));
#2679=VECTOR('',#2678,1.442348808050E0);
#2680=CARTESIAN_POINT('',(-2.320391458273E1,8.E0,4.9E1));
#2681=LINE('',#2680,#2679);
#2682=DIRECTION('',(-2.599733131120E-1,-9.656158016880E-1,0.E0));
#2683=VECTOR('',#2682,1.341500106248E-1);
#2684=CARTESIAN_POINT('',(-2.316903916001E1,8.129537370056E0,4.9E1));
#2685=LINE('',#2684,#2683);
#2686=CARTESIAN_POINT('',(-2.283163129368E1,8.227826233300E0,4.9E1));
#2687=CARTESIAN_POINT('',(-2.285392733234E1,8.209916306849E0,4.9E1));
#2688=CARTESIAN_POINT('',(-2.290736146941E1,8.177155933315E0,4.9E1));
#2689=CARTESIAN_POINT('',(-2.301634306970E1,8.142533300645E0,4.9E1));
#2690=CARTESIAN_POINT('',(-2.311424326682E1,8.131363896642E0,4.9E1));
#2691=CARTESIAN_POINT('',(-2.316903916001E1,8.129537370056E0,4.9E1));
#2693=CARTESIAN_POINT('',(-2.259110328555E1,8.722419947386E0,4.9E1));
#2694=CARTESIAN_POINT('',(-2.262255793585E1,8.622505009493E0,4.9E1));
#2695=CARTESIAN_POINT('',(-2.268393460411E1,8.453430721529E0,4.9E1));
#2696=CARTESIAN_POINT('',(-2.276238815551E1,8.300331715159E0,4.9E1));
#2697=CARTESIAN_POINT('',(-2.281067368788E1,8.244661025530E0,4.9E1));
#2698=CARTESIAN_POINT('',(-2.283163129368E1,8.227826233300E0,4.9E1));
#2700=DIRECTION('',(-2.687990622506E-1,-9.631962749789E-1,0.E0));
#2701=VECTOR('',#2700,1.000893534401E0);
#2702=CARTESIAN_POINT('',(-2.232206404209E1,9.686476871371E0,4.9E1));
#2703=LINE('',#2702,#2701);
#2704=DIRECTION('',(1.E0,0.E0,0.E0));
#2705=VECTOR('',#2704,1.424911096692E0);
#2706=CARTESIAN_POINT('',(-2.374697513878E1,9.686476871371E0,4.9E1));
#2707=LINE('',#2706,#2705);
#2708=DIRECTION('',(2.711056792663E-1,9.625495886808E-1,0.E0));
#2709=VECTOR('',#2708,1.001565981974E0);
#2710=CARTESIAN_POINT('',(-2.401850536466E1,8.722419947386E0,4.9E1));
#2711=LINE('',#2710,#2709);
#2712=CARTESIAN_POINT('',(-2.408576512275E1,8.301423475176E0,4.9E1));
#2713=CARTESIAN_POINT('',(-2.408727924792E1,8.333220313760E0,4.9E1));
#2714=CARTESIAN_POINT('',(-2.408524786426E1,8.406729663376E0,4.9E1));
#2715=CARTESIAN_POINT('',(-2.406428649972E1,8.544417367149E0,4.9E1));
#2716=CARTESIAN_POINT('',(-2.403621586270E1,8.659539550871E0,4.9E1));
#2717=CARTESIAN_POINT('',(-2.401850536466E1,8.722419947386E0,4.9E1));
#2719=CARTESIAN_POINT('',(-2.373701068759E1,8.129537370056E0,4.9E1));
#2720=CARTESIAN_POINT('',(-2.380286864992E1,8.132432225834E0,4.9E1));
#2721=CARTESIAN_POINT('',(-2.391456326544E1,8.146489760016E0,4.9E1));
#2722=CARTESIAN_POINT('',(-2.401621475060E1,8.185527997283E0,4.9E1));
#2723=CARTESIAN_POINT('',(-2.407083960670E1,8.235292356937E0,4.9E1));
#2724=CARTESIAN_POINT('',(-2.408464714788E1,8.277945847887E0,4.9E1));
#2725=CARTESIAN_POINT('',(-2.408576512275E1,8.301423475176E0,4.9E1));
#2727=DIRECTION('',(2.771603800221E-1,9.608236694347E-1,0.E0));
#2728=VECTOR('',#2727,1.348190871819E-1);
#2729=CARTESIAN_POINT('',(-2.377437719703E1,8.E0,4.9E1));
#2730=LINE('',#2729,#2728);
#2731=DIRECTION('',(1.E0,0.E0,0.E0));
#2732=VECTOR('',#2731,1.285409281962E0);
#2733=CARTESIAN_POINT('',(-2.505978647899E1,8.E0,4.9E1));
#2734=LINE('',#2733,#2732);
#2735=DIRECTION('',(-2.771606590285E-1,-9.608235889521E-1,0.E0));
#2736=VECTOR('',#2735,1.348190984749E-1);
#2737=CARTESIAN_POINT('',(-2.502241992881E1,8.129537370056E0,4.9E1));
#2738=LINE('',#2737,#2736);
#2739=CARTESIAN_POINT('',(-2.474004630321E1,8.258510770597E0,4.9E1));
#2740=CARTESIAN_POINT('',(-2.475417242609E1,8.236778272690E0,4.9E1));
#2741=CARTESIAN_POINT('',(-2.479155852993E1,8.196643826992E0,4.9E1));
#2742=CARTESIAN_POINT('',(-2.488063549870E1,8.150589015667E0,4.9E1));
#2743=CARTESIAN_POINT('',(-2.497045037703E1,8.133249480767E0,4.9E1));
#2744=CARTESIAN_POINT('',(-2.502241992881E1,8.129537370056E0,4.9E1));
#2746=CARTESIAN_POINT('',(-2.455409250408E1,8.722419947386E0,4.9E1));
#2747=CARTESIAN_POINT('',(-2.458086132472E1,8.638544334312E0,4.9E1));
#2748=CARTESIAN_POINT('',(-2.463088348024E1,8.492617446409E0,4.9E1));
#2749=CARTESIAN_POINT('',(-2.469155486861E1,8.344129127934E0,4.9E1));
#2750=CARTESIAN_POINT('',(-2.472557348770E1,8.280776641812E0,4.9E1));
#2751=CARTESIAN_POINT('',(-2.474004630321E1,8.258510770597E0,4.9E1));
#2753=DIRECTION('',(-2.686954604703E-1,-9.632251811091E-1,0.E0));
#2754=VECTOR('',#2753,2.076727040941E0);
#2755=CARTESIAN_POINT('',(-2.399608537555E1,1.072277572751E1,4.9E1));
#2756=LINE('',#2755,#2754);
#2757=CARTESIAN_POINT('',(-2.394246600858E1,1.117589246161E1,4.9E1));
#2758=CARTESIAN_POINT('',(-2.393634111596E1,1.114923111462E1,4.9E1));
#2759=CARTESIAN_POINT('',(-2.392971915418E1,1.108072416604E1,4.9E1));
#2760=CARTESIAN_POINT('',(-2.394413691552E1,1.093459373070E1,4.9E1));
#2761=CARTESIAN_POINT('',(-2.397481393896E1,1.079903002417E1,4.9E1));
#2762=CARTESIAN_POINT('',(-2.399608537555E1,1.072277572751E1,4.9E1));
#2764=CARTESIAN_POINT('',(-2.431743770093E1,1.131565833092E1,4.9E1));
#2765=CARTESIAN_POINT('',(-2.425065046199E1,1.131565833092E1,4.9E1));
#2766=CARTESIAN_POINT('',(-2.413623220500E1,1.130729115868E1,4.9E1));
#2767=CARTESIAN_POINT('',(-2.402786427401E1,1.127588506509E1,4.9E1));
#2768=CARTESIAN_POINT('',(-2.396525682298E1,1.123155810002E1,4.9E1));
#2769=CARTESIAN_POINT('',(-2.394695076517E1,1.119541437962E1,4.9E1));
#2770=CARTESIAN_POINT('',(-2.394246600858E1,1.117589246161E1,4.9E1));
#2772=DIRECTION('',(-2.599733619099E-1,-9.656157885501E-1,0.E0));
#2773=VECTOR('',#2772,1.341499854444E-1);
#2774=CARTESIAN_POINT('',(-2.428256227821E1,1.144519567490E1,4.9E1));
#2775=LINE('',#2774,#2773);
#2776=DIRECTION('',(-1.E0,0.E0,0.E0));
#2777=VECTOR('',#2776,1.437366478145E0);
#2778=CARTESIAN_POINT('',(-2.284519580007E1,1.144519567490E1,4.9E1));
#2779=LINE('',#2778,#2777);
#2780=DIRECTION('',(2.771604315310E-1,9.608236545764E-1,0.E0));
#2781=VECTOR('',#2780,1.348190621264E-1);
#2782=CARTESIAN_POINT('',(-2.288256230950E1,1.131565833092E1,4.9E1));
#2783=LINE('',#2782,#2781);
#2784=CARTESIAN_POINT('',(-2.321682483579E1,1.122408441231E1,4.9E1));
#2785=CARTESIAN_POINT('',(-2.319776100677E1,1.123847219586E1,4.9E1));
#2786=CARTESIAN_POINT('',(-2.314866507049E1,1.126583085967E1,4.9E1));
#2787=CARTESIAN_POINT('',(-2.304091282457E1,1.129732720154E1,4.9E1));
#2788=CARTESIAN_POINT('',(-2.293988593510E1,1.131110886706E1,4.9E1));
#2789=CARTESIAN_POINT('',(-2.288256230950E1,1.131565833092E1,4.9E1));
#2791=CARTESIAN_POINT('',(-2.345800709724E1,1.072277572751E1,4.9E1));
#2792=CARTESIAN_POINT('',(-2.342251885214E1,1.082924046283E1,4.9E1));
#2793=CARTESIAN_POINT('',(-2.335584083951E1,1.100749116937E1,4.9E1));
#2794=CARTESIAN_POINT('',(-2.327868038425E1,1.115993937175E1,4.9E1));
#2795=CARTESIAN_POINT('',(-2.323449638876E1,1.121074740227E1,4.9E1));
#2796=CARTESIAN_POINT('',(-2.321682483579E1,1.122408441231E1,4.9E1));
#2798=DIRECTION('',(1.E0,0.E0,0.E0));
#2799=VECTOR('',#2798,1.292882561684E0);
#2800=CARTESIAN_POINT('',(-2.140782916546E1,8.E0,4.9E1));
#2801=LINE('',#2800,#2799);
#2802=DIRECTION('',(-2.771603800221E-1,-9.608236694347E-1,0.E0));
#2803=VECTOR('',#2802,1.348190871819E-1);
#2804=CARTESIAN_POINT('',(-2.137046265602E1,8.129537370056E0,4.9E1));
#2805=LINE('',#2804,#2803);
#2806=CARTESIAN_POINT('',(-2.107563345149E1,8.270966325318E0,4.9E1));
#2807=CARTESIAN_POINT('',(-2.108951419659E1,8.249611420563E0,4.9E1));
#2808=CARTESIAN_POINT('',(-2.112740980663E1,8.209049595734E0,4.9E1));
#2809=CARTESIAN_POINT('',(-2.122100127579E1,8.159520804250E0,4.9E1));
#2810=CARTESIAN_POINT('',(-2.131556861343E1,8.136980625941E0,4.9E1));
#2811=CARTESIAN_POINT('',(-2.137046265602E1,8.129537370056E0,4.9E1));
#2813=CARTESIAN_POINT('',(-2.090213543177E1,8.722419947386E0,4.9E1));
#2814=CARTESIAN_POINT('',(-2.092631104790E1,8.641834266585E0,4.9E1));
#2815=CARTESIAN_POINT('',(-2.097166290734E1,8.501104903563E0,4.9E1));
#2816=CARTESIAN_POINT('',(-2.102821595376E1,8.355835104047E0,4.9E1));
#2817=CARTESIAN_POINT('',(-2.106114793057E1,8.293251650612E0,4.9E1));
#2818=CARTESIAN_POINT('',(-2.107563345149E1,8.270966325318E0,4.9E1));
#2820=DIRECTION('',(-2.686954837707E-1,-9.632251746094E-1,0.E0));
#2821=VECTOR('',#2820,2.076727054955E0);
#2822=CARTESIAN_POINT('',(-2.034412825108E1,1.072277572751E1,4.9E1));
#2823=LINE('',#2822,#2821);
#2824=CARTESIAN_POINT('',(-2.031526894271E1,1.116323717162E1,4.9E1));
#2825=CARTESIAN_POINT('',(-2.030446544656E1,1.113953922621E1,4.9E1));
#2826=CARTESIAN_POINT('',(-2.028869698239E1,1.107699898974E1,4.9E1));
#2827=CARTESIAN_POINT('',(-2.029361916027E1,1.093699508155E1,4.9E1));
#2828=CARTESIAN_POINT('',(-2.032246342182E1,1.080044025931E1,4.9E1));
#2829=CARTESIAN_POINT('',(-2.034412825108E1,1.072277572751E1,4.9E1));
#2831=CARTESIAN_POINT('',(-2.066548031569E1,1.131565833092E1,4.9E1));
#2832=CARTESIAN_POINT('',(-2.059181860980E1,1.130904770759E1,4.9E1));
#2833=CARTESIAN_POINT('',(-2.046828583429E1,1.128605830149E1,4.9E1));
#2834=CARTESIAN_POINT('',(-2.036134774273E1,1.123193135084E1,4.9E1));
#2835=CARTESIAN_POINT('',(-2.032605475603E1,1.118689632899E1,4.9E1));
#2836=CARTESIAN_POINT('',(-2.031526894271E1,1.116323717162E1,4.9E1));
#2838=DIRECTION('',(-2.599719119149E-1,-9.656161789320E-1,0.E0));
#2839=VECTOR('',#2838,1.341499312099E-1);
#2840=CARTESIAN_POINT('',(-2.063060510159E1,1.144519567490E1,4.9E1));
#2841=LINE('',#2840,#2839);
#2842=DIRECTION('',(-1.E0,0.E0,0.E0));
#2843=VECTOR('',#2842,1.337722539902E0);
#2844=CARTESIAN_POINT('',(-1.929288256168E1,1.144519567490E1,4.9E1));
#2845=LINE('',#2844,#2843);
#2846=DIRECTION('',(2.771604315310E-1,9.608236545764E-1,0.E0));
#2847=VECTOR('',#2846,1.348190621264E-1);
#2848=CARTESIAN_POINT('',(-1.933024907112E1,1.131565833092E1,4.9E1));
#2849=LINE('',#2848,#2847);
#2850=CARTESIAN_POINT('',(-1.959867574019E1,1.121031645186E1,4.9E1));
#2851=CARTESIAN_POINT('',(-1.957939378976E1,1.122700277184E1,4.9E1));
#2852=CARTESIAN_POINT('',(-1.953442708216E1,1.125780797531E1,4.9E1));
#2853=CARTESIAN_POINT('',(-1.944580104744E1,1.129416456633E1,4.9E1));
#2854=CARTESIAN_POINT('',(-1.937131800720E1,1.131018250334E1,4.9E1));
#2855=CARTESIAN_POINT('',(-1.933024907112E1,1.131565833092E1,4.9E1));
#2857=CARTESIAN_POINT('',(-1.980604976416E1,1.072277572751E1,4.9E1));
#2858=CARTESIAN_POINT('',(-1.977913747795E1,1.082300062454E1,4.9E1));
#2859=CARTESIAN_POINT('',(-1.972604336639E1,1.099196364034E1,4.9E1));
#2860=CARTESIAN_POINT('',(-1.965817078470E1,1.114195241889E1,4.9E1));
#2861=CARTESIAN_POINT('',(-1.961639444993E1,1.119498293768E1,4.9E1));
#2862=CARTESIAN_POINT('',(-1.959867574019E1,1.121031645186E1,4.9E1));
#2864=DIRECTION('',(2.698079612083E-1,9.629141519723E-1,0.E0));
#2865=VECTOR('',#2864,2.077397840739E0);
#2866=CARTESIAN_POINT('',(-2.036654824018E1,8.722419947386E0,4.9E1));
#2867=LINE('',#2866,#2865);
#2868=CARTESIAN_POINT('',(-2.040669735567E1,8.274806779783E0,4.9E1));
#2869=CARTESIAN_POINT('',(-2.041577308391E1,8.299241437923E0,4.9E1));
#2870=CARTESIAN_POINT('',(-2.042808040655E1,8.363711580328E0,4.9E1));
#2871=CARTESIAN_POINT('',(-2.041886034254E1,8.506327944649E0,4.9E1));
#2872=CARTESIAN_POINT('',(-2.038847854498E1,8.644153165526E0,4.9E1));
#2873=CARTESIAN_POINT('',(-2.036654824018E1,8.722419947386E0,4.9E1));
#2875=CARTESIAN_POINT('',(-2.007758009434E1,8.129537370056E0,4.9E1));
#2876=CARTESIAN_POINT('',(-2.014829565389E1,8.133308870185E0,4.9E1));
#2877=CARTESIAN_POINT('',(-2.026642353212E1,8.152287775213E0,4.9E1));
#2878=CARTESIAN_POINT('',(-2.036516450386E1,8.203841299440E0,4.9E1));
#2879=CARTESIAN_POINT('',(-2.039738198717E1,8.249726936164E0,4.9E1));
#2880=CARTESIAN_POINT('',(-2.040669735567E1,8.274806779783E0,4.9E1));
#2882=DIRECTION('',(2.771603800221E-1,9.608236694347E-1,0.E0));
#2883=VECTOR('',#2882,1.348190871819E-1);
#2884=CARTESIAN_POINT('',(-2.011494660378E1,8.E0,4.9E1));
#2885=LINE('',#2884,#2883);
#2886=DIRECTION('',(-1.098055382901E-1,9.939530893160E-1,0.E0));
#2887=VECTOR('',#2886,1.746862142384E0);
#2888=CARTESIAN_POINT('',(-1.807971519232E1,9.026334509254E0,4.9E1));
#2889=LINE('',#2888,#2887);
#2890=DIRECTION('',(-4.736043422318E-1,-8.807377174955E-1,0.E0));
#2891=VECTOR('',#2890,1.798880255122E0);
#2892=CARTESIAN_POINT('',(-1.722775769234E1,1.061067619920E1,4.9E1));
#2893=LINE('',#2892,#2891);
#2894=DIRECTION('',(1.231441272123E-1,-9.923887967592E-1,0.E0));
#2895=VECTOR('',#2894,3.438986581952E-1);
#2896=CARTESIAN_POINT('',(-1.727010679245E1,1.095195737481E1,4.9E1));
#2897=LINE('',#2896,#2895);
#2898=CARTESIAN_POINT('',(-1.740711748320E1,1.124839876199E1,4.9E1));
#2899=CARTESIAN_POINT('',(-1.738711023255E1,1.123553697510E1,4.9E1));
#2900=CARTESIAN_POINT('',(-1.734828474456E1,1.119954561145E1,4.9E1));
#2901=CARTESIAN_POINT('',(-1.729974408622E1,1.110741574137E1,4.9E1));
#2902=CARTESIAN_POINT('',(-1.727723782886E1,1.100942467592E1,4.9E1));
#2903=CARTESIAN_POINT('',(-1.727010679245E1,1.095195737481E1,4.9E1));
#2905=CARTESIAN_POINT('',(-1.770355880260E1,1.131565833092E1,4.9E1));
#2906=CARTESIAN_POINT('',(-1.765667857268E1,1.131565833092E1,4.9E1));
#2907=CARTESIAN_POINT('',(-1.757229421241E1,1.130961307564E1,4.9E1));
#2908=CARTESIAN_POINT('',(-1.747656726889E1,1.128579190916E1,4.9E1));
#2909=CARTESIAN_POINT('',(-1.742784167055E1,1.126172143615E1,4.9E1));
#2910=CARTESIAN_POINT('',(-1.740711748320E1,1.124839876199E1,4.9E1));
#2912=DIRECTION('',(-2.771604315310E-1,-9.608236545764E-1,0.E0));
#2913=VECTOR('',#2912,1.348190621264E-1);
#2914=CARTESIAN_POINT('',(-1.766619229317E1,1.144519567490E1,4.9E1));
#2915=LINE('',#2914,#2913);
#2916=DIRECTION('',(-1.E0,0.E0,0.E0));
#2917=VECTOR('',#2916,1.258006930351E0);
#2918=CARTESIAN_POINT('',(-1.640818536282E1,1.144519567490E1,4.9E1));
#2919=LINE('',#2918,#2917);
#2920=DIRECTION('',(2.771604315310E-1,9.608236545764E-1,0.E0));
#2921=VECTOR('',#2920,1.348190621264E-1);
#2922=CARTESIAN_POINT('',(-1.644555187225E1,1.131565833092E1,4.9E1));
#2923=LINE('',#2922,#2921);
#2924=CARTESIAN_POINT('',(-1.672210724936E1,1.122850973117E1,4.9E1));
#2925=CARTESIAN_POINT('',(-1.671232428847E1,1.123896737318E1,4.9E1));
#2926=CARTESIAN_POINT('',(-1.668072211614E1,1.126106090103E1,4.9E1));
#2927=CARTESIAN_POINT('',(-1.659432871992E1,1.129081149055E1,4.9E1));
#2928=CARTESIAN_POINT('',(-1.650067036738E1,1.130830923926E1,4.9E1));
#2929=CARTESIAN_POINT('',(-1.644555187225E1,1.131565833092E1,4.9E1));
#2931=CARTESIAN_POINT('',(-1.677686870098E1,1.105907472968E1,4.9E1));
#2932=CARTESIAN_POINT('',(-1.677686870098E1,1.108590143717E1,4.9E1));
#2933=CARTESIAN_POINT('',(-1.677216323346E1,1.113416101165E1,4.9E1));
#2934=CARTESIAN_POINT('',(-1.675350416323E1,1.118787767932E1,4.9E1));
#2935=CARTESIAN_POINT('',(-1.673358133472E1,1.121624433644E1,4.9E1));
#2936=CARTESIAN_POINT('',(-1.672210724936E1,1.122850973117E1,4.9E1));
#2938=CARTESIAN_POINT('',(-1.676952788432E1,1.094446936685E1,4.9E1));
#2939=CARTESIAN_POINT('',(-1.677119479264E1,1.095988837353E1,4.9E1));
#2940=CARTESIAN_POINT('',(-1.677391414266E1,1.098894772603E1,4.9E1));
#2941=CARTESIAN_POINT('',(-1.677634352494E1,1.102770084092E1,4.9E1));
#2942=CARTESIAN_POINT('',(-1.677686870098E1,1.104926991029E1,4.9E1));
#2943=CARTESIAN_POINT('',(-1.677686870098E1,1.105907472968E1,4.9E1));
#2945=CARTESIAN_POINT('',(-1.673950219154E1,1.072028464079E1,4.9E1));
#2946=CARTESIAN_POINT('',(-1.674448244065E1,1.075431757110E1,4.9E1));
#2947=CARTESIAN_POINT('',(-1.675333728461E1,1.081630248862E1,4.9E1));
#2948=CARTESIAN_POINT('',(-1.676333167247E1,1.089103378060E1,4.9E1));
#2949=CARTESIAN_POINT('',(-1.676782156686E1,1.092868582321E1,4.9E1));
#2950=CARTESIAN_POINT('',(-1.676952788432E1,1.094446936685E1,4.9E1));
#2952=DIRECTION('',(-1.436790752877E-1,9.896243344444E-1,0.E0));
#2953=VECTOR('',#2952,1.699124137408E0);
#2954=CARTESIAN_POINT('',(-1.649537360668E1,9.038790047169E0,4.9E1));
#2955=LINE('',#2954,#2953);
#2956=DIRECTION('',(-4.455103050688E-1,-8.952768108677E-1,0.E0));
#2957=VECTOR('',#2956,1.755754346531E0);
#2958=CARTESIAN_POINT('',(-1.571316695213E1,1.061067619920E1,4.9E1));
#2959=LINE('',#2958,#2957);
#2960=CARTESIAN_POINT('',(-1.554334976646E1,1.097421426165E1,4.9E1));
#2961=CARTESIAN_POINT('',(-1.555015090516E1,1.095678623693E1,4.9E1));
#2962=CARTESIAN_POINT('',(-1.557147161244E1,1.090649114644E1,4.9E1));
#2963=CARTESIAN_POINT('',(-1.562761672770E1,1.078504008735E1,4.9E1));
#2964=CARTESIAN_POINT('',(-1.568175732446E1,1.067379552770E1,4.9E1));
#2965=CARTESIAN_POINT('',(-1.571316695213E1,1.061067619920E1,4.9E1));
#2967=CARTESIAN_POINT('',(-1.551387917995E1,1.111138796806E1,4.9E1));
#2968=CARTESIAN_POINT('',(-1.551387917995E1,1.109885939985E1,4.9E1));
#2969=CARTESIAN_POINT('',(-1.551582907339E1,1.107198450290E1,4.9E1));
#2970=CARTESIAN_POINT('',(-1.552530790613E1,1.102589338257E1,4.9E1));
#2971=CARTESIAN_POINT('',(-1.553642510092E1,1.099195882583E1,4.9E1));
#2972=CARTESIAN_POINT('',(-1.554334976646E1,1.097421426165E1,4.9E1));
#2974=CARTESIAN_POINT('',(-1.560132730591E1,1.127031508610E1,4.9E1));
#2975=CARTESIAN_POINT('',(-1.558264816437E1,1.126077681947E1,4.9E1));
#2976=CARTESIAN_POINT('',(-1.555126152062E1,1.123615981512E1,4.9E1));
#2977=CARTESIAN_POINT('',(-1.552212504742E1,1.118641926519E1,4.9E1));
#2978=CARTESIAN_POINT('',(-1.551387917995E1,1.113852043832E1,4.9E1));
#2979=CARTESIAN_POINT('',(-1.551387917995E1,1.111138796806E1,4.9E1));
#2981=CARTESIAN_POINT('',(-1.586512470245E1,1.131565833092E1,4.9E1));
#2982=CARTESIAN_POINT('',(-1.582313492996E1,1.131565833092E1,4.9E1));
#2983=CARTESIAN_POINT('',(-1.574765863567E1,1.131171523055E1,4.9E1));
#2984=CARTESIAN_POINT('',(-1.566204263462E1,1.129583266883E1,4.9E1));
#2985=CARTESIAN_POINT('',(-1.561917659746E1,1.127942960036E1,4.9E1));
#2986=CARTESIAN_POINT('',(-1.560132730591E1,1.127031508610E1,4.9E1));
#2988=DIRECTION('',(-2.248581314181E-1,-9.743915130660E-1,0.E0));
#2989=VECTOR('',#2988,1.329417818627E-1);
#2990=CARTESIAN_POINT('',(-1.583523166180E1,1.144519567490E1,4.9E1));
#2991=LINE('',#2990,#2989);
#2992=DIRECTION('',(-1.E0,0.E0,0.E0));
#2993=VECTOR('',#2992,1.006405711174E0);
#2994=CARTESIAN_POINT('',(-1.482882595062E1,1.144519567490E1,4.9E1));
#2995=LINE('',#2994,#2993);
#2996=DIRECTION('',(2.771604315310E-1,9.608236545764E-1,0.E0));
#2997=VECTOR('',#2996,1.348190621264E-1);
#2998=CARTESIAN_POINT('',(-1.486619246006E1,1.131565833092E1,4.9E1));
#2999=LINE('',#2998,#2997);
#3000=CARTESIAN_POINT('',(-1.516048412595E1,1.111907263243E1,4.9E1));
#3001=CARTESIAN_POINT('',(-1.514215067626E1,1.114863067960E1,4.9E1));
#3002=CARTESIAN_POINT('',(-1.509699459956E1,1.120331870663E1,4.9E1));
#3003=CARTESIAN_POINT('',(-1.500307597872E1,1.126929746134E1,4.9E1));
#3004=CARTESIAN_POINT('',(-1.491575964331E1,1.130280754269E1,4.9E1));
#3005=CARTESIAN_POINT('',(-1.486619246006E1,1.131565833092E1,4.9E1));
#3007=CARTESIAN_POINT('',(-1.539928793907E1,1.068042704463E1,4.9E1));
#3008=CARTESIAN_POINT('',(-1.536766881627E1,1.074366556181E1,4.9E1));
#3009=CARTESIAN_POINT('',(-1.530770892893E1,1.086042276574E1,4.9E1));
#3010=CARTESIAN_POINT('',(-1.522780994381E1,1.100678730910E1,4.9E1));
#3011=CARTESIAN_POINT('',(-1.518171129937E1,1.108484918818E1,4.9E1));
#3012=CARTESIAN_POINT('',(-1.516048412595E1,1.111907263243E1,4.9E1));
#3014=DIRECTION('',(4.472135750346E-1,8.944272012326E-1,0.E0));
#3015=VECTOR('',#3014,3.058081545161E0);
#3016=CARTESIAN_POINT('',(-1.676690351963E1,7.945195727050E0,4.9E1));
#3017=LINE('',#3016,#3015);
#3018=DIRECTION('',(1.E0,0.E0,0.E0));
#3019=VECTOR('',#3018,1.021360158920E-1);
#3020=CARTESIAN_POINT('',(-1.686903953552E1,7.945195727050E0,4.9E1));
#3021=LINE('',#3020,#3019);
#3022=DIRECTION('',(1.323784703237E-1,-9.911992436411E-1,0.E0));
#3023=VECTOR('',#3022,2.276978672353E0);
#3024=CARTESIAN_POINT('',(-1.717046248913E1,1.020213526487E1,4.9E1));
#3025=LINE('',#3024,#3023);
#3026=DIRECTION('',(4.658672653912E-1,8.848546157629E-1,0.E0));
#3027=VECTOR('',#3026,2.550633174781E0);
#3028=CARTESIAN_POINT('',(-1.835871899128E1,7.945195727050E0,4.9E1));
#3029=LINE('',#3028,#3027);
#3030=DIRECTION('',(1.E0,0.E0,0.E0));
#3031=VECTOR('',#3030,1.021351814270E-1);
#3032=CARTESIAN_POINT('',(-1.846085417271E1,7.945195727050E0,4.9E1));
#3033=LINE('',#3032,#3031);
#3034=DIRECTION('',(1.098527039619E-1,-9.939478776235E-1,0.E0));
#3035=VECTOR('',#3034,2.834593109622E0);
#3036=CARTESIAN_POINT('',(-1.877224189043E1,1.076263353229E1,4.9E1));
#3037=LINE('',#3036,#3035);
#3038=CARTESIAN_POINT('',(-1.892170834541E1,1.125338074565E1,4.9E1));
#3039=CARTESIAN_POINT('',(-1.890889421393E1,1.124549513580E1,4.9E1));
#3040=CARTESIAN_POINT('',(-1.888145443706E1,1.121781922727E1,4.9E1));
#3041=CARTESIAN_POINT('',(-1.884139149507E1,1.113196519874E1,4.9E1));
#3042=CARTESIAN_POINT('',(-1.880359286299E1,1.099075543602E1,4.9E1));
#3043=CARTESIAN_POINT('',(-1.878149900013E1,1.084639191239E1,4.9E1));
#3044=CARTESIAN_POINT('',(-1.877224189043E1,1.076263353229E1,4.9E1));
#3046=CARTESIAN_POINT('',(-1.922313171625E1,1.131565833092E1,4.9E1));
#3047=CARTESIAN_POINT('',(-1.917411760093E1,1.131565833092E1,4.9E1));
#3048=CARTESIAN_POINT('',(-1.908650946219E1,1.130961740262E1,4.9E1));
#3049=CARTESIAN_POINT('',(-1.898823215311E1,1.128702928086E1,4.9E1));
#3050=CARTESIAN_POINT('',(-1.894099850722E1,1.126525160012E1,4.9E1));
#3051=CARTESIAN_POINT('',(-1.892170834541E1,1.125338074565E1,4.9E1));
#3053=DIRECTION('',(-2.771604315310E-1,-9.608236545764E-1,0.E0));
#3054=VECTOR('',#3053,1.348190621264E-1);
#3055=CARTESIAN_POINT('',(-1.918576520681E1,1.144519567490E1,4.9E1));
#3056=LINE('',#3055,#3054);
#3057=DIRECTION('',(-1.E0,0.E0,0.E0));
#3058=VECTOR('',#3057,1.258007347584E0);
#3059=CARTESIAN_POINT('',(-1.792775785923E1,1.144519567490E1,4.9E1));
#3060=LINE('',#3059,#3058);
#3061=DIRECTION('',(2.771604315310E-1,9.608236545764E-1,0.E0));
#3062=VECTOR('',#3061,1.348190621264E-1);
#3063=CARTESIAN_POINT('',(-1.796512436867E1,1.131565833092E1,4.9E1));
#3064=LINE('',#3063,#3062);
#3065=CARTESIAN_POINT('',(-1.819625605080E1,1.125494896321E1,4.9E1));
#3066=CARTESIAN_POINT('',(-1.817658721389E1,1.126667460379E1,4.9E1));
#3067=CARTESIAN_POINT('',(-1.813358018499E1,1.128738721051E1,4.9E1));
#3068=CARTESIAN_POINT('',(-1.805749663002E1,1.130843633204E1,4.9E1));
#3069=CARTESIAN_POINT('',(-1.799739473178E1,1.131476194028E1,4.9E1));
#3070=CARTESIAN_POINT('',(-1.796512436867E1,1.131565833092E1,4.9E1));
#3072=CARTESIAN_POINT('',(-1.829395031929E1,1.106654798985E1,4.9E1));
#3073=CARTESIAN_POINT('',(-1.829395031929E1,1.109762892211E1,4.9E1));
#3074=CARTESIAN_POINT('',(-1.828516976674E1,1.115296521133E1,4.9E1));
#3075=CARTESIAN_POINT('',(-1.825352786760E1,1.121102039995E1,4.9E1));
#3076=CARTESIAN_POINT('',(-1.821771636220E1,1.124215532932E1,4.9E1));
#3077=CARTESIAN_POINT('',(-1.819625605080E1,1.125494896321E1,4.9E1));
#3079=CARTESIAN_POINT('',(-1.829145922652E1,1.094448389537E1,4.9E1));
#3080=CARTESIAN_POINT('',(-1.829227081984E1,1.095990427038E1,4.9E1));
#3081=CARTESIAN_POINT('',(-1.829337988293E1,1.098951112747E1,4.9E1));
#3082=CARTESIAN_POINT('',(-1.829394879102E1,1.102995656008E1,4.9E1));
#3083=CARTESIAN_POINT('',(-1.829395031929E1,1.105473974967E1,4.9E1));
#3084=CARTESIAN_POINT('',(-1.829395031929E1,1.106654798985E1,4.9E1));
#3086=CARTESIAN_POINT('',(-1.827153033018E1,1.076263353229E1,4.9E1));
#3087=CARTESIAN_POINT('',(-1.827494166931E1,1.078821871861E1,4.9E1));
#3088=CARTESIAN_POINT('',(-1.828116000587E1,1.083576872020E1,4.9E1));
#3089=CARTESIAN_POINT('',(-1.828798307794E1,1.089564235879E1,4.9E1));
#3090=CARTESIAN_POINT('',(-1.829066100849E1,1.092931765252E1,4.9E1));
#3091=CARTESIAN_POINT('',(-1.829145922652E1,1.094448389537E1,4.9E1));
#3093=DIRECTION('',(1.E0,0.E0,0.E0));
#3094=VECTOR('',#3093,1.292882561684E0);
#3095=CARTESIAN_POINT('',(-1.548149442673E1,8.E0,4.9E1));
#3096=LINE('',#3095,#3094);
#3097=DIRECTION('',(-2.771603800221E-1,-9.608236694347E-1,0.E0));
#3098=VECTOR('',#3097,1.348190871819E-1);
#3099=CARTESIAN_POINT('',(-1.544412791729E1,8.129537370056E0,4.9E1));
#3100=LINE('',#3099,#3098);
#3101=CARTESIAN_POINT('',(-1.514929900833E1,8.270966512494E0,4.9E1));
#3102=CARTESIAN_POINT('',(-1.516317978925E1,8.249611552620E0,4.9E1));
#3103=CARTESIAN_POINT('',(-1.520107540391E1,8.209049628883E0,4.9E1));
#3104=CARTESIAN_POINT('',(-1.529466666842E1,8.159520797946E0,4.9E1));
#3105=CARTESIAN_POINT('',(-1.538923392102E1,8.136980619660E0,4.9E1));
#3106=CARTESIAN_POINT('',(-1.544412791729E1,8.129537370056E0,4.9E1));
#3108=CARTESIAN_POINT('',(-1.497580111027E1,8.722419947386E0,4.9E1));
#3109=CARTESIAN_POINT('',(-1.499997672928E1,8.641834256979E0,4.9E1));
#3110=CARTESIAN_POINT('',(-1.504532858821E1,8.501104896226E0,4.9E1));
#3111=CARTESIAN_POINT('',(-1.510188160449E1,8.355835145012E0,4.9E1));
#3112=CARTESIAN_POINT('',(-1.513481352418E1,8.293251781204E0,4.9E1));
#3113=CARTESIAN_POINT('',(-1.514929900833E1,8.270966512494E0,4.9E1));
#3115=DIRECTION('',(-2.686956701743E-1,-9.632251226113E-1,0.E0));
#3116=VECTOR('',#3115,2.076727167063E0);
#3117=CARTESIAN_POINT('',(-1.441779351234E1,1.072277572751E1,4.9E1));
#3118=LINE('',#3117,#3116);
#3119=CARTESIAN_POINT('',(-1.438893444944E1,1.116323724993E1,4.9E1));
#3120=CARTESIAN_POINT('',(-1.437813099086E1,1.113953925889E1,4.9E1));
#3121=CARTESIAN_POINT('',(-1.436236253871E1,1.107699895253E1,4.9E1));
#3122=CARTESIAN_POINT('',(-1.436728453879E1,1.093699496768E1,4.9E1));
#3123=CARTESIAN_POINT('',(-1.439612868436E1,1.080044019669E1,4.9E1));
#3124=CARTESIAN_POINT('',(-1.441779351234E1,1.072277572751E1,4.9E1));
#3126=CARTESIAN_POINT('',(-1.473914599419E1,1.131565833092E1,4.9E1));
#3127=CARTESIAN_POINT('',(-1.466548422472E1,1.130904770188E1,4.9E1));
#3128=CARTESIAN_POINT('',(-1.454195135072E1,1.128605828877E1,4.9E1));
#3129=CARTESIAN_POINT('',(-1.443501310630E1,1.123193134345E1,4.9E1));
#3130=CARTESIAN_POINT('',(-1.439972019174E1,1.118689637934E1,4.9E1));
#3131=CARTESIAN_POINT('',(-1.438893444944E1,1.116323724993E1,4.9E1));
#3133=DIRECTION('',(-2.599748119031E-1,-9.656153981663E-1,0.E0));
#3134=VECTOR('',#3133,1.341500396792E-1);
#3135=CARTESIAN_POINT('',(-1.470427036285E1,1.144519567490E1,4.9E1));
#3136=LINE('',#3135,#3134);
#3137=DIRECTION('',(-1.E0,0.E0,0.E0));
#3138=VECTOR('',#3137,1.337722539902E0);
#3139=CARTESIAN_POINT('',(-1.336654782295E1,1.144519567490E1,4.9E1));
#3140=LINE('',#3139,#3138);
#3141=DIRECTION('',(2.771604315310E-1,9.608236545764E-1,0.E0));
#3142=VECTOR('',#3141,1.348190621264E-1);
#3143=CARTESIAN_POINT('',(-1.340391433239E1,1.131565833092E1,4.9E1));
#3144=LINE('',#3143,#3142);
#3145=CARTESIAN_POINT('',(-1.367234100146E1,1.121031645186E1,4.9E1));
#3146=CARTESIAN_POINT('',(-1.365305905102E1,1.122700277184E1,4.9E1));
#3147=CARTESIAN_POINT('',(-1.360809234343E1,1.125780797531E1,4.9E1));
#3148=CARTESIAN_POINT('',(-1.351946630871E1,1.129416456633E1,4.9E1));
#3149=CARTESIAN_POINT('',(-1.344498326847E1,1.131018250334E1,4.9E1));
#3150=CARTESIAN_POINT('',(-1.340391433239E1,1.131565833092E1,4.9E1));
#3152=CARTESIAN_POINT('',(-1.387971544266E1,1.072277572751E1,4.9E1));
#3153=CARTESIAN_POINT('',(-1.385280315900E1,1.082300061506E1,4.9E1));
#3154=CARTESIAN_POINT('',(-1.379970894315E1,1.099196359725E1,4.9E1));
#3155=CARTESIAN_POINT('',(-1.373183612319E1,1.114195240628E1,4.9E1));
#3156=CARTESIAN_POINT('',(-1.369005972449E1,1.119498292618E1,4.9E1));
#3157=CARTESIAN_POINT('',(-1.367234100146E1,1.121031645186E1,4.9E1));
#3159=DIRECTION('',(2.698079612083E-1,9.629141519723E-1,0.E0));
#3160=VECTOR('',#3159,2.077397840739E0);
#3161=CARTESIAN_POINT('',(-1.444021391869E1,8.722419947386E0,4.9E1));
#3162=LINE('',#3161,#3160);
#3163=CARTESIAN_POINT('',(-1.448036261694E1,8.274806779783E0,4.9E1));
#3164=CARTESIAN_POINT('',(-1.448943835022E1,8.299241451508E0,4.9E1));
#3165=CARTESIAN_POINT('',(-1.450174574096E1,8.363711602238E0,4.9E1));
#3166=CARTESIAN_POINT('',(-1.449252590114E1,8.506327978670E0,4.9E1));
#3167=CARTESIAN_POINT('',(-1.446214421710E1,8.644153188310E0,4.9E1));
#3168=CARTESIAN_POINT('',(-1.444021391869E1,8.722419947386E0,4.9E1));
#3170=CARTESIAN_POINT('',(-1.415124535561E1,8.129537370056E0,4.9E1));
#3171=CARTESIAN_POINT('',(-1.422196091516E1,8.133308870185E0,4.9E1));
#3172=CARTESIAN_POINT('',(-1.434008879339E1,8.152287775213E0,4.9E1));
#3173=CARTESIAN_POINT('',(-1.443882976513E1,8.203841299440E0,4.9E1));
#3174=CARTESIAN_POINT('',(-1.447104724844E1,8.249726936164E0,4.9E1));
#3175=CARTESIAN_POINT('',(-1.448036261694E1,8.274806779783E0,4.9E1));
#3177=DIRECTION('',(2.771603800221E-1,9.608236694347E-1,0.E0));
#3178=VECTOR('',#3177,1.348190871819E-1);
#3179=CARTESIAN_POINT('',(-1.418861186504E1,8.E0,4.9E1));
#3180=LINE('',#3179,#3178);
#3181=DIRECTION('',(1.E0,0.E0,0.E0));
#3182=VECTOR('',#3181,1.043772220612E0);
#3183=CARTESIAN_POINT('',(-1.376263332367E1,8.E0,4.9E1));
#3184=LINE('',#3183,#3182);
#3185=DIRECTION('',(-2.771603800221E-1,-9.608236694347E-1,0.E0));
#3186=VECTOR('',#3185,1.348190871819E-1);
#3187=CARTESIAN_POINT('',(-1.372526681423E1,8.129537370056E0,4.9E1));
#3188=LINE('',#3187,#3186);
#3189=CARTESIAN_POINT('',(-1.343811707348E1,8.270911805957E0,4.9E1));
#3190=CARTESIAN_POINT('',(-1.346468059907E1,8.242240067031E0,4.9E1));
#3191=CARTESIAN_POINT('',(-1.352196649076E1,8.194116241204E0,4.9E1));
#3192=CARTESIAN_POINT('',(-1.361465206374E1,8.148628970231E0,4.9E1));
#3193=CARTESIAN_POINT('',(-1.368694631572E1,8.132943639859E0,4.9E1));
#3194=CARTESIAN_POINT('',(-1.372526681423E1,8.129537370056E0,4.9E1));
#3196=CARTESIAN_POINT('',(-1.303523099422E1,9.424910992384E0,4.9E1));
#3197=CARTESIAN_POINT('',(-1.309158508253E1,9.221740129922E0,4.9E1));
#3198=CARTESIAN_POINT('',(-1.319318283887E1,8.873674755775E0,4.9E1));
#3199=CARTESIAN_POINT('',(-1.330315081851E1,8.545177071185E0,4.9E1));
#3200=CARTESIAN_POINT('',(-1.338313542480E1,8.349831425446E0,4.9E1));
#3201=CARTESIAN_POINT('',(-1.342380214892E1,8.286362834033E0,4.9E1));
#3202=CARTESIAN_POINT('',(-1.343811707348E1,8.270911805957E0,4.9E1));
#3204=DIRECTION('',(-2.687676466433E-1,-9.632050415762E-1,0.E0));
#3205=VECTOR('',#3204,1.714693633933E0);
#3206=CARTESIAN_POINT('',(-1.257437682152E1,1.107651254535E1,4.9E1));
#3207=LINE('',#3206,#3205);
#3208=CARTESIAN_POINT('',(-1.275188289411E1,1.125188468420E1,4.9E1));
#3209=CARTESIAN_POINT('',(-1.273314943978E1,1.124417091069E1,4.9E1));
#3210=CARTESIAN_POINT('',(-1.269456411888E1,1.122198457303E1,4.9E1));
#3211=CARTESIAN_POINT('',(-1.263506429254E1,1.116549389349E1,4.9E1));
#3212=CARTESIAN_POINT('',(-1.259441966022E1,1.110930982067E1,4.9E1));
#3213=CARTESIAN_POINT('',(-1.257437682152E1,1.107651254535E1,4.9E1));
#3215=CARTESIAN_POINT('',(-1.302028489113E1,1.131565833092E1,4.9E1));
#3216=CARTESIAN_POINT('',(-1.298010192494E1,1.131041713171E1,4.9E1));
#3217=CARTESIAN_POINT('',(-1.290672982683E1,1.129818814760E1,4.9E1));
#3218=CARTESIAN_POINT('',(-1.281832494250E1,1.127637248260E1,4.9E1));
#3219=CARTESIAN_POINT('',(-1.277192860559E1,1.126013879875E1,4.9E1));
#3220=CARTESIAN_POINT('',(-1.275188289411E1,1.125188468420E1,4.9E1));
#3222=DIRECTION('',(-2.599748119031E-1,-9.656153981663E-1,0.E0));
#3223=VECTOR('',#3222,1.341500396792E-1);
#3224=CARTESIAN_POINT('',(-1.298540925980E1,1.144519567490E1,4.9E1));
#3225=LINE('',#3224,#3223);
#3226=DIRECTION('',(-1.E0,0.E0,0.E0));
#3227=VECTOR('',#3226,8.419927358627E-1);
#3228=CARTESIAN_POINT('',(-1.214341652393E1,1.144519567490E1,4.9E1));
#3229=LINE('',#3228,#3227);
#3230=DIRECTION('',(-3.784931966668E-1,9.256040730663E-1,0.E0));
#3231=VECTOR('',#3230,2.777449366726E0);
#3232=CARTESIAN_POINT('',(-1.109217083454E1,8.874377228320E0,4.9E1));
#3233=LINE('',#3232,#3231);
#3234=DIRECTION('',(-2.747210633992E-1,-9.615239660689E-1,0.E0));
#3235=VECTOR('',#3234,1.922363419341E0);
#3236=CARTESIAN_POINT('',(-1.056405711174E1,1.072277572751E1,4.9E1));
#3237=LINE('',#3236,#3235);
#3238=CARTESIAN_POINT('',(-1.051781481068E1,1.118820389330E1,4.9E1));
#3239=CARTESIAN_POINT('',(-1.050984957066E1,1.116742466330E1,4.9E1));
#3240=CARTESIAN_POINT('',(-1.049832090811E1,1.110701170126E1,4.9E1));
#3241=CARTESIAN_POINT('',(-1.050697911339E1,1.095958495726E1,4.9E1));
#3242=CARTESIAN_POINT('',(-1.053938361991E1,1.080913297086E1,4.9E1));
#3243=CARTESIAN_POINT('',(-1.056405711174E1,1.072277572751E1,4.9E1));
#3245=CARTESIAN_POINT('',(-1.088789963722E1,1.131565833092E1,4.9E1));
#3246=CARTESIAN_POINT('',(-1.082430546530E1,1.131276768674E1,4.9E1));
#3247=CARTESIAN_POINT('',(-1.071473879117E1,1.130135357040E1,4.9E1));
#3248=CARTESIAN_POINT('',(-1.060805088280E1,1.127184677626E1,4.9E1));
#3249=CARTESIAN_POINT('',(-1.054380832350E1,1.123321665377E1,4.9E1));
#3250=CARTESIAN_POINT('',(-1.052368950507E1,1.120352943598E1,4.9E1));
#3251=CARTESIAN_POINT('',(-1.051781481068E1,1.118820389330E1,4.9E1));
#3253=DIRECTION('',(-2.599632119081E-1,-9.656185211844E-1,0.E0));
#3254=VECTOR('',#3253,1.341496058091E-1);
#3255=CARTESIAN_POINT('',(-1.085302567482E1,1.144519567490E1,4.9E1));
#3256=LINE('',#3255,#3254);
#3257=DIRECTION('',(-1.E0,0.E0,0.E0));
#3258=VECTOR('',#3257,1.061210870743E0);
#3259=CARTESIAN_POINT('',(-9.791814804077E0,1.144519567490E1,4.9E1));
#3260=LINE('',#3259,#3258);
#3261=DIRECTION('',(2.771661455686E-1,9.608220062793E-1,0.E0));
#3262=VECTOR('',#3261,1.348192934095E-1);
#3263=CARTESIAN_POINT('',(-9.829182147980E0,1.131565833092E1,4.9E1));
#3264=LINE('',#3263,#3262);
#3265=CARTESIAN_POINT('',(-1.010003962738E1,1.119795280775E1,4.9E1));
#3266=CARTESIAN_POINT('',(-1.007550286503E1,1.122464166659E1,4.9E1));
#3267=CARTESIAN_POINT('',(-1.002220058562E1,1.126844236922E1,4.9E1));
#3268=CARTESIAN_POINT('',(-9.936867223576E0,1.130585662438E1,4.9E1));
#3269=CARTESIAN_POINT('',(-9.866749211814E0,1.131565833092E1,4.9E1));
#3270=CARTESIAN_POINT('',(-9.829182147980E0,1.131565833092E1,4.9E1));
#3272=CARTESIAN_POINT('',(-1.053914666176E1,9.908185154200E0,4.9E1));
#3273=CARTESIAN_POINT('',(-1.048482156400E1,1.009984822526E1,4.9E1));
#3274=CARTESIAN_POINT('',(-1.038679191426E1,1.043476916997E1,4.9E1));
#3275=CARTESIAN_POINT('',(-1.027833857564E1,1.077711846955E1,4.9E1));
#3276=CARTESIAN_POINT('',(-1.019685158248E1,1.100631827259E1,4.9E1));
#3277=CARTESIAN_POINT('',(-1.013885336156E1,1.114214865557E1,4.9E1));
#3278=CARTESIAN_POINT('',(-1.011010502654E1,1.118700458183E1,4.9E1));
#3279=CARTESIAN_POINT('',(-1.010003962738E1,1.119795280775E1,4.9E1));
#3281=DIRECTION('',(2.689039285189E-1,9.631670038094E-1,0.E0));
#3282=VECTOR('',#3281,2.038057179477E0);
#3283=CARTESIAN_POINT('',(-1.108718824387E1,7.945195727050E0,4.9E1));
#3284=LINE('',#3283,#3282);
#3285=DIRECTION('',(1.E0,0.E0,0.E0));
#3286=VECTOR('',#3285,1.419934034348E-1);
#3287=CARTESIAN_POINT('',(-1.122918164730E1,7.945195727050E0,4.9E1));
#3288=LINE('',#3287,#3286);
#3289=DIRECTION('',(3.896666060218E-1,-9.209559903445E-1,0.E0));
#3290=VECTOR('',#3289,3.043023885693E0);
#3291=CARTESIAN_POINT('',(-1.241494643688E1,1.074768680334E1,4.9E1));
#3292=LINE('',#3291,#3290);
#3293=DIRECTION('',(2.689266879069E-1,9.631606493890E-1,0.E0));
#3294=VECTOR('',#3293,2.102730066101E0);
#3295=CARTESIAN_POINT('',(-1.298042666912E1,8.722419947386E0,4.9E1));
#3296=LINE('',#3295,#3294);
#3297=CARTESIAN_POINT('',(-1.303024923801E1,8.231672603637E0,4.9E1));
#3298=CARTESIAN_POINT('',(-1.303807347645E1,8.242431003151E0,4.9E1));
#3299=CARTESIAN_POINT('',(-1.305120284252E1,8.275516943089E0,4.9E1));
#3300=CARTESIAN_POINT('',(-1.305413839857E1,8.365132818711E0,4.9E1));
#3301=CARTESIAN_POINT('',(-1.303557072285E1,8.504628515572E0,4.9E1));
#3302=CARTESIAN_POINT('',(-1.300257152180E1,8.643108180865E0,4.9E1));
#3303=CARTESIAN_POINT('',(-1.298042666912E1,8.722419947386E0,4.9E1));
#3305=CARTESIAN_POINT('',(-1.268149459362E1,8.129537370056E0,4.9E1));
#3306=CARTESIAN_POINT('',(-1.275376973606E1,8.134230554871E0,4.9E1));
#3307=CARTESIAN_POINT('',(-1.287553334808E1,8.150288496107E0,4.9E1));
#3308=CARTESIAN_POINT('',(-1.298279574459E1,8.186528806525E0,4.9E1));
#3309=CARTESIAN_POINT('',(-1.301934491110E1,8.216679054245E0,4.9E1));
#3310=CARTESIAN_POINT('',(-1.303024923801E1,8.231672603637E0,4.9E1));
#3312=DIRECTION('',(2.771603800221E-1,9.608236694347E-1,0.E0));
#3313=VECTOR('',#3312,1.348190871819E-1);
#3314=CARTESIAN_POINT('',(-1.271886110306E1,8.E0,4.9E1));
#3315=LINE('',#3314,#3313);
#3316=DIRECTION('',(0.E0,1.E0,0.E0));
#3317=VECTOR('',#3316,1.638297885656E0);
#3318=CARTESIAN_POINT('',(1.24375E1,8.E0,4.9E1));
#3319=LINE('',#3318,#3317);
#3320=DIRECTION('',(1.E0,0.E0,0.E0));
#3321=VECTOR('',#3320,4.375E-1);
#3322=CARTESIAN_POINT('',(1.2E1,8.E0,4.9E1));
#3323=LINE('',#3322,#3321);
#3324=DIRECTION('',(0.E0,-1.E0,0.E0));
#3325=VECTOR('',#3324,3.5E0);
#3326=CARTESIAN_POINT('',(1.2E1,1.15E1,4.9E1));
#3327=LINE('',#3326,#3325);
#3328=DIRECTION('',(-1.E0,0.E0,0.E0));
#3329=VECTOR('',#3328,4.375E-1);
#3330=CARTESIAN_POINT('',(1.24375E1,1.15E1,4.9E1));
#3331=LINE('',#3330,#3329);
#3332=DIRECTION('',(0.E0,1.E0,0.E0));
#3333=VECTOR('',#3332,1.414893656969E0);
#3334=CARTESIAN_POINT('',(1.24375E1,1.008510634303E1,4.9E1));
#3335=LINE('',#3334,#3333);
#3336=DIRECTION('',(-1.E0,0.E0,0.E0));
#3337=VECTOR('',#3336,2.041666597128E0);
#3338=CARTESIAN_POINT('',(1.447916659713E1,1.008510634303E1,4.9E1));
#3339=LINE('',#3338,#3337);
#3340=DIRECTION('',(0.E0,-1.E0,0.E0));
#3341=VECTOR('',#3340,1.414893656969E0);
#3342=CARTESIAN_POINT('',(1.447916659713E1,1.15E1,4.9E1));
#3343=LINE('',#3342,#3341);
#3344=DIRECTION('',(-1.E0,0.E0,0.E0));
#3345=VECTOR('',#3344,4.375E-1);
#3346=CARTESIAN_POINT('',(1.491666659713E1,1.15E1,4.9E1));
#3347=LINE('',#3346,#3345);
#3348=DIRECTION('',(0.E0,1.E0,0.E0));
#3349=VECTOR('',#3348,3.5E0);
#3350=CARTESIAN_POINT('',(1.491666659713E1,8.E0,4.9E1));
#3351=LINE('',#3350,#3349);
#3352=DIRECTION('',(1.E0,0.E0,0.E0));
#3353=VECTOR('',#3352,4.375E-1);
#3354=CARTESIAN_POINT('',(1.447916659713E1,8.E0,4.9E1));
#3355=LINE('',#3354,#3353);
#3356=DIRECTION('',(0.E0,-1.E0,0.E0));
#3357=VECTOR('',#3356,1.638297885656E0);
#3358=CARTESIAN_POINT('',(1.447916659713E1,9.638297885656E0,4.9E1));
#3359=LINE('',#3358,#3357);
#3360=DIRECTION('',(1.E0,0.E0,0.E0));
#3361=VECTOR('',#3360,2.041666597128E0);
#3362=CARTESIAN_POINT('',(1.24375E1,9.638297885656E0,4.9E1));
#3363=LINE('',#3362,#3361);
#3364=DIRECTION('',(0.E0,1.E0,0.E0));
#3365=VECTOR('',#3364,1.117021247745E0);
#3366=CARTESIAN_POINT('',(1.834375E1,8.819148942828E0,4.9E1));
#3367=LINE('',#3366,#3365);
#3368=DIRECTION('',(2.377717410636E-1,9.713210587399E-1,0.E0));
#3369=VECTOR('',#3368,3.066672490936E-1);
#3370=CARTESIAN_POINT('',(1.827083319426E1,8.521276585758E0,4.9E1));
#3371=LINE('',#3370,#3369);
#3372=DIRECTION('',(6.996244632883E-1,7.145107489524E-1,0.E0));
#3373=VECTOR('',#3372,4.168899228320E-1);
#3374=CARTESIAN_POINT('',(1.797916680574E1,8.223404254764E0,4.9E1));
#3375=LINE('',#3374,#3373);
#3376=DIRECTION('',(8.906053505096E-1,4.547769889117E-1,0.E0));
#3377=VECTOR('',#3376,3.274927616113E-1);
#3378=CARTESIAN_POINT('',(1.76875E1,8.074468082748E0,4.9E1));
#3379=LINE('',#3378,#3377);
#3380=DIRECTION('',(9.797706908745E-1,2.001234451615E-1,0.E0));
#3381=VECTOR('',#3380,3.721107373914E-1);
#3382=CARTESIAN_POINT('',(1.732291680574E1,8.E0,4.9E1));
#3383=LINE('',#3382,#3381);
#3384=DIRECTION('',(1.E0,0.E0,0.E0));
#3385=VECTOR('',#3384,6.5625E-1);
#3386=CARTESIAN_POINT('',(1.666666680574E1,8.E0,4.9E1));
#3387=LINE('',#3386,#3385);
#3388=DIRECTION('',(9.797707357802E-1,-2.001232253108E-1,0.E0));
#3389=VECTOR('',#3388,3.721111461836E-1);
#3390=CARTESIAN_POINT('',(1.630208319426E1,8.074468082748E0,4.9E1));
#3391=LINE('',#3390,#3389);
#3392=DIRECTION('',(8.906050870136E-1,-4.547775049247E-1,0.E0));
#3393=VECTOR('',#3392,3.274923900218E-1);
#3394=CARTESIAN_POINT('',(1.601041680574E1,8.223404254764E0,4.9E1));
#3395=LINE('',#3394,#3393);
#3396=DIRECTION('',(6.996249742329E-1,-7.145102486526E-1,0.E0));
#3397=VECTOR('',#3396,4.168902147382E-1);
#3398=CARTESIAN_POINT('',(1.571875E1,8.521276585758E0,4.9E1));
#3399=LINE('',#3398,#3397);
#3400=DIRECTION('',(4.397130954570E-1,-8.981382931841E-1,0.E0));
#3401=VECTOR('',#3400,3.316553356326E-1);
#3402=CARTESIAN_POINT('',(1.557291680574E1,8.819148942828E0,4.9E1));
#3403=LINE('',#3402,#3401);
#3404=DIRECTION('',(1.921832064360E-1,-9.813590653599E-1,0.E0));
#3405=VECTOR('',#3404,3.794129939676E-1);
#3406=CARTESIAN_POINT('',(1.55E1,9.191489323974E0,4.9E1));
#3407=LINE('',#3406,#3405);
#3408=DIRECTION('',(0.E0,-1.E0,0.E0));
#3409=VECTOR('',#3408,1.117021247745E0);
#3410=CARTESIAN_POINT('',(1.55E1,1.030851057172E1,4.9E1));
#3411=LINE('',#3410,#3409);
#3412=DIRECTION('',(-1.921831027359E-1,-9.813590856678E-1,0.E0));
#3413=VECTOR('',#3412,3.794131986951E-1);
#3414=CARTESIAN_POINT('',(1.557291680574E1,1.068085116148E1,4.9E1));
#3415=LINE('',#3414,#3413);
#3416=DIRECTION('',(-4.397131575602E-1,-8.981382627794E-1,0.E0));
#3417=VECTOR('',#3416,3.316552887910E-1);
#3418=CARTESIAN_POINT('',(1.571875E1,1.097872346640E1,4.9E1));
#3419=LINE('',#3418,#3417);
#3420=DIRECTION('',(-6.996250055017E-1,-7.145102180353E-1,0.E0));
#3421=VECTOR('',#3420,4.168901961059E-1);
#3422=CARTESIAN_POINT('',(1.601041680574E1,1.127659577131E1,4.9E1));
#3423=LINE('',#3422,#3421);
#3424=DIRECTION('',(-8.906051112017E-1,-4.547774575564E-1,0.E0));
#3425=VECTOR('',#3424,3.274923811274E-1);
#3426=CARTESIAN_POINT('',(1.630208319426E1,1.142553192377E1,4.9E1));
#3427=LINE('',#3426,#3425);
#3428=DIRECTION('',(-9.797707392153E-1,-2.001232084928E-1,0.E0));
#3429=VECTOR('',#3428,3.721111448790E-1);
#3430=CARTESIAN_POINT('',(1.666666680574E1,1.15E1,4.9E1));
#3431=LINE('',#3430,#3429);
#3432=DIRECTION('',(-1.E0,0.E0,0.E0));
#3433=VECTOR('',#3432,6.5625E-1);
#3434=CARTESIAN_POINT('',(1.732291680574E1,1.15E1,4.9E1));
#3435=LINE('',#3434,#3433);
#3436=DIRECTION('',(-9.797706943097E-1,2.001234283435E-1,0.E0));
#3437=VECTOR('',#3436,3.721107360868E-1);
#3438=CARTESIAN_POINT('',(1.76875E1,1.142553192377E1,4.9E1));
#3439=LINE('',#3438,#3437);
#3440=DIRECTION('',(-8.906053746977E-1,4.547769415434E-1,0.E0));
#3441=VECTOR('',#3440,3.274927527168E-1);
#3442=CARTESIAN_POINT('',(1.797916680574E1,1.127659577131E1,4.9E1));
#3443=LINE('',#3442,#3441);
#3444=DIRECTION('',(-6.996244945571E-1,7.145107183351E-1,0.E0));
#3445=VECTOR('',#3444,4.168899041997E-1);
#3446=CARTESIAN_POINT('',(1.827083319426E1,1.097872346640E1,4.9E1));
#3447=LINE('',#3446,#3445);
#3448=DIRECTION('',(-1.921831027359E-1,9.813590856678E-1,0.E0));
#3449=VECTOR('',#3448,3.794131986951E-1);
#3450=CARTESIAN_POINT('',(1.834375E1,1.060638287663E1,4.9E1));
#3451=LINE('',#3450,#3449);
#3452=DIRECTION('',(1.E0,0.E0,0.E0));
#3453=VECTOR('',#3452,4.375E-1);
#3454=CARTESIAN_POINT('',(1.790625E1,1.060638287663E1,4.9E1));
#3455=LINE('',#3454,#3453);
#3456=DIRECTION('',(3.102803379578E-1,-9.506451030099E-1,0.E0));
#3457=VECTOR('',#3456,2.350029854424E-1);
#3458=CARTESIAN_POINT('',(1.783333319426E1,1.082978731394E1,4.9E1));
#3459=LINE('',#3458,#3457);
#3460=DIRECTION('',(8.265992787996E-1,-5.627909312417E-1,0.E0));
#3461=VECTOR('',#3460,2.646385081749E-1);
#3462=CARTESIAN_POINT('',(1.761458319426E1,1.097872346640E1,4.9E1));
#3463=LINE('',#3462,#3461);
#3464=DIRECTION('',(9.689176611437E-1,-2.473834390653E-1,0.E0));
#3465=VECTOR('',#3464,3.010228837891E-1);
#3466=CARTESIAN_POINT('',(1.732291680574E1,1.105319154263E1,4.9E1));
#3467=LINE('',#3466,#3465);
#3468=DIRECTION('',(1.E0,0.E0,0.E0));
#3469=VECTOR('',#3468,6.5625E-1);
#3470=CARTESIAN_POINT('',(1.666666680574E1,1.105319154263E1,4.9E1));
#3471=LINE('',#3470,#3469);
#3472=DIRECTION('',(9.689177459678E-1,2.473831068378E-1,0.E0));
#3473=VECTOR('',#3472,3.010232880531E-1);
#3474=CARTESIAN_POINT('',(1.6375E1,1.097872346640E1,4.9E1));
#3475=LINE('',#3474,#3473);
#3476=DIRECTION('',(8.265992787996E-1,5.627909312417E-1,0.E0));
#3477=VECTOR('',#3476,2.646385081749E-1);
#3478=CARTESIAN_POINT('',(1.615625E1,1.082978731394E1,4.9E1));
#3479=LINE('',#3478,#3477);
#3480=DIRECTION('',(5.466218231676E-1,8.373795927994E-1,0.E0));
#3481=VECTOR('',#3480,2.667899232613E-1);
#3482=CARTESIAN_POINT('',(1.601041680574E1,1.060638287663E1,4.9E1));
#3483=LINE('',#3482,#3481);
#3484=DIRECTION('',(2.377717803411E-1,9.713210491251E-1,0.E0));
#3485=VECTOR('',#3484,3.066671984353E-1);
#3486=CARTESIAN_POINT('',(1.59375E1,1.030851057172E1,4.9E1));
#3487=LINE('',#3486,#3485);
#3488=DIRECTION('',(0.E0,1.E0,0.E0));
#3489=VECTOR('',#3488,1.117021247745E0);
#3490=CARTESIAN_POINT('',(1.59375E1,9.191489323974E0,4.9E1));
#3491=LINE('',#3490,#3489);
#3492=DIRECTION('',(-2.377717803411E-1,9.713210491251E-1,0.E0));
#3493=VECTOR('',#3492,3.066671984353E-1);
#3494=CARTESIAN_POINT('',(1.601041680574E1,8.893617019057E0,4.9E1));
#3495=LINE('',#3494,#3493);
#3496=DIRECTION('',(-5.466221810895E-1,8.373793591563E-1,0.E0));
#3497=VECTOR('',#3496,2.667897485703E-1);
#3498=CARTESIAN_POINT('',(1.615625E1,8.670212790370E0,4.9E1));
#3499=LINE('',#3498,#3497);
#3500=DIRECTION('',(-8.265991871191E-1,5.627910658975E-1,0.E0));
#3501=VECTOR('',#3500,2.646385375268E-1);
#3502=CARTESIAN_POINT('',(1.6375E1,8.521276585758E0,4.9E1));
#3503=LINE('',#3502,#3501);
#3504=DIRECTION('',(-9.689177459678E-1,2.473831068378E-1,0.E0));
#3505=VECTOR('',#3504,3.010232880531E-1);
#3506=CARTESIAN_POINT('',(1.666666680574E1,8.446808509529E0,4.9E1));
#3507=LINE('',#3506,#3505);
#3508=DIRECTION('',(-1.E0,0.E0,0.E0));
#3509=VECTOR('',#3508,6.5625E-1);
#3510=CARTESIAN_POINT('',(1.732291680574E1,8.446808509529E0,4.9E1));
#3511=LINE('',#3510,#3509);
#3512=DIRECTION('',(-9.689176611437E-1,-2.473834390653E-1,0.E0));
#3513=VECTOR('',#3512,3.010228837891E-1);
#3514=CARTESIAN_POINT('',(1.761458319426E1,8.521276585758E0,4.9E1));
#3515=LINE('',#3514,#3513);
#3516=DIRECTION('',(-8.265991871191E-1,-5.627910658975E-1,0.E0));
#3517=VECTOR('',#3516,2.646385375268E-1);
#3518=CARTESIAN_POINT('',(1.783333319426E1,8.670212790370E0,4.9E1));
#3519=LINE('',#3518,#3517);
#3520=DIRECTION('',(-3.102805998049E-1,-9.506450175458E-1,0.E0));
#3521=VECTOR('',#3520,2.350027871224E-1);
#3522=CARTESIAN_POINT('',(1.790625E1,8.893617019057E0,4.9E1));
#3523=LINE('',#3522,#3521);
#3524=DIRECTION('',(0.E0,-1.E0,0.E0));
#3525=VECTOR('',#3524,5.957447141409E-1);
#3526=CARTESIAN_POINT('',(1.790625E1,9.489361733198E0,4.9E1));
#3527=LINE('',#3526,#3525);
#3528=DIRECTION('',(1.E0,0.E0,0.E0));
#3529=VECTOR('',#3528,6.5625E-1);
#3530=CARTESIAN_POINT('',(1.725E1,9.489361733198E0,4.9E1));
#3531=LINE('',#3530,#3529);
#3532=DIRECTION('',(0.E0,-1.E0,0.E0));
#3533=VECTOR('',#3532,4.468084573746E-1);
#3534=CARTESIAN_POINT('',(1.725E1,9.936170190573E0,4.9E1));
#3535=LINE('',#3534,#3533);
#3536=DIRECTION('',(-1.E0,0.E0,0.E0));
#3537=VECTOR('',#3536,1.09375E0);
#3538=CARTESIAN_POINT('',(1.834375E1,9.936170190573E0,4.9E1));
#3539=LINE('',#3538,#3537);
#3540=DIRECTION('',(5.466210844748E-1,8.373800750004E-1,0.E0));
#3541=VECTOR('',#3540,2.667895205020E-1);
#3542=CARTESIAN_POINT('',(2.133333361149E1,8.372340433300E0,4.9E1));
#3543=LINE('',#3542,#3541);
#3544=DIRECTION('',(8.265992329593E-1,5.627909985697E-1,0.E0));
#3545=VECTOR('',#3544,2.646385228508E-1);
#3546=CARTESIAN_POINT('',(2.111458361149E1,8.223404254764E0,4.9E1));
#3547=LINE('',#3546,#3545);
#3548=DIRECTION('',(8.906056140048E-1,4.547764728998E-1,0.E0));
#3549=VECTOR('',#3548,3.274931332008E-1);
#3550=CARTESIAN_POINT('',(2.082291638851E1,8.074468082748E0,4.9E1));
#3551=LINE('',#3550,#3549);
#3552=DIRECTION('',(9.689176559527E-1,2.473834593969E-1,0.E0));
#3553=VECTOR('',#3552,3.010228854018E-1);
#3554=CARTESIAN_POINT('',(2.053125E1,8.E0,4.9E1));
#3555=LINE('',#3554,#3553);
#3556=DIRECTION('',(1.E0,0.E0,0.E0));
#3557=VECTOR('',#3556,5.833336114883E-1);
#3558=CARTESIAN_POINT('',(1.994791638851E1,8.E0,4.9E1));
#3559=LINE('',#3558,#3557);
#3560=DIRECTION('',(9.689176559527E-1,-2.473834593969E-1,0.E0));
#3561=VECTOR('',#3560,3.010228854018E-1);
#3562=CARTESIAN_POINT('',(1.965625E1,8.074468082748E0,4.9E1));
#3563=LINE('',#3562,#3561);
#3564=DIRECTION('',(8.906050870136E-1,-4.547775049247E-1,0.E0));
#3565=VECTOR('',#3564,3.274923900218E-1);
#3566=CARTESIAN_POINT('',(1.936458361149E1,8.223404254764E0,4.9E1));
#3567=LINE('',#3566,#3565);
#3568=DIRECTION('',(8.265992329593E-1,-5.627909985697E-1,0.E0));
#3569=VECTOR('',#3568,2.646385228508E-1);
#3570=CARTESIAN_POINT('',(1.914583361149E1,8.372340433300E0,4.9E1));
#3571=LINE('',#3570,#3569);
#3572=DIRECTION('',(5.466232777014E-1,-8.373786433120E-1,0.E0));
#3573=VECTOR('',#3572,2.667899766391E-1);
#3574=CARTESIAN_POINT('',(1.9E1,8.595744661987E0,4.9E1));
#3575=LINE('',#3574,#3573);
#3576=DIRECTION('',(3.102805343431E-1,-9.506450389119E-1,0.E0));
#3577=VECTOR('',#3576,2.350028367024E-1);
#3578=CARTESIAN_POINT('',(1.892708319426E1,8.819148942828E0,4.9E1));
#3579=LINE('',#3578,#3577);
#3580=DIRECTION('',(-1.E0,0.E0,0.E0));
#3581=VECTOR('',#3580,3.645831942558E-1);
#3582=CARTESIAN_POINT('',(1.929166638851E1,8.819148942828E0,4.9E1));
#3583=LINE('',#3582,#3581);
#3584=DIRECTION('',(-4.397162019326E-1,8.981367723003E-1,0.E0));
#3585=VECTOR('',#3584,1.658279195904E-1);
#3586=CARTESIAN_POINT('',(1.936458361149E1,8.670212790370E0,4.9E1));
#3587=LINE('',#3586,#3585);
#3588=DIRECTION('',(-6.996233475895E-1,7.145118414048E-1,0.E0));
#3589=VECTOR('',#3588,2.084446974587E-1);
#3590=CARTESIAN_POINT('',(1.951041638851E1,8.521276585758E0,4.9E1));
#3591=LINE('',#3590,#3589);
#3592=DIRECTION('',(-8.906056381928E-1,4.547764255314E-1,0.E0));
#3593=VECTOR('',#3592,1.637465621532E-1);
#3594=CARTESIAN_POINT('',(1.965625E1,8.446808509529E0,4.9E1));
#3595=LINE('',#3594,#3593);
#3596=DIRECTION('',(-9.797707392153E-1,2.001232084928E-1,0.E0));
#3597=VECTOR('',#3596,3.721111448790E-1);
#3598=CARTESIAN_POINT('',(2.002083361149E1,8.372340433300E0,4.9E1));
#3599=LINE('',#3598,#3597);
#3600=DIRECTION('',(-1.E0,0.E0,0.E0));
#3601=VECTOR('',#3600,4.375E-1);
#3602=CARTESIAN_POINT('',(2.045833361149E1,8.372340433300E0,4.9E1));
#3603=LINE('',#3602,#3601);
#3604=DIRECTION('',(-9.797706494039E-1,-2.001236481946E-1,0.E0));
#3605=VECTOR('',#3604,3.721103272946E-1);
#3606=CARTESIAN_POINT('',(2.082291638851E1,8.446808509529E0,4.9E1));
#3607=LINE('',#3606,#3605);
#3608=DIRECTION('',(-8.906056381928E-1,-4.547764255314E-1,0.E0));
#3609=VECTOR('',#3608,1.637465621532E-1);
#3610=CARTESIAN_POINT('',(2.096875E1,8.521276585758E0,4.9E1));
#3611=LINE('',#3610,#3609);
#3612=DIRECTION('',(-6.996253913704E-1,-7.145098402051E-1,0.E0));
#3613=VECTOR('',#3612,2.084452812707E-1);
#3614=CARTESIAN_POINT('',(2.111458361149E1,8.670212790370E0,4.9E1));
#3615=LINE('',#3614,#3613);
#3616=DIRECTION('',(-4.397121427660E-1,-8.981387596046E-1,0.E0));
#3617=VECTOR('',#3616,1.658275526643E-1);
#3618=CARTESIAN_POINT('',(2.11875E1,8.819148942828E0,4.9E1));
#3619=LINE('',#3618,#3617);
#3620=DIRECTION('',(0.E0,-1.E0,0.E0));
#3621=VECTOR('',#3620,2.978723049164E-1);
#3622=CARTESIAN_POINT('',(2.11875E1,9.117021247745E0,4.9E1));
#3623=LINE('',#3622,#3621);
#3624=DIRECTION('',(4.397140481462E-1,-8.981378267632E-1,0.E0));
#3625=VECTOR('',#3624,3.316555659369E-1);
#3626=CARTESIAN_POINT('',(2.104166638851E1,9.414893656969E0,4.9E1));
#3627=LINE('',#3626,#3625);
#3628=DIRECTION('',(8.265992787996E-1,-5.627909312417E-1,0.E0));
#3629=VECTOR('',#3628,2.646385081749E-1);
#3630=CARTESIAN_POINT('',(2.082291638851E1,9.563829809427E0,4.9E1));
#3631=LINE('',#3630,#3629);
#3632=DIRECTION('',(9.858211730931E-1,-1.677993286083E-1,0.E0));
#3633=VECTOR('',#3632,4.437924564222E-1);
#3634=CARTESIAN_POINT('',(2.038541638851E1,9.638297885656E0,4.9E1));
#3635=LINE('',#3634,#3633);
#3636=DIRECTION('',(1.E0,0.E0,0.E0));
#3637=VECTOR('',#3636,2.916663885117E-1);
#3638=CARTESIAN_POINT('',(2.009375E1,9.638297885656E0,4.9E1));
#3639=LINE('',#3638,#3637);
#3640=DIRECTION('',(0.E0,-1.E0,0.E0));
#3641=VECTOR('',#3640,2.978723049164E-1);
#3642=CARTESIAN_POINT('',(2.009375E1,9.936170190573E0,4.9E1));
#3643=LINE('',#3642,#3641);
#3644=DIRECTION('',(-1.E0,0.E0,0.E0));
#3645=VECTOR('',#3644,2.916663885117E-1);
#3646=CARTESIAN_POINT('',(2.038541638851E1,9.936170190573E0,4.9E1));
#3647=LINE('',#3646,#3645);
#3648=DIRECTION('',(-9.466499177700E-1,-3.222637633772E-1,0.E0));
#3649=VECTOR('',#3648,4.621560640185E-1);
#3650=CARTESIAN_POINT('',(2.082291638851E1,1.008510634303E1,4.9E1));
#3651=LINE('',#3650,#3649);
#3652=DIRECTION('',(-6.996255164452E-1,-7.145097177357E-1,0.E0));
#3653=VECTOR('',#3652,2.084452440061E-1);
#3654=CARTESIAN_POINT('',(2.096875E1,1.023404249549E1,4.9E1));
#3655=LINE('',#3654,#3653);
#3656=DIRECTION('',(-4.397141723527E-1,-8.981377659536E-1,0.E0));
#3657=VECTOR('',#3656,3.316554722539E-1);
#3658=CARTESIAN_POINT('',(2.111458361149E1,1.053191480041E1,4.9E1));
#3659=LINE('',#3658,#3657);
#3660=DIRECTION('',(0.E0,-1.E0,0.E0));
#3661=VECTOR('',#3660,1.489363610744E-1);
#3662=CARTESIAN_POINT('',(2.111458361149E1,1.068085116148E1,4.9E1));
#3663=LINE('',#3662,#3661);
#3664=DIRECTION('',(5.466232777014E-1,-8.373786433120E-1,0.E0));
#3665=VECTOR('',#3664,2.667899766391E-1);
#3666=CARTESIAN_POINT('',(2.096875E1,1.090425539017E1,4.9E1));
#3667=LINE('',#3666,#3665);
#3668=DIRECTION('',(8.265992787996E-1,-5.627909312417E-1,0.E0));
#3669=VECTOR('',#3668,2.646385081749E-1);
#3670=CARTESIAN_POINT('',(2.075E1,1.105319154263E1,4.9E1));
#3671=LINE('',#3670,#3669);
#3672=DIRECTION('',(9.797707392153E-1,-2.001232084928E-1,0.E0));
#3673=VECTOR('',#3672,3.721111448790E-1);
#3674=CARTESIAN_POINT('',(2.038541638851E1,1.112765961885E1,4.9E1));
#3675=LINE('',#3674,#3673);
#3676=DIRECTION('',(1.E0,0.E0,0.E0));
#3677=VECTOR('',#3676,2.916663885117E-1);
#3678=CARTESIAN_POINT('',(2.009375E1,1.112765961885E1,4.9E1));
#3679=LINE('',#3678,#3677);
#3680=DIRECTION('',(9.797707392153E-1,2.001232084928E-1,0.E0));
#3681=VECTOR('',#3680,3.721111448790E-1);
#3682=CARTESIAN_POINT('',(1.972916638851E1,1.105319154263E1,4.9E1));
#3683=LINE('',#3682,#3681);
#3684=DIRECTION('',(8.265992787996E-1,5.627909312417E-1,0.E0));
#3685=VECTOR('',#3684,2.646385081749E-1);
#3686=CARTESIAN_POINT('',(1.951041638851E1,1.090425539017E1,4.9E1));
#3687=LINE('',#3686,#3685);
#3688=DIRECTION('',(5.466210844748E-1,8.373800750004E-1,0.E0));
#3689=VECTOR('',#3688,2.667895205020E-1);
#3690=CARTESIAN_POINT('',(1.936458361149E1,1.068085116148E1,4.9E1));
#3691=LINE('',#3690,#3689);
#3692=DIRECTION('',(1.E0,0.E0,0.E0));
#3693=VECTOR('',#3692,3.645836114883E-1);
#3694=CARTESIAN_POINT('',(1.9E1,1.068085116148E1,4.9E1));
#3695=LINE('',#3694,#3693);
#3696=DIRECTION('',(-2.377704967206E-1,-9.713213633444E-1,0.E0));
#3697=VECTOR('',#3696,3.066670992294E-1);
#3698=CARTESIAN_POINT('',(1.907291638851E1,1.097872346640E1,4.9E1));
#3699=LINE('',#3698,#3697);
#3700=DIRECTION('',(-6.996255164452E-1,-7.145097177357E-1,0.E0));
#3701=VECTOR('',#3700,4.168904880123E-1);
#3702=CARTESIAN_POINT('',(1.936458361149E1,1.127659577131E1,4.9E1));
#3703=LINE('',#3702,#3701);
#3704=DIRECTION('',(-8.906051112017E-1,-4.547774575564E-1,0.E0));
#3705=VECTOR('',#3704,3.274923811274E-1);
#3706=CARTESIAN_POINT('',(1.965625E1,1.142553192377E1,4.9E1));
#3707=LINE('',#3706,#3705);
#3708=DIRECTION('',(-9.895240227806E-1,-1.443683079492E-1,0.E0));
#3709=VECTOR('',#3708,5.158201082146E-1);
#3710=CARTESIAN_POINT('',(2.016666638851E1,1.15E1,4.9E1));
#3711=LINE('',#3710,#3709);
#3712=DIRECTION('',(-1.E0,0.E0,0.E0));
#3713=VECTOR('',#3712,1.458336114883E-1);
#3714=CARTESIAN_POINT('',(2.03125E1,1.15E1,4.9E1));
#3715=LINE('',#3714,#3713);
#3716=DIRECTION('',(-9.895240227806E-1,1.443683079492E-1,0.E0));
#3717=VECTOR('',#3716,5.158201082146E-1);
#3718=CARTESIAN_POINT('',(2.082291638851E1,1.142553192377E1,4.9E1));
#3719=LINE('',#3718,#3717);
#3720=DIRECTION('',(-8.906056381928E-1,4.547764255314E-1,0.E0));
#3721=VECTOR('',#3720,3.274931243064E-1);
#3722=CARTESIAN_POINT('',(2.111458361149E1,1.127659577131E1,4.9E1));
#3723=LINE('',#3722,#3721);
#3724=DIRECTION('',(-6.996244945571E-1,7.145107183351E-1,0.E0));
#3725=VECTOR('',#3724,4.168899041997E-1);
#3726=CARTESIAN_POINT('',(2.140625E1,1.097872346640E1,4.9E1));
#3727=LINE('',#3726,#3725);
#3728=DIRECTION('',(-2.377704967206E-1,9.713213633444E-1,0.E0));
#3729=VECTOR('',#3728,3.066670992294E-1);
#3730=CARTESIAN_POINT('',(2.147916638851E1,1.068085116148E1,4.9E1));
#3731=LINE('',#3730,#3729);
#3732=DIRECTION('',(0.E0,1.E0,0.E0));
#3733=VECTOR('',#3732,1.489363610744E-1);
#3734=CARTESIAN_POINT('',(2.147916638851E1,1.053191480041E1,4.9E1));
#3735=LINE('',#3734,#3733);
#3736=DIRECTION('',(2.377704967206E-1,9.713213633444E-1,0.E0));
#3737=VECTOR('',#3736,3.066670992294E-1);
#3738=CARTESIAN_POINT('',(2.140625E1,1.023404249549E1,4.9E1));
#3739=LINE('',#3738,#3737);
#3740=DIRECTION('',(5.466232777014E-1,8.373786433120E-1,0.E0));
#3741=VECTOR('',#3740,2.667899766391E-1);
#3742=CARTESIAN_POINT('',(2.126041638851E1,1.001063826680E1,4.9E1));
#3743=LINE('',#3742,#3741);
#3744=DIRECTION('',(7.938779010506E-1,6.080771975856E-1,0.E0));
#3745=VECTOR('',#3744,3.673945176276E-1);
#3746=CARTESIAN_POINT('',(2.096875E1,9.787234038115E0,4.9E1));
#3747=LINE('',#3746,#3745);
#3748=DIRECTION('',(-9.257352082546E-1,3.781723472146E-1,0.E0));
#3749=VECTOR('',#3748,3.938314198676E-1);
#3750=CARTESIAN_POINT('',(2.133333361149E1,9.638297885656E0,4.9E1));
#3751=LINE('',#3750,#3749);
#3752=DIRECTION('',(-5.466210844748E-1,8.373800750004E-1,0.E0));
#3753=VECTOR('',#3752,2.667895205020E-1);
#3754=CARTESIAN_POINT('',(2.147916638851E1,9.414893656969E0,4.9E1));
#3755=LINE('',#3754,#3753);
#3756=DIRECTION('',(-2.377729854050E-1,9.713207541341E-1,0.E0));
#3757=VECTOR('',#3756,3.066673989583E-1);
#3758=CARTESIAN_POINT('',(2.155208361149E1,9.117021247745E0,4.9E1));
#3759=LINE('',#3758,#3757);
#3760=DIRECTION('',(0.E0,1.E0,0.E0));
#3761=VECTOR('',#3760,2.978723049164E-1);
#3762=CARTESIAN_POINT('',(2.155208361149E1,8.819148942828E0,4.9E1));
#3763=LINE('',#3762,#3761);
#3764=DIRECTION('',(3.102821388495E-1,9.506445152164E-1,0.E0));
#3765=VECTOR('',#3764,2.350029661619E-1);
#3766=CARTESIAN_POINT('',(2.147916638851E1,8.595744661987E0,4.9E1));
#3767=LINE('',#3766,#3765);
#3768=DIRECTION('',(0.E0,-1.E0,0.E0));
#3769=VECTOR('',#3768,6.702126860619E-1);
#3770=CARTESIAN_POINT('',(2.213541638851E1,1.008510634303E1,4.9E1));
#3771=LINE('',#3770,#3769);
#3772=DIRECTION('',(-1.921842654987E-1,-9.813588579591E-1,0.E0));
#3773=VECTOR('',#3772,3.794130741529E-1);
#3774=CARTESIAN_POINT('',(2.220833361149E1,1.045744672418E1,4.9E1));
#3775=LINE('',#3774,#3773);
#3776=DIRECTION('',(-3.102787334496E-1,-9.506456267027E-1,0.E0));
#3777=VECTOR('',#3776,2.350028559837E-1);
#3778=CARTESIAN_POINT('',(2.228125E1,1.068085116148E1,4.9E1));
#3779=LINE('',#3778,#3777);
#3780=DIRECTION('',(-4.397141723527E-1,-8.981377659536E-1,0.E0));
#3781=VECTOR('',#3780,3.316554722539E-1);
#3782=CARTESIAN_POINT('',(2.242708361149E1,1.097872346640E1,4.9E1));
#3783=LINE('',#3782,#3781);
#3784=DIRECTION('',(-6.996248351869E-1,-7.145103848018E-1,0.E0));
#3785=VECTOR('',#3784,3.126675741029E-1);
#3786=CARTESIAN_POINT('',(2.264583361149E1,1.120212769508E1,4.9E1));
#3787=LINE('',#3786,#3785);
#3788=DIRECTION('',(-8.526530674474E-1,-5.224775081977E-1,0.E0));
#3789=VECTOR('',#3788,4.275863078928E-1);
#3790=CARTESIAN_POINT('',(2.301041638851E1,1.142553192377E1,4.9E1));
#3791=LINE('',#3790,#3789);
#3792=DIRECTION('',(-9.858211730931E-1,-1.677993286083E-1,0.E0));
#3793=VECTOR('',#3792,4.437924564222E-1);
#3794=CARTESIAN_POINT('',(2.344791638851E1,1.15E1,4.9E1));
#3795=LINE('',#3794,#3793);
#3796=DIRECTION('',(-9.858211730931E-1,1.677993286083E-1,0.E0));
#3797=VECTOR('',#3796,4.437924564222E-1);
#3798=CARTESIAN_POINT('',(2.388541638851E1,1.142553192377E1,4.9E1));
#3799=LINE('',#3798,#3797);
#3800=DIRECTION('',(-8.526536001913E-1,5.224766387895E-1,0.E0));
#3801=VECTOR('',#3800,4.275870194022E-1);
#3802=CARTESIAN_POINT('',(2.425E1,1.120212769508E1,4.9E1));
#3803=LINE('',#3802,#3801);
#3804=DIRECTION('',(-6.996248351869E-1,7.145103848018E-1,0.E0));
#3805=VECTOR('',#3804,3.126675741029E-1);
#3806=CARTESIAN_POINT('',(2.446875E1,1.097872346640E1,4.9E1));
#3807=LINE('',#3806,#3805);
#3808=DIRECTION('',(-4.397141723527E-1,8.981377659536E-1,0.E0));
#3809=VECTOR('',#3808,3.316554722539E-1);
#3810=CARTESIAN_POINT('',(2.461458361149E1,1.068085116148E1,4.9E1));
#3811=LINE('',#3810,#3809);
#3812=DIRECTION('',(-3.102787334496E-1,9.506456267027E-1,0.E0));
#3813=VECTOR('',#3812,2.350028559837E-1);
#3814=CARTESIAN_POINT('',(2.46875E1,1.045744672418E1,4.9E1));
#3815=LINE('',#3814,#3813);
#3816=DIRECTION('',(-1.921821473726E-1,9.813592727596E-1,0.E0));
#3817=VECTOR('',#3816,3.794129137828E-1);
#3818=CARTESIAN_POINT('',(2.476041638851E1,1.008510634303E1,4.9E1));
#3819=LINE('',#3818,#3817);
#3820=DIRECTION('',(0.E0,1.E0,0.E0));
#3821=VECTOR('',#3820,6.702126860619E-1);
#3822=CARTESIAN_POINT('',(2.476041638851E1,9.414893656969E0,4.9E1));
#3823=LINE('',#3822,#3821);
#3824=DIRECTION('',(1.921820955228E-1,9.813592829135E-1,0.E0));
#3825=VECTOR('',#3824,3.794130161465E-1);
#3826=CARTESIAN_POINT('',(2.46875E1,9.042553171515E0,4.9E1));
#3827=LINE('',#3826,#3825);
#3828=DIRECTION('',(3.102789952956E-1,9.506455412394E-1,0.E0));
#3829=VECTOR('',#3828,2.350026576636E-1);
#3830=CARTESIAN_POINT('',(2.461458361149E1,8.819148942828E0,4.9E1));
#3831=LINE('',#3830,#3829);
#3832=DIRECTION('',(4.397141102494E-1,8.981377963584E-1,0.E0));
#3833=VECTOR('',#3832,3.316555190954E-1);
#3834=CARTESIAN_POINT('',(2.446875E1,8.521276585758E0,4.9E1));
#3835=LINE('',#3834,#3833);
#3836=DIRECTION('',(6.996247934953E-1,7.145104256249E-1,0.E0));
#3837=VECTOR('',#3836,3.126675927352E-1);
#3838=CARTESIAN_POINT('',(2.425E1,8.297872330993E0,4.9E1));
#3839=LINE('',#3838,#3837);
#3840=DIRECTION('',(8.526535798146E-1,5.224766720432E-1,0.E0));
#3841=VECTOR('',#3840,4.275870296207E-1);
#3842=CARTESIAN_POINT('',(2.388541638851E1,8.074468082748E0,4.9E1));
#3843=LINE('',#3842,#3841);
#3844=DIRECTION('',(9.858211706631E-1,1.677993428846E-1,0.E0));
#3845=VECTOR('',#3844,4.437924575161E-1);
#3846=CARTESIAN_POINT('',(2.344791638851E1,8.E0,4.9E1));
#3847=LINE('',#3846,#3845);
#3848=DIRECTION('',(9.858211706631E-1,-1.677993428846E-1,0.E0));
#3849=VECTOR('',#3848,4.437924575161E-1);
#3850=CARTESIAN_POINT('',(2.301041638851E1,8.074468082748E0,4.9E1));
#3851=LINE('',#3850,#3849);
#3852=DIRECTION('',(8.526530470706E-1,-5.224775414514E-1,0.E0));
#3853=VECTOR('',#3852,4.275863181113E-1);
#3854=CARTESIAN_POINT('',(2.264583361149E1,8.297872330993E0,4.9E1));
#3855=LINE('',#3854,#3853);
#3856=DIRECTION('',(6.996247934953E-1,-7.145104256249E-1,0.E0));
#3857=VECTOR('',#3856,3.126675927352E-1);
#3858=CARTESIAN_POINT('',(2.242708361149E1,8.521276585758E0,4.9E1));
#3859=LINE('',#3858,#3857);
#3860=DIRECTION('',(4.397141102494E-1,-8.981377963584E-1,0.E0));
#3861=VECTOR('',#3860,3.316555190954E-1);
#3862=CARTESIAN_POINT('',(2.228125E1,8.819148942828E0,4.9E1));
#3863=LINE('',#3862,#3861);
#3864=DIRECTION('',(3.102789952956E-1,-9.506455412394E-1,0.E0));
#3865=VECTOR('',#3864,2.350026576636E-1);
#3866=CARTESIAN_POINT('',(2.220833361149E1,9.042553171515E0,4.9E1));
#3867=LINE('',#3866,#3865);
#3868=DIRECTION('',(1.921842136484E-1,-9.813588681132E-1,0.E0));
#3869=VECTOR('',#3868,3.794131765167E-1);
#3870=CARTESIAN_POINT('',(2.213541638851E1,9.414893656969E0,4.9E1));
#3871=LINE('',#3870,#3869);
#3872=DIRECTION('',(1.610631980374E-1,9.869440947885E-1,0.E0));
#3873=VECTOR('',#3872,4.527191152304E-1);
#3874=CARTESIAN_POINT('',(2.25E1,1.001063826680E1,4.9E1));
#3875=LINE('',#3874,#3873);
#3876=DIRECTION('',(0.E0,1.E0,0.E0));
#3877=VECTOR('',#3876,5.212765336037E-1);
#3878=CARTESIAN_POINT('',(2.25E1,9.489361733198E0,4.9E1));
#3879=LINE('',#3878,#3877);
#3880=DIRECTION('',(-1.610631614123E-1,9.869441007655E-1,0.E0));
#3881=VECTOR('',#3880,4.527192181767E-1);
#3882=CARTESIAN_POINT('',(2.257291638851E1,9.042553171515E0,4.9E1));
#3883=LINE('',#3882,#3881);
#3884=DIRECTION('',(-5.466232329611E-1,8.373786725175E-1,0.E0));
#3885=VECTOR('',#3884,5.335799969509E-1);
#3886=CARTESIAN_POINT('',(2.286458361149E1,8.595744661987E0,4.9E1));
#3887=LINE('',#3886,#3885);
#3888=DIRECTION('',(-8.265992787996E-1,5.627909312417E-1,0.E0));
#3889=VECTOR('',#3888,2.646385081749E-1);
#3890=CARTESIAN_POINT('',(2.308333361149E1,8.446808509529E0,4.9E1));
#3891=LINE('',#3890,#3889);
#3892=DIRECTION('',(-9.797706494039E-1,2.001236481946E-1,0.E0));
#3893=VECTOR('',#3892,3.721103272946E-1);
#3894=CARTESIAN_POINT('',(2.344791638851E1,8.372340433300E0,4.9E1));
#3895=LINE('',#3894,#3893);
#3896=DIRECTION('',(-9.797707392153E-1,-2.001232084928E-1,0.E0));
#3897=VECTOR('',#3896,3.721111448790E-1);
#3898=CARTESIAN_POINT('',(2.38125E1,8.446808509529E0,4.9E1));
#3899=LINE('',#3898,#3897);
#3900=DIRECTION('',(-8.265992787996E-1,-5.627909312417E-1,0.E0));
#3901=VECTOR('',#3900,2.646385081749E-1);
#3902=CARTESIAN_POINT('',(2.403125E1,8.595744661987E0,4.9E1));
#3903=LINE('',#3902,#3901);
#3904=DIRECTION('',(-5.466221363492E-1,-8.373793883617E-1,0.E0));
#3905=VECTOR('',#3904,5.335795408134E-1);
#3906=CARTESIAN_POINT('',(2.432291638851E1,9.042553171515E0,4.9E1));
#3907=LINE('',#3906,#3905);
#3908=DIRECTION('',(-1.610649568243E-1,-9.869438077637E-1,0.E0));
#3909=VECTOR('',#3908,4.527193525791E-1);
#3910=CARTESIAN_POINT('',(2.439583361149E1,9.489361733198E0,4.9E1));
#3911=LINE('',#3910,#3909);
#3912=DIRECTION('',(0.E0,-1.E0,0.E0));
#3913=VECTOR('',#3912,5.212765336037E-1);
#3914=CARTESIAN_POINT('',(2.439583361149E1,1.001063826680E1,4.9E1));
#3915=LINE('',#3914,#3913);
#3916=DIRECTION('',(1.610649934498E-1,-9.869438017866E-1,0.E0));
#3917=VECTOR('',#3916,4.527192496328E-1);
#3918=CARTESIAN_POINT('',(2.432291638851E1,1.045744672418E1,4.9E1));
#3919=LINE('',#3918,#3917);
#3920=DIRECTION('',(5.466220021285E-1,-8.373794759779E-1,0.E0));
#3921=VECTOR('',#3920,5.335796718316E-1);
#3922=CARTESIAN_POINT('',(2.403125E1,1.090425539017E1,4.9E1));
#3923=LINE('',#3922,#3921);
#3924=DIRECTION('',(8.265992787996E-1,-5.627909312417E-1,0.E0));
#3925=VECTOR('',#3924,2.646385081749E-1);
#3926=CARTESIAN_POINT('',(2.38125E1,1.105319154263E1,4.9E1));
#3927=LINE('',#3926,#3925);
#3928=DIRECTION('',(9.797707392153E-1,-2.001232084928E-1,0.E0));
#3929=VECTOR('',#3928,3.721111448790E-1);
#3930=CARTESIAN_POINT('',(2.344791638851E1,1.112765961885E1,4.9E1));
#3931=LINE('',#3930,#3929);
#3932=DIRECTION('',(9.797706494039E-1,2.001236481946E-1,0.E0));
#3933=VECTOR('',#3932,3.721103272946E-1);
#3934=CARTESIAN_POINT('',(2.308333361149E1,1.105319154263E1,4.9E1));
#3935=LINE('',#3934,#3933);
#3936=DIRECTION('',(8.265992787996E-1,5.627909312417E-1,0.E0));
#3937=VECTOR('',#3936,2.646385081749E-1);
#3938=CARTESIAN_POINT('',(2.286458361149E1,1.090425539017E1,4.9E1));
#3939=LINE('',#3938,#3937);
#3940=DIRECTION('',(5.466230987403E-1,8.373787601340E-1,0.E0));
#3941=VECTOR('',#3940,5.335801279690E-1);
#3942=CARTESIAN_POINT('',(2.257291638851E1,1.045744672418E1,4.9E1));
#3943=LINE('',#3942,#3941);
#3944=DIRECTION('',(0.E0,0.E0,1.E0));
#3945=VECTOR('',#3944,3.E-1);
#3946=CARTESIAN_POINT('',(-2.140782916546E1,8.E0,4.87E1));
#3947=LINE('',#3946,#3945);
#3948=DIRECTION('',(0.E0,0.E0,1.E0));
#3949=VECTOR('',#3948,3.E-1);
#3950=CARTESIAN_POINT('',(-2.137046265602E1,8.129537370056E0,4.87E1));
#3951=LINE('',#3950,#3949);
#3952=DIRECTION('',(0.E0,0.E0,1.E0));
#3953=VECTOR('',#3952,3.E-1);
#3954=CARTESIAN_POINT('',(-2.107563345149E1,8.270966325318E0,4.87E1));
#3955=LINE('',#3954,#3953);
#3956=DIRECTION('',(0.E0,0.E0,1.E0));
#3957=VECTOR('',#3956,3.E-1);
#3958=CARTESIAN_POINT('',(-2.090213543177E1,8.722419947386E0,4.87E1));
#3959=LINE('',#3958,#3957);
#3960=DIRECTION('',(0.E0,1.776356839400E-14,1.E0));
#3961=VECTOR('',#3960,3.E-1);
#3962=CARTESIAN_POINT('',(-2.034412825108E1,1.072277572751E1,4.87E1));
#3963=LINE('',#3962,#3961);
#3964=DIRECTION('',(0.E0,0.E0,1.E0));
#3965=VECTOR('',#3964,3.E-1);
#3966=CARTESIAN_POINT('',(-2.031526894271E1,1.116323717162E1,4.87E1));
#3967=LINE('',#3966,#3965);
#3968=DIRECTION('',(0.E0,0.E0,1.E0));
#3969=VECTOR('',#3968,3.E-1);
#3970=CARTESIAN_POINT('',(-2.066548031569E1,1.131565833092E1,4.87E1));
#3971=LINE('',#3970,#3969);
#3972=DIRECTION('',(0.E0,0.E0,1.E0));
#3973=VECTOR('',#3972,3.E-1);
#3974=CARTESIAN_POINT('',(-2.063060510159E1,1.144519567490E1,4.87E1));
#3975=LINE('',#3974,#3973);
#3976=DIRECTION('',(0.E0,0.E0,1.E0));
#3977=VECTOR('',#3976,3.E-1);
#3978=CARTESIAN_POINT('',(-1.929288256168E1,1.144519567490E1,4.87E1));
#3979=LINE('',#3978,#3977);
#3980=DIRECTION('',(0.E0,0.E0,1.E0));
#3981=VECTOR('',#3980,3.E-1);
#3982=CARTESIAN_POINT('',(-1.933024907112E1,1.131565833092E1,4.87E1));
#3983=LINE('',#3982,#3981);
#3984=DIRECTION('',(0.E0,0.E0,1.E0));
#3985=VECTOR('',#3984,3.E-1);
#3986=CARTESIAN_POINT('',(-1.959867574019E1,1.121031645186E1,4.87E1));
#3987=LINE('',#3986,#3985);
#3988=DIRECTION('',(-3.552713678800E-14,-1.065814103640E-13,1.E0));
#3989=VECTOR('',#3988,3.E-1);
#3990=CARTESIAN_POINT('',(-1.980604976416E1,1.072277572751E1,4.87E1));
#3991=LINE('',#3990,#3989);
#3992=DIRECTION('',(0.E0,0.E0,1.E0));
#3993=VECTOR('',#3992,3.E-1);
#3994=CARTESIAN_POINT('',(-2.036654824018E1,8.722419947386E0,4.87E1));
#3995=LINE('',#3994,#3993);
#3996=DIRECTION('',(0.E0,0.E0,1.E0));
#3997=VECTOR('',#3996,3.E-1);
#3998=CARTESIAN_POINT('',(-2.040669735567E1,8.274806779783E0,4.87E1));
#3999=LINE('',#3998,#3997);
#4000=DIRECTION('',(0.E0,0.E0,1.E0));
#4001=VECTOR('',#4000,3.E-1);
#4002=CARTESIAN_POINT('',(-2.007758009434E1,8.129537370056E0,4.87E1));
#4003=LINE('',#4002,#4001);
#4004=DIRECTION('',(0.E0,0.E0,1.E0));
#4005=VECTOR('',#4004,3.E-1);
#4006=CARTESIAN_POINT('',(-2.011494660378E1,8.E0,4.87E1));
#4007=LINE('',#4006,#4005);
#4008=DIRECTION('',(0.E0,0.E0,1.E0));
#4009=VECTOR('',#4008,3.E-1);
#4010=CARTESIAN_POINT('',(-1.807971519232E1,9.026334509254E0,4.87E1));
#4011=LINE('',#4010,#4009);
#4012=DIRECTION('',(0.E0,0.E0,1.E0));
#4013=VECTOR('',#4012,3.E-1);
#4014=CARTESIAN_POINT('',(-1.722775769234E1,1.061067619920E1,4.87E1));
#4015=LINE('',#4014,#4013);
#4016=DIRECTION('',(0.E0,0.E0,1.E0));
#4017=VECTOR('',#4016,3.E-1);
#4018=CARTESIAN_POINT('',(-1.727010679245E1,1.095195737481E1,4.87E1));
#4019=LINE('',#4018,#4017);
#4020=DIRECTION('',(0.E0,0.E0,1.E0));
#4021=VECTOR('',#4020,3.E-1);
#4022=CARTESIAN_POINT('',(-1.740711748320E1,1.124839876199E1,4.87E1));
#4023=LINE('',#4022,#4021);
#4024=DIRECTION('',(0.E0,0.E0,1.E0));
#4025=VECTOR('',#4024,3.E-1);
#4026=CARTESIAN_POINT('',(-1.770355880260E1,1.131565833092E1,4.87E1));
#4027=LINE('',#4026,#4025);
#4028=DIRECTION('',(0.E0,0.E0,1.E0));
#4029=VECTOR('',#4028,3.E-1);
#4030=CARTESIAN_POINT('',(-1.766619229317E1,1.144519567490E1,4.87E1));
#4031=LINE('',#4030,#4029);
#4032=DIRECTION('',(0.E0,0.E0,1.E0));
#4033=VECTOR('',#4032,3.E-1);
#4034=CARTESIAN_POINT('',(-1.640818536282E1,1.144519567490E1,4.87E1));
#4035=LINE('',#4034,#4033);
#4036=DIRECTION('',(0.E0,0.E0,1.E0));
#4037=VECTOR('',#4036,3.E-1);
#4038=CARTESIAN_POINT('',(-1.644555187225E1,1.131565833092E1,4.87E1));
#4039=LINE('',#4038,#4037);
#4040=DIRECTION('',(0.E0,0.E0,1.E0));
#4041=VECTOR('',#4040,3.E-1);
#4042=CARTESIAN_POINT('',(-1.672210724936E1,1.122850973117E1,4.87E1));
#4043=LINE('',#4042,#4041);
#4044=DIRECTION('',(0.E0,0.E0,1.E0));
#4045=VECTOR('',#4044,3.E-1);
#4046=CARTESIAN_POINT('',(-1.677686870098E1,1.105907472968E1,4.87E1));
#4047=LINE('',#4046,#4045);
#4048=DIRECTION('',(0.E0,0.E0,1.E0));
#4049=VECTOR('',#4048,3.E-1);
#4050=CARTESIAN_POINT('',(-1.676952788432E1,1.094446936685E1,4.87E1));
#4051=LINE('',#4050,#4049);
#4052=DIRECTION('',(0.E0,0.E0,1.E0));
#4053=VECTOR('',#4052,3.E-1);
#4054=CARTESIAN_POINT('',(-1.673950219154E1,1.072028464079E1,4.87E1));
#4055=LINE('',#4054,#4053);
#4056=DIRECTION('',(0.E0,0.E0,1.E0));
#4057=VECTOR('',#4056,3.E-1);
#4058=CARTESIAN_POINT('',(-1.649537360668E1,9.038790047169E0,4.87E1));
#4059=LINE('',#4058,#4057);
#4060=DIRECTION('',(0.E0,0.E0,1.E0));
#4061=VECTOR('',#4060,3.E-1);
#4062=CARTESIAN_POINT('',(-1.571316695213E1,1.061067619920E1,4.87E1));
#4063=LINE('',#4062,#4061);
#4064=DIRECTION('',(0.E0,0.E0,1.E0));
#4065=VECTOR('',#4064,3.E-1);
#4066=CARTESIAN_POINT('',(-1.554334976646E1,1.097421426165E1,4.87E1));
#4067=LINE('',#4066,#4065);
#4068=DIRECTION('',(0.E0,0.E0,1.E0));
#4069=VECTOR('',#4068,3.E-1);
#4070=CARTESIAN_POINT('',(-1.551387917995E1,1.111138796806E1,4.87E1));
#4071=LINE('',#4070,#4069);
#4072=DIRECTION('',(0.E0,0.E0,1.E0));
#4073=VECTOR('',#4072,3.E-1);
#4074=CARTESIAN_POINT('',(-1.560132730591E1,1.127031508610E1,4.87E1));
#4075=LINE('',#4074,#4073);
#4076=DIRECTION('',(0.E0,0.E0,1.E0));
#4077=VECTOR('',#4076,3.E-1);
#4078=CARTESIAN_POINT('',(-1.586512470245E1,1.131565833092E1,4.87E1));
#4079=LINE('',#4078,#4077);
#4080=DIRECTION('',(0.E0,0.E0,1.E0));
#4081=VECTOR('',#4080,3.E-1);
#4082=CARTESIAN_POINT('',(-1.583523166180E1,1.144519567490E1,4.87E1));
#4083=LINE('',#4082,#4081);
#4084=DIRECTION('',(0.E0,0.E0,1.E0));
#4085=VECTOR('',#4084,3.E-1);
#4086=CARTESIAN_POINT('',(-1.482882595062E1,1.144519567490E1,4.87E1));
#4087=LINE('',#4086,#4085);
#4088=DIRECTION('',(0.E0,0.E0,1.E0));
#4089=VECTOR('',#4088,3.E-1);
#4090=CARTESIAN_POINT('',(-1.486619246006E1,1.131565833092E1,4.87E1));
#4091=LINE('',#4090,#4089);
#4092=DIRECTION('',(0.E0,0.E0,1.E0));
#4093=VECTOR('',#4092,3.E-1);
#4094=CARTESIAN_POINT('',(-1.516048412595E1,1.111907263243E1,4.87E1));
#4095=LINE('',#4094,#4093);
#4096=DIRECTION('',(0.E0,0.E0,1.E0));
#4097=VECTOR('',#4096,3.E-1);
#4098=CARTESIAN_POINT('',(-1.539928793907E1,1.068042704463E1,4.87E1));
#4099=LINE('',#4098,#4097);
#4100=DIRECTION('',(0.E0,0.E0,1.E0));
#4101=VECTOR('',#4100,3.E-1);
#4102=CARTESIAN_POINT('',(-1.676690351963E1,7.945195727050E0,4.87E1));
#4103=LINE('',#4102,#4101);
#4104=DIRECTION('',(0.E0,0.E0,1.E0));
#4105=VECTOR('',#4104,3.E-1);
#4106=CARTESIAN_POINT('',(-1.686903953552E1,7.945195727050E0,4.87E1));
#4107=LINE('',#4106,#4105);
#4108=DIRECTION('',(0.E0,0.E0,1.E0));
#4109=VECTOR('',#4108,3.E-1);
#4110=CARTESIAN_POINT('',(-1.717046248913E1,1.020213526487E1,4.87E1));
#4111=LINE('',#4110,#4109);
#4112=DIRECTION('',(0.E0,0.E0,1.E0));
#4113=VECTOR('',#4112,3.E-1);
#4114=CARTESIAN_POINT('',(-1.835871899128E1,7.945195727050E0,4.87E1));
#4115=LINE('',#4114,#4113);
#4116=DIRECTION('',(0.E0,0.E0,1.E0));
#4117=VECTOR('',#4116,3.E-1);
#4118=CARTESIAN_POINT('',(-1.846085417271E1,7.945195727050E0,4.87E1));
#4119=LINE('',#4118,#4117);
#4120=DIRECTION('',(0.E0,0.E0,1.E0));
#4121=VECTOR('',#4120,3.E-1);
#4122=CARTESIAN_POINT('',(-1.877224189043E1,1.076263353229E1,4.87E1));
#4123=LINE('',#4122,#4121);
#4124=DIRECTION('',(0.E0,0.E0,1.E0));
#4125=VECTOR('',#4124,3.E-1);
#4126=CARTESIAN_POINT('',(-1.892170834541E1,1.125338074565E1,4.87E1));
#4127=LINE('',#4126,#4125);
#4128=DIRECTION('',(0.E0,0.E0,1.E0));
#4129=VECTOR('',#4128,3.E-1);
#4130=CARTESIAN_POINT('',(-1.922313171625E1,1.131565833092E1,4.87E1));
#4131=LINE('',#4130,#4129);
#4132=DIRECTION('',(0.E0,0.E0,1.E0));
#4133=VECTOR('',#4132,3.E-1);
#4134=CARTESIAN_POINT('',(-1.918576520681E1,1.144519567490E1,4.87E1));
#4135=LINE('',#4134,#4133);
#4136=DIRECTION('',(0.E0,0.E0,1.E0));
#4137=VECTOR('',#4136,3.E-1);
#4138=CARTESIAN_POINT('',(-1.792775785923E1,1.144519567490E1,4.87E1));
#4139=LINE('',#4138,#4137);
#4140=DIRECTION('',(0.E0,0.E0,1.E0));
#4141=VECTOR('',#4140,3.E-1);
#4142=CARTESIAN_POINT('',(-1.796512436867E1,1.131565833092E1,4.87E1));
#4143=LINE('',#4142,#4141);
#4144=DIRECTION('',(0.E0,0.E0,1.E0));
#4145=VECTOR('',#4144,3.E-1);
#4146=CARTESIAN_POINT('',(-1.819625605080E1,1.125494896321E1,4.87E1));
#4147=LINE('',#4146,#4145);
#4148=DIRECTION('',(0.E0,0.E0,1.E0));
#4149=VECTOR('',#4148,3.E-1);
#4150=CARTESIAN_POINT('',(-1.829395031929E1,1.106654798985E1,4.87E1));
#4151=LINE('',#4150,#4149);
#4152=DIRECTION('',(0.E0,0.E0,1.E0));
#4153=VECTOR('',#4152,3.E-1);
#4154=CARTESIAN_POINT('',(-1.829145922652E1,1.094448389537E1,4.87E1));
#4155=LINE('',#4154,#4153);
#4156=DIRECTION('',(0.E0,-1.184237892933E-14,1.E0));
#4157=VECTOR('',#4156,3.E-1);
#4158=CARTESIAN_POINT('',(-1.827153033018E1,1.076263353229E1,4.87E1));
#4159=LINE('',#4158,#4157);
#4160=DIRECTION('',(0.E0,0.E0,1.E0));
#4161=VECTOR('',#4160,3.E-1);
#4162=CARTESIAN_POINT('',(-1.548149442673E1,8.E0,4.87E1));
#4163=LINE('',#4162,#4161);
#4164=DIRECTION('',(0.E0,0.E0,1.E0));
#4165=VECTOR('',#4164,3.E-1);
#4166=CARTESIAN_POINT('',(-1.544412791729E1,8.129537370056E0,4.87E1));
#4167=LINE('',#4166,#4165);
#4168=DIRECTION('',(0.E0,0.E0,1.E0));
#4169=VECTOR('',#4168,3.E-1);
#4170=CARTESIAN_POINT('',(-1.514929900833E1,8.270966512494E0,4.87E1));
#4171=LINE('',#4170,#4169);
#4172=DIRECTION('',(0.E0,0.E0,1.E0));
#4173=VECTOR('',#4172,3.E-1);
#4174=CARTESIAN_POINT('',(-1.497580111027E1,8.722419947386E0,4.87E1));
#4175=LINE('',#4174,#4173);
#4176=DIRECTION('',(0.E0,1.776356839400E-14,1.E0));
#4177=VECTOR('',#4176,3.E-1);
#4178=CARTESIAN_POINT('',(-1.441779351234E1,1.072277572751E1,4.87E1));
#4179=LINE('',#4178,#4177);
#4180=DIRECTION('',(0.E0,0.E0,1.E0));
#4181=VECTOR('',#4180,3.E-1);
#4182=CARTESIAN_POINT('',(-1.438893444944E1,1.116323724993E1,4.87E1));
#4183=LINE('',#4182,#4181);
#4184=DIRECTION('',(0.E0,0.E0,1.E0));
#4185=VECTOR('',#4184,3.E-1);
#4186=CARTESIAN_POINT('',(-1.473914599419E1,1.131565833092E1,4.87E1));
#4187=LINE('',#4186,#4185);
#4188=DIRECTION('',(0.E0,0.E0,1.E0));
#4189=VECTOR('',#4188,3.E-1);
#4190=CARTESIAN_POINT('',(-1.470427036285E1,1.144519567490E1,4.87E1));
#4191=LINE('',#4190,#4189);
#4192=DIRECTION('',(0.E0,0.E0,1.E0));
#4193=VECTOR('',#4192,3.E-1);
#4194=CARTESIAN_POINT('',(-1.336654782295E1,1.144519567490E1,4.87E1));
#4195=LINE('',#4194,#4193);
#4196=DIRECTION('',(0.E0,0.E0,1.E0));
#4197=VECTOR('',#4196,3.E-1);
#4198=CARTESIAN_POINT('',(-1.340391433239E1,1.131565833092E1,4.87E1));
#4199=LINE('',#4198,#4197);
#4200=DIRECTION('',(0.E0,0.E0,1.E0));
#4201=VECTOR('',#4200,3.E-1);
#4202=CARTESIAN_POINT('',(-1.367234100146E1,1.121031645186E1,4.87E1));
#4203=LINE('',#4202,#4201);
#4204=DIRECTION('',(-3.552713678800E-14,-1.065814103640E-13,1.E0));
#4205=VECTOR('',#4204,3.E-1);
#4206=CARTESIAN_POINT('',(-1.387971544266E1,1.072277572751E1,4.87E1));
#4207=LINE('',#4206,#4205);
#4208=DIRECTION('',(0.E0,0.E0,1.E0));
#4209=VECTOR('',#4208,3.E-1);
#4210=CARTESIAN_POINT('',(-1.444021391869E1,8.722419947386E0,4.87E1));
#4211=LINE('',#4210,#4209);
#4212=DIRECTION('',(0.E0,0.E0,1.E0));
#4213=VECTOR('',#4212,3.E-1);
#4214=CARTESIAN_POINT('',(-1.448036261694E1,8.274806779783E0,4.87E1));
#4215=LINE('',#4214,#4213);
#4216=DIRECTION('',(0.E0,0.E0,1.E0));
#4217=VECTOR('',#4216,3.E-1);
#4218=CARTESIAN_POINT('',(-1.415124535561E1,8.129537370056E0,4.87E1));
#4219=LINE('',#4218,#4217);
#4220=DIRECTION('',(0.E0,0.E0,1.E0));
#4221=VECTOR('',#4220,3.E-1);
#4222=CARTESIAN_POINT('',(-1.418861186504E1,8.E0,4.87E1));
#4223=LINE('',#4222,#4221);
#4224=DIRECTION('',(0.E0,0.E0,1.E0));
#4225=VECTOR('',#4224,3.E-1);
#4226=CARTESIAN_POINT('',(-1.376263332367E1,8.E0,4.87E1));
#4227=LINE('',#4226,#4225);
#4228=DIRECTION('',(0.E0,0.E0,1.E0));
#4229=VECTOR('',#4228,3.E-1);
#4230=CARTESIAN_POINT('',(-1.372526681423E1,8.129537370056E0,4.87E1));
#4231=LINE('',#4230,#4229);
#4232=DIRECTION('',(0.E0,0.E0,1.E0));
#4233=VECTOR('',#4232,3.E-1);
#4234=CARTESIAN_POINT('',(-1.343811707348E1,8.270911805957E0,4.87E1));
#4235=LINE('',#4234,#4233);
#4236=DIRECTION('',(0.E0,0.E0,1.E0));
#4237=VECTOR('',#4236,3.E-1);
#4238=CARTESIAN_POINT('',(-1.303523099422E1,9.424910992384E0,4.87E1));
#4239=LINE('',#4238,#4237);
#4240=DIRECTION('',(0.E0,0.E0,1.E0));
#4241=VECTOR('',#4240,3.E-1);
#4242=CARTESIAN_POINT('',(-1.257437682152E1,1.107651254535E1,4.87E1));
#4243=LINE('',#4242,#4241);
#4244=DIRECTION('',(0.E0,0.E0,1.E0));
#4245=VECTOR('',#4244,3.E-1);
#4246=CARTESIAN_POINT('',(-1.275188289411E1,1.125188468420E1,4.87E1));
#4247=LINE('',#4246,#4245);
#4248=DIRECTION('',(0.E0,0.E0,1.E0));
#4249=VECTOR('',#4248,3.E-1);
#4250=CARTESIAN_POINT('',(-1.302028489113E1,1.131565833092E1,4.87E1));
#4251=LINE('',#4250,#4249);
#4252=DIRECTION('',(0.E0,0.E0,1.E0));
#4253=VECTOR('',#4252,3.E-1);
#4254=CARTESIAN_POINT('',(-1.298540925980E1,1.144519567490E1,4.87E1));
#4255=LINE('',#4254,#4253);
#4256=DIRECTION('',(0.E0,0.E0,1.E0));
#4257=VECTOR('',#4256,3.E-1);
#4258=CARTESIAN_POINT('',(-1.214341652393E1,1.144519567490E1,4.87E1));
#4259=LINE('',#4258,#4257);
#4260=DIRECTION('',(0.E0,0.E0,1.E0));
#4261=VECTOR('',#4260,3.E-1);
#4262=CARTESIAN_POINT('',(-1.109217083454E1,8.874377228320E0,4.87E1));
#4263=LINE('',#4262,#4261);
#4264=DIRECTION('',(0.E0,0.E0,1.E0));
#4265=VECTOR('',#4264,3.E-1);
#4266=CARTESIAN_POINT('',(-1.056405711174E1,1.072277572751E1,4.87E1));
#4267=LINE('',#4266,#4265);
#4268=DIRECTION('',(0.E0,0.E0,1.E0));
#4269=VECTOR('',#4268,3.E-1);
#4270=CARTESIAN_POINT('',(-1.051781481068E1,1.118820389330E1,4.87E1));
#4271=LINE('',#4270,#4269);
#4272=DIRECTION('',(0.E0,0.E0,1.E0));
#4273=VECTOR('',#4272,3.E-1);
#4274=CARTESIAN_POINT('',(-1.088789963722E1,1.131565833092E1,4.87E1));
#4275=LINE('',#4274,#4273);
#4276=DIRECTION('',(0.E0,0.E0,1.E0));
#4277=VECTOR('',#4276,3.E-1);
#4278=CARTESIAN_POINT('',(-1.085302567482E1,1.144519567490E1,4.87E1));
#4279=LINE('',#4278,#4277);
#4280=DIRECTION('',(0.E0,0.E0,1.E0));
#4281=VECTOR('',#4280,3.E-1);
#4282=CARTESIAN_POINT('',(-9.791814804077E0,1.144519567490E1,4.87E1));
#4283=LINE('',#4282,#4281);
#4284=DIRECTION('',(0.E0,0.E0,1.E0));
#4285=VECTOR('',#4284,3.E-1);
#4286=CARTESIAN_POINT('',(-9.829182147980E0,1.131565833092E1,4.87E1));
#4287=LINE('',#4286,#4285);
#4288=DIRECTION('',(0.E0,0.E0,1.E0));
#4289=VECTOR('',#4288,3.E-1);
#4290=CARTESIAN_POINT('',(-1.010003962738E1,1.119795280775E1,4.87E1));
#4291=LINE('',#4290,#4289);
#4292=DIRECTION('',(0.E0,0.E0,1.E0));
#4293=VECTOR('',#4292,3.E-1);
#4294=CARTESIAN_POINT('',(-1.053914666176E1,9.908185154200E0,4.87E1));
#4295=LINE('',#4294,#4293);
#4296=DIRECTION('',(0.E0,0.E0,1.E0));
#4297=VECTOR('',#4296,3.E-1);
#4298=CARTESIAN_POINT('',(-1.108718824387E1,7.945195727050E0,4.87E1));
#4299=LINE('',#4298,#4297);
#4300=DIRECTION('',(0.E0,0.E0,1.E0));
#4301=VECTOR('',#4300,3.E-1);
#4302=CARTESIAN_POINT('',(-1.122918164730E1,7.945195727050E0,4.87E1));
#4303=LINE('',#4302,#4301);
#4304=DIRECTION('',(0.E0,0.E0,1.E0));
#4305=VECTOR('',#4304,3.E-1);
#4306=CARTESIAN_POINT('',(-1.241494643688E1,1.074768680334E1,4.87E1));
#4307=LINE('',#4306,#4305);
#4308=DIRECTION('',(0.E0,0.E0,1.E0));
#4309=VECTOR('',#4308,3.E-1);
#4310=CARTESIAN_POINT('',(-1.298042666912E1,8.722419947386E0,4.87E1));
#4311=LINE('',#4310,#4309);
#4312=DIRECTION('',(0.E0,0.E0,1.E0));
#4313=VECTOR('',#4312,3.E-1);
#4314=CARTESIAN_POINT('',(-1.303024923801E1,8.231672603637E0,4.87E1));
#4315=LINE('',#4314,#4313);
#4316=DIRECTION('',(0.E0,0.E0,1.E0));
#4317=VECTOR('',#4316,3.E-1);
#4318=CARTESIAN_POINT('',(-1.268149459362E1,8.129537370056E0,4.87E1));
#4319=LINE('',#4318,#4317);
#4320=DIRECTION('',(0.E0,0.E0,1.E0));
#4321=VECTOR('',#4320,3.E-1);
#4322=CARTESIAN_POINT('',(-1.271886110306E1,8.E0,4.87E1));
#4323=LINE('',#4322,#4321);
#4324=DIRECTION('',(0.E0,0.E0,1.E0));
#4325=VECTOR('',#4324,3.E-1);
#4326=CARTESIAN_POINT('',(1.24375E1,8.E0,4.87E1));
#4327=LINE('',#4326,#4325);
#4328=DIRECTION('',(0.E0,0.E0,1.E0));
#4329=VECTOR('',#4328,3.E-1);
#4330=CARTESIAN_POINT('',(1.2E1,8.E0,4.87E1));
#4331=LINE('',#4330,#4329);
#4332=DIRECTION('',(0.E0,0.E0,1.E0));
#4333=VECTOR('',#4332,3.E-1);
#4334=CARTESIAN_POINT('',(1.2E1,1.15E1,4.87E1));
#4335=LINE('',#4334,#4333);
#4336=DIRECTION('',(0.E0,0.E0,1.E0));
#4337=VECTOR('',#4336,3.E-1);
#4338=CARTESIAN_POINT('',(1.24375E1,1.15E1,4.87E1));
#4339=LINE('',#4338,#4337);
#4340=DIRECTION('',(0.E0,0.E0,1.E0));
#4341=VECTOR('',#4340,3.E-1);
#4342=CARTESIAN_POINT('',(1.24375E1,1.008510634303E1,4.87E1));
#4343=LINE('',#4342,#4341);
#4344=DIRECTION('',(0.E0,0.E0,1.E0));
#4345=VECTOR('',#4344,3.E-1);
#4346=CARTESIAN_POINT('',(1.447916659713E1,1.008510634303E1,4.87E1));
#4347=LINE('',#4346,#4345);
#4348=DIRECTION('',(0.E0,0.E0,1.E0));
#4349=VECTOR('',#4348,3.E-1);
#4350=CARTESIAN_POINT('',(1.447916659713E1,1.15E1,4.87E1));
#4351=LINE('',#4350,#4349);
#4352=DIRECTION('',(0.E0,0.E0,1.E0));
#4353=VECTOR('',#4352,3.E-1);
#4354=CARTESIAN_POINT('',(1.491666659713E1,1.15E1,4.87E1));
#4355=LINE('',#4354,#4353);
#4356=DIRECTION('',(0.E0,0.E0,1.E0));
#4357=VECTOR('',#4356,3.E-1);
#4358=CARTESIAN_POINT('',(1.491666659713E1,8.E0,4.87E1));
#4359=LINE('',#4358,#4357);
#4360=DIRECTION('',(0.E0,0.E0,1.E0));
#4361=VECTOR('',#4360,3.E-1);
#4362=CARTESIAN_POINT('',(1.447916659713E1,8.E0,4.87E1));
#4363=LINE('',#4362,#4361);
#4364=DIRECTION('',(0.E0,0.E0,1.E0));
#4365=VECTOR('',#4364,3.E-1);
#4366=CARTESIAN_POINT('',(1.447916659713E1,9.638297885656E0,4.87E1));
#4367=LINE('',#4366,#4365);
#4368=DIRECTION('',(0.E0,0.E0,1.E0));
#4369=VECTOR('',#4368,3.E-1);
#4370=CARTESIAN_POINT('',(1.24375E1,9.638297885656E0,4.87E1));
#4371=LINE('',#4370,#4369);
#4372=DIRECTION('',(0.E0,0.E0,1.E0));
#4373=VECTOR('',#4372,3.E-1);
#4374=CARTESIAN_POINT('',(1.834375E1,8.819148942828E0,4.87E1));
#4375=LINE('',#4374,#4373);
#4376=DIRECTION('',(0.E0,0.E0,1.E0));
#4377=VECTOR('',#4376,3.E-1);
#4378=CARTESIAN_POINT('',(1.827083319426E1,8.521276585758E0,4.87E1));
#4379=LINE('',#4378,#4377);
#4380=DIRECTION('',(0.E0,0.E0,1.E0));
#4381=VECTOR('',#4380,3.E-1);
#4382=CARTESIAN_POINT('',(1.797916680574E1,8.223404254764E0,4.87E1));
#4383=LINE('',#4382,#4381);
#4384=DIRECTION('',(0.E0,0.E0,1.E0));
#4385=VECTOR('',#4384,3.E-1);
#4386=CARTESIAN_POINT('',(1.76875E1,8.074468082748E0,4.87E1));
#4387=LINE('',#4386,#4385);
#4388=DIRECTION('',(0.E0,0.E0,1.E0));
#4389=VECTOR('',#4388,3.E-1);
#4390=CARTESIAN_POINT('',(1.732291680574E1,8.E0,4.87E1));
#4391=LINE('',#4390,#4389);
#4392=DIRECTION('',(0.E0,0.E0,1.E0));
#4393=VECTOR('',#4392,3.E-1);
#4394=CARTESIAN_POINT('',(1.666666680574E1,8.E0,4.87E1));
#4395=LINE('',#4394,#4393);
#4396=DIRECTION('',(0.E0,0.E0,1.E0));
#4397=VECTOR('',#4396,3.E-1);
#4398=CARTESIAN_POINT('',(1.630208319426E1,8.074468082748E0,4.87E1));
#4399=LINE('',#4398,#4397);
#4400=DIRECTION('',(0.E0,0.E0,1.E0));
#4401=VECTOR('',#4400,3.E-1);
#4402=CARTESIAN_POINT('',(1.601041680574E1,8.223404254764E0,4.87E1));
#4403=LINE('',#4402,#4401);
#4404=DIRECTION('',(0.E0,0.E0,1.E0));
#4405=VECTOR('',#4404,3.E-1);
#4406=CARTESIAN_POINT('',(1.571875E1,8.521276585758E0,4.87E1));
#4407=LINE('',#4406,#4405);
#4408=DIRECTION('',(0.E0,0.E0,1.E0));
#4409=VECTOR('',#4408,3.E-1);
#4410=CARTESIAN_POINT('',(1.557291680574E1,8.819148942828E0,4.87E1));
#4411=LINE('',#4410,#4409);
#4412=DIRECTION('',(0.E0,0.E0,1.E0));
#4413=VECTOR('',#4412,3.E-1);
#4414=CARTESIAN_POINT('',(1.55E1,9.191489323974E0,4.87E1));
#4415=LINE('',#4414,#4413);
#4416=DIRECTION('',(0.E0,0.E0,1.E0));
#4417=VECTOR('',#4416,3.E-1);
#4418=CARTESIAN_POINT('',(1.55E1,1.030851057172E1,4.87E1));
#4419=LINE('',#4418,#4417);
#4420=DIRECTION('',(0.E0,0.E0,1.E0));
#4421=VECTOR('',#4420,3.E-1);
#4422=CARTESIAN_POINT('',(1.557291680574E1,1.068085116148E1,4.87E1));
#4423=LINE('',#4422,#4421);
#4424=DIRECTION('',(0.E0,0.E0,1.E0));
#4425=VECTOR('',#4424,3.E-1);
#4426=CARTESIAN_POINT('',(1.571875E1,1.097872346640E1,4.87E1));
#4427=LINE('',#4426,#4425);
#4428=DIRECTION('',(0.E0,0.E0,1.E0));
#4429=VECTOR('',#4428,3.E-1);
#4430=CARTESIAN_POINT('',(1.601041680574E1,1.127659577131E1,4.87E1));
#4431=LINE('',#4430,#4429);
#4432=DIRECTION('',(0.E0,0.E0,1.E0));
#4433=VECTOR('',#4432,3.E-1);
#4434=CARTESIAN_POINT('',(1.630208319426E1,1.142553192377E1,4.87E1));
#4435=LINE('',#4434,#4433);
#4436=DIRECTION('',(0.E0,0.E0,1.E0));
#4437=VECTOR('',#4436,3.E-1);
#4438=CARTESIAN_POINT('',(1.666666680574E1,1.15E1,4.87E1));
#4439=LINE('',#4438,#4437);
#4440=DIRECTION('',(0.E0,0.E0,1.E0));
#4441=VECTOR('',#4440,3.E-1);
#4442=CARTESIAN_POINT('',(1.732291680574E1,1.15E1,4.87E1));
#4443=LINE('',#4442,#4441);
#4444=DIRECTION('',(0.E0,0.E0,1.E0));
#4445=VECTOR('',#4444,3.E-1);
#4446=CARTESIAN_POINT('',(1.76875E1,1.142553192377E1,4.87E1));
#4447=LINE('',#4446,#4445);
#4448=DIRECTION('',(0.E0,0.E0,1.E0));
#4449=VECTOR('',#4448,3.E-1);
#4450=CARTESIAN_POINT('',(1.797916680574E1,1.127659577131E1,4.87E1));
#4451=LINE('',#4450,#4449);
#4452=DIRECTION('',(0.E0,0.E0,1.E0));
#4453=VECTOR('',#4452,3.E-1);
#4454=CARTESIAN_POINT('',(1.827083319426E1,1.097872346640E1,4.87E1));
#4455=LINE('',#4454,#4453);
#4456=DIRECTION('',(0.E0,0.E0,1.E0));
#4457=VECTOR('',#4456,3.E-1);
#4458=CARTESIAN_POINT('',(1.834375E1,1.060638287663E1,4.87E1));
#4459=LINE('',#4458,#4457);
#4460=DIRECTION('',(0.E0,0.E0,1.E0));
#4461=VECTOR('',#4460,3.E-1);
#4462=CARTESIAN_POINT('',(1.790625E1,1.060638287663E1,4.87E1));
#4463=LINE('',#4462,#4461);
#4464=DIRECTION('',(0.E0,0.E0,1.E0));
#4465=VECTOR('',#4464,3.E-1);
#4466=CARTESIAN_POINT('',(1.783333319426E1,1.082978731394E1,4.87E1));
#4467=LINE('',#4466,#4465);
#4468=DIRECTION('',(0.E0,0.E0,1.E0));
#4469=VECTOR('',#4468,3.E-1);
#4470=CARTESIAN_POINT('',(1.761458319426E1,1.097872346640E1,4.87E1));
#4471=LINE('',#4470,#4469);
#4472=DIRECTION('',(0.E0,0.E0,1.E0));
#4473=VECTOR('',#4472,3.E-1);
#4474=CARTESIAN_POINT('',(1.732291680574E1,1.105319154263E1,4.87E1));
#4475=LINE('',#4474,#4473);
#4476=DIRECTION('',(0.E0,0.E0,1.E0));
#4477=VECTOR('',#4476,3.E-1);
#4478=CARTESIAN_POINT('',(1.666666680574E1,1.105319154263E1,4.87E1));
#4479=LINE('',#4478,#4477);
#4480=DIRECTION('',(0.E0,0.E0,1.E0));
#4481=VECTOR('',#4480,3.E-1);
#4482=CARTESIAN_POINT('',(1.6375E1,1.097872346640E1,4.87E1));
#4483=LINE('',#4482,#4481);
#4484=DIRECTION('',(0.E0,0.E0,1.E0));
#4485=VECTOR('',#4484,3.E-1);
#4486=CARTESIAN_POINT('',(1.615625E1,1.082978731394E1,4.87E1));
#4487=LINE('',#4486,#4485);
#4488=DIRECTION('',(0.E0,0.E0,1.E0));
#4489=VECTOR('',#4488,3.E-1);
#4490=CARTESIAN_POINT('',(1.601041680574E1,1.060638287663E1,4.87E1));
#4491=LINE('',#4490,#4489);
#4492=DIRECTION('',(0.E0,0.E0,1.E0));
#4493=VECTOR('',#4492,3.E-1);
#4494=CARTESIAN_POINT('',(1.59375E1,1.030851057172E1,4.87E1));
#4495=LINE('',#4494,#4493);
#4496=DIRECTION('',(0.E0,0.E0,1.E0));
#4497=VECTOR('',#4496,3.E-1);
#4498=CARTESIAN_POINT('',(1.59375E1,9.191489323974E0,4.87E1));
#4499=LINE('',#4498,#4497);
#4500=DIRECTION('',(0.E0,0.E0,1.E0));
#4501=VECTOR('',#4500,3.E-1);
#4502=CARTESIAN_POINT('',(1.601041680574E1,8.893617019057E0,4.87E1));
#4503=LINE('',#4502,#4501);
#4504=DIRECTION('',(0.E0,0.E0,1.E0));
#4505=VECTOR('',#4504,3.E-1);
#4506=CARTESIAN_POINT('',(1.615625E1,8.670212790370E0,4.87E1));
#4507=LINE('',#4506,#4505);
#4508=DIRECTION('',(0.E0,0.E0,1.E0));
#4509=VECTOR('',#4508,3.E-1);
#4510=CARTESIAN_POINT('',(1.6375E1,8.521276585758E0,4.87E1));
#4511=LINE('',#4510,#4509);
#4512=DIRECTION('',(0.E0,0.E0,1.E0));
#4513=VECTOR('',#4512,3.E-1);
#4514=CARTESIAN_POINT('',(1.666666680574E1,8.446808509529E0,4.87E1));
#4515=LINE('',#4514,#4513);
#4516=DIRECTION('',(0.E0,0.E0,1.E0));
#4517=VECTOR('',#4516,3.E-1);
#4518=CARTESIAN_POINT('',(1.732291680574E1,8.446808509529E0,4.87E1));
#4519=LINE('',#4518,#4517);
#4520=DIRECTION('',(0.E0,0.E0,1.E0));
#4521=VECTOR('',#4520,3.E-1);
#4522=CARTESIAN_POINT('',(1.761458319426E1,8.521276585758E0,4.87E1));
#4523=LINE('',#4522,#4521);
#4524=DIRECTION('',(0.E0,0.E0,1.E0));
#4525=VECTOR('',#4524,3.E-1);
#4526=CARTESIAN_POINT('',(1.783333319426E1,8.670212790370E0,4.87E1));
#4527=LINE('',#4526,#4525);
#4528=DIRECTION('',(0.E0,0.E0,1.E0));
#4529=VECTOR('',#4528,3.E-1);
#4530=CARTESIAN_POINT('',(1.790625E1,8.893617019057E0,4.87E1));
#4531=LINE('',#4530,#4529);
#4532=DIRECTION('',(0.E0,0.E0,1.E0));
#4533=VECTOR('',#4532,3.E-1);
#4534=CARTESIAN_POINT('',(1.790625E1,9.489361733198E0,4.87E1));
#4535=LINE('',#4534,#4533);
#4536=DIRECTION('',(0.E0,0.E0,1.E0));
#4537=VECTOR('',#4536,3.E-1);
#4538=CARTESIAN_POINT('',(1.725E1,9.489361733198E0,4.87E1));
#4539=LINE('',#4538,#4537);
#4540=DIRECTION('',(0.E0,0.E0,1.E0));
#4541=VECTOR('',#4540,3.E-1);
#4542=CARTESIAN_POINT('',(1.725E1,9.936170190573E0,4.87E1));
#4543=LINE('',#4542,#4541);
#4544=DIRECTION('',(0.E0,0.E0,1.E0));
#4545=VECTOR('',#4544,3.E-1);
#4546=CARTESIAN_POINT('',(1.834375E1,9.936170190573E0,4.87E1));
#4547=LINE('',#4546,#4545);
#4548=DIRECTION('',(0.E0,0.E0,1.E0));
#4549=VECTOR('',#4548,3.E-1);
#4550=CARTESIAN_POINT('',(2.133333361149E1,8.372340433300E0,4.87E1));
#4551=LINE('',#4550,#4549);
#4552=DIRECTION('',(0.E0,0.E0,1.E0));
#4553=VECTOR('',#4552,3.E-1);
#4554=CARTESIAN_POINT('',(2.111458361149E1,8.223404254764E0,4.87E1));
#4555=LINE('',#4554,#4553);
#4556=DIRECTION('',(0.E0,0.E0,1.E0));
#4557=VECTOR('',#4556,3.E-1);
#4558=CARTESIAN_POINT('',(2.082291638851E1,8.074468082748E0,4.87E1));
#4559=LINE('',#4558,#4557);
#4560=DIRECTION('',(0.E0,0.E0,1.E0));
#4561=VECTOR('',#4560,3.E-1);
#4562=CARTESIAN_POINT('',(2.053125E1,8.E0,4.87E1));
#4563=LINE('',#4562,#4561);
#4564=DIRECTION('',(0.E0,0.E0,1.E0));
#4565=VECTOR('',#4564,3.E-1);
#4566=CARTESIAN_POINT('',(1.994791638851E1,8.E0,4.87E1));
#4567=LINE('',#4566,#4565);
#4568=DIRECTION('',(0.E0,0.E0,1.E0));
#4569=VECTOR('',#4568,3.E-1);
#4570=CARTESIAN_POINT('',(1.965625E1,8.074468082748E0,4.87E1));
#4571=LINE('',#4570,#4569);
#4572=DIRECTION('',(0.E0,0.E0,1.E0));
#4573=VECTOR('',#4572,3.E-1);
#4574=CARTESIAN_POINT('',(1.936458361149E1,8.223404254764E0,4.87E1));
#4575=LINE('',#4574,#4573);
#4576=DIRECTION('',(0.E0,0.E0,1.E0));
#4577=VECTOR('',#4576,3.E-1);
#4578=CARTESIAN_POINT('',(1.914583361149E1,8.372340433300E0,4.87E1));
#4579=LINE('',#4578,#4577);
#4580=DIRECTION('',(0.E0,0.E0,1.E0));
#4581=VECTOR('',#4580,3.E-1);
#4582=CARTESIAN_POINT('',(1.9E1,8.595744661987E0,4.87E1));
#4583=LINE('',#4582,#4581);
#4584=DIRECTION('',(0.E0,0.E0,1.E0));
#4585=VECTOR('',#4584,3.E-1);
#4586=CARTESIAN_POINT('',(1.892708319426E1,8.819148942828E0,4.87E1));
#4587=LINE('',#4586,#4585);
#4588=DIRECTION('',(0.E0,0.E0,1.E0));
#4589=VECTOR('',#4588,3.E-1);
#4590=CARTESIAN_POINT('',(1.929166638851E1,8.819148942828E0,4.87E1));
#4591=LINE('',#4590,#4589);
#4592=DIRECTION('',(0.E0,0.E0,1.E0));
#4593=VECTOR('',#4592,3.E-1);
#4594=CARTESIAN_POINT('',(1.936458361149E1,8.670212790370E0,4.87E1));
#4595=LINE('',#4594,#4593);
#4596=DIRECTION('',(0.E0,0.E0,1.E0));
#4597=VECTOR('',#4596,3.E-1);
#4598=CARTESIAN_POINT('',(1.951041638851E1,8.521276585758E0,4.87E1));
#4599=LINE('',#4598,#4597);
#4600=DIRECTION('',(0.E0,0.E0,1.E0));
#4601=VECTOR('',#4600,3.E-1);
#4602=CARTESIAN_POINT('',(1.965625E1,8.446808509529E0,4.87E1));
#4603=LINE('',#4602,#4601);
#4604=DIRECTION('',(0.E0,0.E0,1.E0));
#4605=VECTOR('',#4604,3.E-1);
#4606=CARTESIAN_POINT('',(2.002083361149E1,8.372340433300E0,4.87E1));
#4607=LINE('',#4606,#4605);
#4608=DIRECTION('',(0.E0,0.E0,1.E0));
#4609=VECTOR('',#4608,3.E-1);
#4610=CARTESIAN_POINT('',(2.045833361149E1,8.372340433300E0,4.87E1));
#4611=LINE('',#4610,#4609);
#4612=DIRECTION('',(0.E0,0.E0,1.E0));
#4613=VECTOR('',#4612,3.E-1);
#4614=CARTESIAN_POINT('',(2.082291638851E1,8.446808509529E0,4.87E1));
#4615=LINE('',#4614,#4613);
#4616=DIRECTION('',(0.E0,0.E0,1.E0));
#4617=VECTOR('',#4616,3.E-1);
#4618=CARTESIAN_POINT('',(2.096875E1,8.521276585758E0,4.87E1));
#4619=LINE('',#4618,#4617);
#4620=DIRECTION('',(0.E0,0.E0,1.E0));
#4621=VECTOR('',#4620,3.E-1);
#4622=CARTESIAN_POINT('',(2.111458361149E1,8.670212790370E0,4.87E1));
#4623=LINE('',#4622,#4621);
#4624=DIRECTION('',(0.E0,0.E0,1.E0));
#4625=VECTOR('',#4624,3.E-1);
#4626=CARTESIAN_POINT('',(2.11875E1,8.819148942828E0,4.87E1));
#4627=LINE('',#4626,#4625);
#4628=DIRECTION('',(0.E0,0.E0,1.E0));
#4629=VECTOR('',#4628,3.E-1);
#4630=CARTESIAN_POINT('',(2.11875E1,9.117021247745E0,4.87E1));
#4631=LINE('',#4630,#4629);
#4632=DIRECTION('',(0.E0,0.E0,1.E0));
#4633=VECTOR('',#4632,3.E-1);
#4634=CARTESIAN_POINT('',(2.104166638851E1,9.414893656969E0,4.87E1));
#4635=LINE('',#4634,#4633);
#4636=DIRECTION('',(0.E0,0.E0,1.E0));
#4637=VECTOR('',#4636,3.E-1);
#4638=CARTESIAN_POINT('',(2.082291638851E1,9.563829809427E0,4.87E1));
#4639=LINE('',#4638,#4637);
#4640=DIRECTION('',(0.E0,0.E0,1.E0));
#4641=VECTOR('',#4640,3.E-1);
#4642=CARTESIAN_POINT('',(2.038541638851E1,9.638297885656E0,4.87E1));
#4643=LINE('',#4642,#4641);
#4644=DIRECTION('',(0.E0,0.E0,1.E0));
#4645=VECTOR('',#4644,3.E-1);
#4646=CARTESIAN_POINT('',(2.009375E1,9.638297885656E0,4.87E1));
#4647=LINE('',#4646,#4645);
#4648=DIRECTION('',(0.E0,0.E0,1.E0));
#4649=VECTOR('',#4648,3.E-1);
#4650=CARTESIAN_POINT('',(2.009375E1,9.936170190573E0,4.87E1));
#4651=LINE('',#4650,#4649);
#4652=DIRECTION('',(0.E0,0.E0,1.E0));
#4653=VECTOR('',#4652,3.E-1);
#4654=CARTESIAN_POINT('',(2.038541638851E1,9.936170190573E0,4.87E1));
#4655=LINE('',#4654,#4653);
#4656=DIRECTION('',(0.E0,0.E0,1.E0));
#4657=VECTOR('',#4656,3.E-1);
#4658=CARTESIAN_POINT('',(2.082291638851E1,1.008510634303E1,4.87E1));
#4659=LINE('',#4658,#4657);
#4660=DIRECTION('',(0.E0,0.E0,1.E0));
#4661=VECTOR('',#4660,3.E-1);
#4662=CARTESIAN_POINT('',(2.096875E1,1.023404249549E1,4.87E1));
#4663=LINE('',#4662,#4661);
#4664=DIRECTION('',(0.E0,0.E0,1.E0));
#4665=VECTOR('',#4664,3.E-1);
#4666=CARTESIAN_POINT('',(2.111458361149E1,1.053191480041E1,4.87E1));
#4667=LINE('',#4666,#4665);
#4668=DIRECTION('',(0.E0,0.E0,1.E0));
#4669=VECTOR('',#4668,3.E-1);
#4670=CARTESIAN_POINT('',(2.111458361149E1,1.068085116148E1,4.87E1));
#4671=LINE('',#4670,#4669);
#4672=DIRECTION('',(0.E0,0.E0,1.E0));
#4673=VECTOR('',#4672,3.E-1);
#4674=CARTESIAN_POINT('',(2.096875E1,1.090425539017E1,4.87E1));
#4675=LINE('',#4674,#4673);
#4676=DIRECTION('',(0.E0,0.E0,1.E0));
#4677=VECTOR('',#4676,3.E-1);
#4678=CARTESIAN_POINT('',(2.075E1,1.105319154263E1,4.87E1));
#4679=LINE('',#4678,#4677);
#4680=DIRECTION('',(0.E0,0.E0,1.E0));
#4681=VECTOR('',#4680,3.E-1);
#4682=CARTESIAN_POINT('',(2.038541638851E1,1.112765961885E1,4.87E1));
#4683=LINE('',#4682,#4681);
#4684=DIRECTION('',(0.E0,0.E0,1.E0));
#4685=VECTOR('',#4684,3.E-1);
#4686=CARTESIAN_POINT('',(2.009375E1,1.112765961885E1,4.87E1));
#4687=LINE('',#4686,#4685);
#4688=DIRECTION('',(0.E0,0.E0,1.E0));
#4689=VECTOR('',#4688,3.E-1);
#4690=CARTESIAN_POINT('',(1.972916638851E1,1.105319154263E1,4.87E1));
#4691=LINE('',#4690,#4689);
#4692=DIRECTION('',(0.E0,0.E0,1.E0));
#4693=VECTOR('',#4692,3.E-1);
#4694=CARTESIAN_POINT('',(1.951041638851E1,1.090425539017E1,4.87E1));
#4695=LINE('',#4694,#4693);
#4696=DIRECTION('',(0.E0,0.E0,1.E0));
#4697=VECTOR('',#4696,3.E-1);
#4698=CARTESIAN_POINT('',(1.936458361149E1,1.068085116148E1,4.87E1));
#4699=LINE('',#4698,#4697);
#4700=DIRECTION('',(0.E0,0.E0,1.E0));
#4701=VECTOR('',#4700,3.E-1);
#4702=CARTESIAN_POINT('',(1.9E1,1.068085116148E1,4.87E1));
#4703=LINE('',#4702,#4701);
#4704=DIRECTION('',(0.E0,0.E0,1.E0));
#4705=VECTOR('',#4704,3.E-1);
#4706=CARTESIAN_POINT('',(1.907291638851E1,1.097872346640E1,4.87E1));
#4707=LINE('',#4706,#4705);
#4708=DIRECTION('',(0.E0,0.E0,1.E0));
#4709=VECTOR('',#4708,3.E-1);
#4710=CARTESIAN_POINT('',(1.936458361149E1,1.127659577131E1,4.87E1));
#4711=LINE('',#4710,#4709);
#4712=DIRECTION('',(0.E0,0.E0,1.E0));
#4713=VECTOR('',#4712,3.E-1);
#4714=CARTESIAN_POINT('',(1.965625E1,1.142553192377E1,4.87E1));
#4715=LINE('',#4714,#4713);
#4716=DIRECTION('',(0.E0,0.E0,1.E0));
#4717=VECTOR('',#4716,3.E-1);
#4718=CARTESIAN_POINT('',(2.016666638851E1,1.15E1,4.87E1));
#4719=LINE('',#4718,#4717);
#4720=DIRECTION('',(0.E0,0.E0,1.E0));
#4721=VECTOR('',#4720,3.E-1);
#4722=CARTESIAN_POINT('',(2.03125E1,1.15E1,4.87E1));
#4723=LINE('',#4722,#4721);
#4724=DIRECTION('',(0.E0,0.E0,1.E0));
#4725=VECTOR('',#4724,3.E-1);
#4726=CARTESIAN_POINT('',(2.082291638851E1,1.142553192377E1,4.87E1));
#4727=LINE('',#4726,#4725);
#4728=DIRECTION('',(0.E0,0.E0,1.E0));
#4729=VECTOR('',#4728,3.E-1);
#4730=CARTESIAN_POINT('',(2.111458361149E1,1.127659577131E1,4.87E1));
#4731=LINE('',#4730,#4729);
#4732=DIRECTION('',(0.E0,0.E0,1.E0));
#4733=VECTOR('',#4732,3.E-1);
#4734=CARTESIAN_POINT('',(2.140625E1,1.097872346640E1,4.87E1));
#4735=LINE('',#4734,#4733);
#4736=DIRECTION('',(0.E0,0.E0,1.E0));
#4737=VECTOR('',#4736,3.E-1);
#4738=CARTESIAN_POINT('',(2.147916638851E1,1.068085116148E1,4.87E1));
#4739=LINE('',#4738,#4737);
#4740=DIRECTION('',(0.E0,0.E0,1.E0));
#4741=VECTOR('',#4740,3.E-1);
#4742=CARTESIAN_POINT('',(2.147916638851E1,1.053191480041E1,4.87E1));
#4743=LINE('',#4742,#4741);
#4744=DIRECTION('',(0.E0,0.E0,1.E0));
#4745=VECTOR('',#4744,3.E-1);
#4746=CARTESIAN_POINT('',(2.140625E1,1.023404249549E1,4.87E1));
#4747=LINE('',#4746,#4745);
#4748=DIRECTION('',(0.E0,0.E0,1.E0));
#4749=VECTOR('',#4748,3.E-1);
#4750=CARTESIAN_POINT('',(2.126041638851E1,1.001063826680E1,4.87E1));
#4751=LINE('',#4750,#4749);
#4752=DIRECTION('',(0.E0,0.E0,1.E0));
#4753=VECTOR('',#4752,3.E-1);
#4754=CARTESIAN_POINT('',(2.096875E1,9.787234038115E0,4.87E1));
#4755=LINE('',#4754,#4753);
#4756=DIRECTION('',(0.E0,0.E0,1.E0));
#4757=VECTOR('',#4756,3.E-1);
#4758=CARTESIAN_POINT('',(2.133333361149E1,9.638297885656E0,4.87E1));
#4759=LINE('',#4758,#4757);
#4760=DIRECTION('',(0.E0,0.E0,1.E0));
#4761=VECTOR('',#4760,3.E-1);
#4762=CARTESIAN_POINT('',(2.147916638851E1,9.414893656969E0,4.87E1));
#4763=LINE('',#4762,#4761);
#4764=DIRECTION('',(0.E0,0.E0,1.E0));
#4765=VECTOR('',#4764,3.E-1);
#4766=CARTESIAN_POINT('',(2.155208361149E1,9.117021247745E0,4.87E1));
#4767=LINE('',#4766,#4765);
#4768=DIRECTION('',(0.E0,0.E0,1.E0));
#4769=VECTOR('',#4768,3.E-1);
#4770=CARTESIAN_POINT('',(2.155208361149E1,8.819148942828E0,4.87E1));
#4771=LINE('',#4770,#4769);
#4772=DIRECTION('',(0.E0,0.E0,1.E0));
#4773=VECTOR('',#4772,3.E-1);
#4774=CARTESIAN_POINT('',(2.147916638851E1,8.595744661987E0,4.87E1));
#4775=LINE('',#4774,#4773);
#4776=DIRECTION('',(0.E0,0.E0,1.E0));
#4777=VECTOR('',#4776,3.E-1);
#4778=CARTESIAN_POINT('',(2.213541638851E1,1.008510634303E1,4.87E1));
#4779=LINE('',#4778,#4777);
#4780=DIRECTION('',(0.E0,0.E0,1.E0));
#4781=VECTOR('',#4780,3.E-1);
#4782=CARTESIAN_POINT('',(2.220833361149E1,1.045744672418E1,4.87E1));
#4783=LINE('',#4782,#4781);
#4784=DIRECTION('',(0.E0,0.E0,1.E0));
#4785=VECTOR('',#4784,3.E-1);
#4786=CARTESIAN_POINT('',(2.228125E1,1.068085116148E1,4.87E1));
#4787=LINE('',#4786,#4785);
#4788=DIRECTION('',(0.E0,0.E0,1.E0));
#4789=VECTOR('',#4788,3.E-1);
#4790=CARTESIAN_POINT('',(2.242708361149E1,1.097872346640E1,4.87E1));
#4791=LINE('',#4790,#4789);
#4792=DIRECTION('',(0.E0,0.E0,1.E0));
#4793=VECTOR('',#4792,3.E-1);
#4794=CARTESIAN_POINT('',(2.264583361149E1,1.120212769508E1,4.87E1));
#4795=LINE('',#4794,#4793);
#4796=DIRECTION('',(0.E0,0.E0,1.E0));
#4797=VECTOR('',#4796,3.E-1);
#4798=CARTESIAN_POINT('',(2.301041638851E1,1.142553192377E1,4.87E1));
#4799=LINE('',#4798,#4797);
#4800=DIRECTION('',(0.E0,0.E0,1.E0));
#4801=VECTOR('',#4800,3.E-1);
#4802=CARTESIAN_POINT('',(2.344791638851E1,1.15E1,4.87E1));
#4803=LINE('',#4802,#4801);
#4804=DIRECTION('',(0.E0,0.E0,1.E0));
#4805=VECTOR('',#4804,3.E-1);
#4806=CARTESIAN_POINT('',(2.388541638851E1,1.142553192377E1,4.87E1));
#4807=LINE('',#4806,#4805);
#4808=DIRECTION('',(0.E0,0.E0,1.E0));
#4809=VECTOR('',#4808,3.E-1);
#4810=CARTESIAN_POINT('',(2.425E1,1.120212769508E1,4.87E1));
#4811=LINE('',#4810,#4809);
#4812=DIRECTION('',(0.E0,0.E0,1.E0));
#4813=VECTOR('',#4812,3.E-1);
#4814=CARTESIAN_POINT('',(2.446875E1,1.097872346640E1,4.87E1));
#4815=LINE('',#4814,#4813);
#4816=DIRECTION('',(0.E0,0.E0,1.E0));
#4817=VECTOR('',#4816,3.E-1);
#4818=CARTESIAN_POINT('',(2.461458361149E1,1.068085116148E1,4.87E1));
#4819=LINE('',#4818,#4817);
#4820=DIRECTION('',(0.E0,0.E0,1.E0));
#4821=VECTOR('',#4820,3.E-1);
#4822=CARTESIAN_POINT('',(2.46875E1,1.045744672418E1,4.87E1));
#4823=LINE('',#4822,#4821);
#4824=DIRECTION('',(0.E0,0.E0,1.E0));
#4825=VECTOR('',#4824,3.E-1);
#4826=CARTESIAN_POINT('',(2.476041638851E1,1.008510634303E1,4.87E1));
#4827=LINE('',#4826,#4825);
#4828=DIRECTION('',(0.E0,0.E0,1.E0));
#4829=VECTOR('',#4828,3.E-1);
#4830=CARTESIAN_POINT('',(2.476041638851E1,9.414893656969E0,4.87E1));
#4831=LINE('',#4830,#4829);
#4832=DIRECTION('',(0.E0,0.E0,1.E0));
#4833=VECTOR('',#4832,3.E-1);
#4834=CARTESIAN_POINT('',(2.46875E1,9.042553171515E0,4.87E1));
#4835=LINE('',#4834,#4833);
#4836=DIRECTION('',(0.E0,0.E0,1.E0));
#4837=VECTOR('',#4836,3.E-1);
#4838=CARTESIAN_POINT('',(2.461458361149E1,8.819148942828E0,4.87E1));
#4839=LINE('',#4838,#4837);
#4840=DIRECTION('',(0.E0,0.E0,1.E0));
#4841=VECTOR('',#4840,3.E-1);
#4842=CARTESIAN_POINT('',(2.446875E1,8.521276585758E0,4.87E1));
#4843=LINE('',#4842,#4841);
#4844=DIRECTION('',(0.E0,0.E0,1.E0));
#4845=VECTOR('',#4844,3.E-1);
#4846=CARTESIAN_POINT('',(2.425E1,8.297872330993E0,4.87E1));
#4847=LINE('',#4846,#4845);
#4848=DIRECTION('',(0.E0,0.E0,1.E0));
#4849=VECTOR('',#4848,3.E-1);
#4850=CARTESIAN_POINT('',(2.388541638851E1,8.074468082748E0,4.87E1));
#4851=LINE('',#4850,#4849);
#4852=DIRECTION('',(0.E0,0.E0,1.E0));
#4853=VECTOR('',#4852,3.E-1);
#4854=CARTESIAN_POINT('',(2.344791638851E1,8.E0,4.87E1));
#4855=LINE('',#4854,#4853);
#4856=DIRECTION('',(0.E0,0.E0,1.E0));
#4857=VECTOR('',#4856,3.E-1);
#4858=CARTESIAN_POINT('',(2.301041638851E1,8.074468082748E0,4.87E1));
#4859=LINE('',#4858,#4857);
#4860=DIRECTION('',(0.E0,0.E0,1.E0));
#4861=VECTOR('',#4860,3.E-1);
#4862=CARTESIAN_POINT('',(2.264583361149E1,8.297872330993E0,4.87E1));
#4863=LINE('',#4862,#4861);
#4864=DIRECTION('',(0.E0,0.E0,1.E0));
#4865=VECTOR('',#4864,3.E-1);
#4866=CARTESIAN_POINT('',(2.242708361149E1,8.521276585758E0,4.87E1));
#4867=LINE('',#4866,#4865);
#4868=DIRECTION('',(0.E0,0.E0,1.E0));
#4869=VECTOR('',#4868,3.E-1);
#4870=CARTESIAN_POINT('',(2.228125E1,8.819148942828E0,4.87E1));
#4871=LINE('',#4870,#4869);
#4872=DIRECTION('',(0.E0,0.E0,1.E0));
#4873=VECTOR('',#4872,3.E-1);
#4874=CARTESIAN_POINT('',(2.220833361149E1,9.042553171515E0,4.87E1));
#4875=LINE('',#4874,#4873);
#4876=DIRECTION('',(0.E0,0.E0,1.E0));
#4877=VECTOR('',#4876,3.E-1);
#4878=CARTESIAN_POINT('',(2.213541638851E1,9.414893656969E0,4.87E1));
#4879=LINE('',#4878,#4877);
#4880=DIRECTION('',(0.E0,0.E0,1.E0));
#4881=VECTOR('',#4880,3.E-1);
#4882=CARTESIAN_POINT('',(2.25E1,1.001063826680E1,4.87E1));
#4883=LINE('',#4882,#4881);
#4884=DIRECTION('',(0.E0,0.E0,1.E0));
#4885=VECTOR('',#4884,3.E-1);
#4886=CARTESIAN_POINT('',(2.25E1,9.489361733198E0,4.87E1));
#4887=LINE('',#4886,#4885);
#4888=DIRECTION('',(0.E0,0.E0,1.E0));
#4889=VECTOR('',#4888,3.E-1);
#4890=CARTESIAN_POINT('',(2.257291638851E1,9.042553171515E0,4.87E1));
#4891=LINE('',#4890,#4889);
#4892=DIRECTION('',(0.E0,0.E0,1.E0));
#4893=VECTOR('',#4892,3.E-1);
#4894=CARTESIAN_POINT('',(2.286458361149E1,8.595744661987E0,4.87E1));
#4895=LINE('',#4894,#4893);
#4896=DIRECTION('',(0.E0,0.E0,1.E0));
#4897=VECTOR('',#4896,3.E-1);
#4898=CARTESIAN_POINT('',(2.308333361149E1,8.446808509529E0,4.87E1));
#4899=LINE('',#4898,#4897);
#4900=DIRECTION('',(0.E0,0.E0,1.E0));
#4901=VECTOR('',#4900,3.E-1);
#4902=CARTESIAN_POINT('',(2.344791638851E1,8.372340433300E0,4.87E1));
#4903=LINE('',#4902,#4901);
#4904=DIRECTION('',(0.E0,0.E0,1.E0));
#4905=VECTOR('',#4904,3.E-1);
#4906=CARTESIAN_POINT('',(2.38125E1,8.446808509529E0,4.87E1));
#4907=LINE('',#4906,#4905);
#4908=DIRECTION('',(0.E0,0.E0,1.E0));
#4909=VECTOR('',#4908,3.E-1);
#4910=CARTESIAN_POINT('',(2.403125E1,8.595744661987E0,4.87E1));
#4911=LINE('',#4910,#4909);
#4912=DIRECTION('',(0.E0,0.E0,1.E0));
#4913=VECTOR('',#4912,3.E-1);
#4914=CARTESIAN_POINT('',(2.432291638851E1,9.042553171515E0,4.87E1));
#4915=LINE('',#4914,#4913);
#4916=DIRECTION('',(0.E0,0.E0,1.E0));
#4917=VECTOR('',#4916,3.E-1);
#4918=CARTESIAN_POINT('',(2.439583361149E1,9.489361733198E0,4.87E1));
#4919=LINE('',#4918,#4917);
#4920=DIRECTION('',(0.E0,0.E0,1.E0));
#4921=VECTOR('',#4920,3.E-1);
#4922=CARTESIAN_POINT('',(2.439583361149E1,1.001063826680E1,4.87E1));
#4923=LINE('',#4922,#4921);
#4924=DIRECTION('',(0.E0,0.E0,1.E0));
#4925=VECTOR('',#4924,3.E-1);
#4926=CARTESIAN_POINT('',(2.432291638851E1,1.045744672418E1,4.87E1));
#4927=LINE('',#4926,#4925);
#4928=DIRECTION('',(0.E0,0.E0,1.E0));
#4929=VECTOR('',#4928,3.E-1);
#4930=CARTESIAN_POINT('',(2.403125E1,1.090425539017E1,4.87E1));
#4931=LINE('',#4930,#4929);
#4932=DIRECTION('',(0.E0,0.E0,1.E0));
#4933=VECTOR('',#4932,3.E-1);
#4934=CARTESIAN_POINT('',(2.38125E1,1.105319154263E1,4.87E1));
#4935=LINE('',#4934,#4933);
#4936=DIRECTION('',(0.E0,0.E0,1.E0));
#4937=VECTOR('',#4936,3.E-1);
#4938=CARTESIAN_POINT('',(2.344791638851E1,1.112765961885E1,4.87E1));
#4939=LINE('',#4938,#4937);
#4940=DIRECTION('',(0.E0,0.E0,1.E0));
#4941=VECTOR('',#4940,3.E-1);
#4942=CARTESIAN_POINT('',(2.308333361149E1,1.105319154263E1,4.87E1));
#4943=LINE('',#4942,#4941);
#4944=DIRECTION('',(0.E0,0.E0,1.E0));
#4945=VECTOR('',#4944,3.E-1);
#4946=CARTESIAN_POINT('',(2.286458361149E1,1.090425539017E1,4.87E1));
#4947=LINE('',#4946,#4945);
#4948=DIRECTION('',(0.E0,0.E0,1.E0));
#4949=VECTOR('',#4948,3.E-1);
#4950=CARTESIAN_POINT('',(2.257291638851E1,1.045744672418E1,4.87E1));
#4951=LINE('',#4950,#4949);
#4952=CARTESIAN_POINT('',(-2.974968889777E1,-1.806814834742E1,
2.284823682276E1));
#4953=CARTESIAN_POINT('',(-2.921992267425E1,-1.847465226805E1,
2.389882454851E1));
#4954=CARTESIAN_POINT('',(-2.878007732575E1,-1.881215747449E1,2.6E1));
#4955=CARTESIAN_POINT('',(-2.921992267425E1,-1.847465226805E1,
2.810117545149E1));
#4956=CARTESIAN_POINT('',(-2.974968889777E1,-1.806814834742E1,
2.915176317724E1));
#4958=DIRECTION('',(0.E0,0.E0,1.E0));
#4959=VECTOR('',#4958,5.848236822763E0);
#4960=CARTESIAN_POINT('',(-2.974968889777E1,-1.806814834742E1,
2.915176317724E1));
#4961=LINE('',#4960,#4959);
#4962=DIRECTION('',(0.E0,0.E0,1.E0));
#4963=VECTOR('',#4962,5.848236822763E0);
#4964=CARTESIAN_POINT('',(-2.974968889777E1,-1.806814834742E1,-3.5E1));
#4965=LINE('',#4964,#4963);
#4966=CARTESIAN_POINT('',(-2.974968889777E1,-1.806814834742E1,
-2.915176317724E1));
#4967=CARTESIAN_POINT('',(-2.921992267425E1,-1.847465226805E1,
-2.810117545149E1));
#4968=CARTESIAN_POINT('',(-2.878007732575E1,-1.881215747449E1,-2.6E1));
#4969=CARTESIAN_POINT('',(-2.921992267425E1,-1.847465226805E1,
-2.389882454851E1));
#4970=CARTESIAN_POINT('',(-2.974968889777E1,-1.806814834742E1,
-2.284823682276E1));
#4972=DIRECTION('',(0.E0,0.E0,1.E0));
#4973=VECTOR('',#4972,4.569647364553E1);
#4974=CARTESIAN_POINT('',(-2.974968889777E1,-1.806814834742E1,
-2.284823682276E1));
#4975=LINE('',#4974,#4973);
#4976=DIRECTION('',(0.E0,1.E0,0.E0));
#4977=VECTOR('',#4976,6.052437863588E0);
#4978=CARTESIAN_POINT('',(-3.6E1,-5.243786358801E-2,1.9E1));
#4979=LINE('',#4978,#4977);
#4980=CARTESIAN_POINT('',(-3.650935212614E1,-2.5E0,1.9E1));
#4981=DIRECTION('',(0.E0,0.E0,1.E0));
#4982=DIRECTION('',(2.037408504554E-1,9.790248545648E-1,0.E0));
#4983=AXIS2_PLACEMENT_3D('',#4980,#4981,#4982);
#4985=CARTESIAN_POINT('',(-3.409453756042E1,-1.852952387244E0,
1.926433278054E1));
#4986=CARTESIAN_POINT('',(-3.413111507008E1,-1.716443262768E0,
1.925398531702E1));
#4987=CARTESIAN_POINT('',(-3.422455163542E1,-1.460978970313E0,
1.922821891726E1));
#4988=CARTESIAN_POINT('',(-3.440299412184E1,-1.138011134379E0,
1.918364106177E1));
#4989=CARTESIAN_POINT('',(-3.461049860183E1,-8.622642245447E-1,
1.913806401317E1));
#4990=CARTESIAN_POINT('',(-3.484345313308E1,-6.264078712410E-1,
1.909472108309E1));
#4991=CARTESIAN_POINT('',(-3.509998080031E1,-4.266239577881E-1,
1.905633344082E1));
#4992=CARTESIAN_POINT('',(-3.538136265133E1,-2.609713453748E-1,
1.902533473622E1));
#4993=CARTESIAN_POINT('',(-3.568250489493E1,-1.331436020868E-1,
1.900492012246E1));
#4994=CARTESIAN_POINT('',(-3.589311932098E1,-7.468036370270E-2,1.9E1));
#4995=CARTESIAN_POINT('',(-3.6E1,-5.243786358801E-2,1.9E1));
#4997=CARTESIAN_POINT('',(-3.6E1,-5.243786358801E-2,-1.9E1));
#4998=CARTESIAN_POINT('',(-3.589121821911E1,-7.507599422233E-2,-1.9E1));
#4999=CARTESIAN_POINT('',(-3.567691261475E1,-1.348397441971E-1,
-1.900509906202E1));
#5000=CARTESIAN_POINT('',(-3.537091394498E1,-2.659665919355E-1,
-1.902620230287E1));
#5001=CARTESIAN_POINT('',(-3.508542838995E1,-4.363277285556E-1,
-1.905819648066E1));
#5002=CARTESIAN_POINT('',(-3.482738142187E1,-6.406062183412E-1,
-1.909742286241E1));
#5003=CARTESIAN_POINT('',(-3.459465979154E1,-8.807438060268E-1,
-1.914131050423E1));
#5004=CARTESIAN_POINT('',(-3.439088906752E1,-1.157231386924E0,
-1.918653837671E1));
#5005=CARTESIAN_POINT('',(-3.421832538187E1,-1.476063910621E0,
-1.922991076244E1));
#5006=CARTESIAN_POINT('',(-3.412949979075E1,-1.722471567297E0,
-1.925444226568E1));
#5007=CARTESIAN_POINT('',(-3.409453756042E1,-1.852952387244E0,
-1.926433278054E1));
#5009=CARTESIAN_POINT('',(-3.650935212614E1,-2.5E0,-1.9E1));
#5010=DIRECTION('',(0.E0,0.E0,1.E0));
#5011=DIRECTION('',(2.037408504554E-1,9.790248545648E-1,0.E0));
#5012=AXIS2_PLACEMENT_3D('',#5009,#5010,#5011);
#5014=DIRECTION('',(0.E0,0.E0,1.E0));
#5015=VECTOR('',#5014,3.8E1);
#5016=CARTESIAN_POINT('',(-3.650935212614E1,-1.133951656745E-13,-1.9E1));
#5017=LINE('',#5016,#5015);
#5018=DIRECTION('',(1.E0,0.E0,0.E0));
#5019=VECTOR('',#5018,7.490647873861E0);
#5020=CARTESIAN_POINT('',(-4.4E1,-1.137652400161E-13,1.9E1));
#5021=LINE('',#5020,#5019);
#5022=DIRECTION('',(1.E0,0.E0,0.E0));
#5023=VECTOR('',#5022,7.490647873861E0);
#5024=CARTESIAN_POINT('',(-4.4E1,-1.137652400161E-13,-1.9E1));
#5025=LINE('',#5024,#5023);
#5026=DIRECTION('',(0.E0,0.E0,1.E0));
#5027=VECTOR('',#5026,3.8E1);
#5028=CARTESIAN_POINT('',(-4.4E1,-1.137652400161E-13,-1.9E1));
#5029=LINE('',#5028,#5027);
#5030=DIRECTION('',(0.E0,1.E0,0.E0));
#5031=VECTOR('',#5030,6.052437863588E0);
#5032=CARTESIAN_POINT('',(-3.6E1,-5.243786358801E-2,-1.9E1));
#5033=LINE('',#5032,#5031);
#5034=DIRECTION('',(7.071067811865E-1,-7.071067811865E-1,0.E0));
#5035=VECTOR('',#5034,1.414213562373E0);
#5036=CARTESIAN_POINT('',(-4.5E1,9.999999999999E-1,1.9E1));
#5037=LINE('',#5036,#5035);
#5038=DIRECTION('',(7.071067811865E-1,-7.071067811865E-1,0.E0));
#5039=VECTOR('',#5038,1.414213562373E0);
#5040=CARTESIAN_POINT('',(-4.5E1,9.999999999999E-1,-1.9E1));
#5041=LINE('',#5040,#5039);
#5042=DIRECTION('',(0.E0,0.E0,1.E0));
#5043=VECTOR('',#5042,3.8E1);
#5044=CARTESIAN_POINT('',(-4.5E1,9.999999999999E-1,-1.9E1));
#5045=LINE('',#5044,#5043);
#5046=DIRECTION('',(0.E0,1.E0,0.E0));
#5047=VECTOR('',#5046,8.205771365939E0);
#5048=CARTESIAN_POINT('',(-3.4E1,-2.205771365939E0,-3.270820393250E1));
#5049=LINE('',#5048,#5047);
#5050=CARTESIAN_POINT('',(-3.409453756042E1,-1.852952387244E0,
1.926433278054E1));
#5051=CARTESIAN_POINT('',(-3.334245879139E1,-4.659748564544E0,
1.947708940869E1));
#5052=CARTESIAN_POINT('',(-3.222771972415E1,-8.820011400646E0,
1.998038911658E1));
#5053=CARTESIAN_POINT('',(-3.078489262263E1,-1.420471545007E1,
2.125012336178E1));
#5054=CARTESIAN_POINT('',(-3.008513000835E1,-1.681626507982E1,
2.218301828328E1));
#5055=CARTESIAN_POINT('',(-2.974968889777E1,-1.806814834742E1,
2.284823682276E1));
#5057=CARTESIAN_POINT('',(-2.974968889777E1,-1.806814834742E1,
-2.284823682276E1));
#5058=CARTESIAN_POINT('',(-3.008513000835E1,-1.681626507982E1,
-2.218301828328E1));
#5059=CARTESIAN_POINT('',(-3.078489262263E1,-1.420471545007E1,
-2.125012336178E1));
#5060=CARTESIAN_POINT('',(-3.222771972415E1,-8.820011400646E0,
-1.998038911658E1));
#5061=CARTESIAN_POINT('',(-3.334245879139E1,-4.659748564544E0,
-1.947708940869E1));
#5062=CARTESIAN_POINT('',(-3.409453756042E1,-1.852952387244E0,
-1.926433278054E1));
#5064=DIRECTION('',(0.E0,0.E0,1.E0));
#5065=VECTOR('',#5064,3.852866556108E1);
#5066=CARTESIAN_POINT('',(-3.409453756042E1,-1.852952387244E0,
-1.926433278054E1));
#5067=LINE('',#5066,#5065);
#5068=CARTESIAN_POINT('',(-2.974968889777E1,-1.806814834742E1,
2.915176317724E1));
#5069=CARTESIAN_POINT('',(-3.007792870100E1,-1.684314072473E1,
2.980270069091E1));
#5070=CARTESIAN_POINT('',(-3.076236189980E1,-1.428880125239E1,
3.072267325201E1));
#5071=CARTESIAN_POINT('',(-3.217376339784E1,-9.021379151830E0,
3.198150309069E1));
#5072=CARTESIAN_POINT('',(-3.326428415004E1,-4.951500297921E0,
3.248885584548E1));
#5073=CARTESIAN_POINT('',(-3.4E1,-2.205771365939E0,3.270820393250E1));
#5075=DIRECTION('',(0.E0,0.E0,-1.E0));
#5076=VECTOR('',#5075,2.291796067501E0);
#5077=CARTESIAN_POINT('',(-3.4E1,-2.205771365939E0,3.5E1));
#5078=LINE('',#5077,#5076);
#5079=DIRECTION('',(0.E0,0.E0,1.E0));
#5080=VECTOR('',#5079,2.291796067501E0);
#5081=CARTESIAN_POINT('',(-3.4E1,-2.205771365939E0,-3.5E1));
#5082=LINE('',#5081,#5080);
#5083=CARTESIAN_POINT('',(-3.4E1,-2.205771365939E0,-3.270820393250E1));
#5084=CARTESIAN_POINT('',(-3.326428415004E1,-4.951500297921E0,
-3.248885584548E1));
#5085=CARTESIAN_POINT('',(-3.217376339784E1,-9.021379151830E0,
-3.198150309069E1));
#5086=CARTESIAN_POINT('',(-3.076236189980E1,-1.428880125239E1,
-3.072267325201E1));
#5087=CARTESIAN_POINT('',(-3.007792870100E1,-1.684314072473E1,
-2.980270069091E1));
#5088=CARTESIAN_POINT('',(-2.974968889777E1,-1.806814834742E1,
-2.915176317724E1));
#5090=DIRECTION('',(0.E0,1.E0,0.E0));
#5091=VECTOR('',#5090,8.205771365939E0);
#5092=CARTESIAN_POINT('',(-3.4E1,-2.205771365939E0,3.270820393250E1));
#5093=LINE('',#5092,#5091);
#5094=DIRECTION('',(0.E0,1.E0,0.E0));
#5095=VECTOR('',#5094,6.052437863588E0);
#5096=CARTESIAN_POINT('',(3.6E1,-5.243786358802E-2,-1.9E1));
#5097=LINE('',#5096,#5095);
#5098=DIRECTION('',(0.E0,1.E0,0.E0));
#5099=VECTOR('',#5098,8.205771365940E0);
#5100=CARTESIAN_POINT('',(3.4E1,-2.205771365940E0,-3.270820393250E1));
#5101=LINE('',#5100,#5099);
#5102=DIRECTION('',(0.E0,1.E0,0.E0));
#5103=VECTOR('',#5102,6.052437863588E0);
#5104=CARTESIAN_POINT('',(3.6E1,-5.243786358802E-2,1.9E1));
#5105=LINE('',#5104,#5103);
#5106=DIRECTION('',(7.071067811865E-1,7.071067811865E-1,0.E0));
#5107=VECTOR('',#5106,1.414213562373E0);
#5108=CARTESIAN_POINT('',(4.35E1,-1.136956125739E-13,1.9E1));
#5109=LINE('',#5108,#5107);
#5110=DIRECTION('',(7.071067811865E-1,7.071067811865E-1,0.E0));
#5111=VECTOR('',#5110,1.414213562373E0);
#5112=CARTESIAN_POINT('',(4.35E1,-1.136956125739E-13,-1.9E1));
#5113=LINE('',#5112,#5111);
#5114=DIRECTION('',(0.E0,0.E0,1.E0));
#5115=VECTOR('',#5114,3.8E1);
#5116=CARTESIAN_POINT('',(4.35E1,-1.136956125739E-13,-1.9E1));
#5117=LINE('',#5116,#5115);
#5118=DIRECTION('',(1.E0,0.E0,0.E0));
#5119=VECTOR('',#5118,6.990647873861E0);
#5120=CARTESIAN_POINT('',(3.650935212614E1,-1.133951656745E-13,1.9E1));
#5121=LINE('',#5120,#5119);
#5122=DIRECTION('',(1.E0,0.E0,0.E0));
#5123=VECTOR('',#5122,6.990647873861E0);
#5124=CARTESIAN_POINT('',(3.650935212614E1,-1.133951656745E-13,-1.9E1));
#5125=LINE('',#5124,#5123);
#5126=DIRECTION('',(0.E0,0.E0,1.E0));
#5127=VECTOR('',#5126,3.8E1);
#5128=CARTESIAN_POINT('',(3.650935212614E1,-1.133951656745E-13,-1.9E1));
#5129=LINE('',#5128,#5127);
#5130=CARTESIAN_POINT('',(3.6E1,6.E0,2.6E1));
#5131=DIRECTION('',(0.E0,-1.E0,0.E0));
#5132=DIRECTION('',(1.E0,0.E0,0.E0));
#5133=AXIS2_PLACEMENT_3D('',#5130,#5131,#5132);
#5135=DIRECTION('',(0.E0,1.E0,0.E0));
#5136=VECTOR('',#5135,1.E1);
#5137=CARTESIAN_POINT('',(4.1E1,6.E0,2.6E1));
#5138=LINE('',#5137,#5136);
#5139=CARTESIAN_POINT('',(3.6E1,6.E0,2.6E1));
#5140=DIRECTION('',(0.E0,-1.E0,0.E0));
#5141=DIRECTION('',(-1.E0,0.E0,0.E0));
#5142=AXIS2_PLACEMENT_3D('',#5139,#5140,#5141);
#5144=DIRECTION('',(0.E0,1.E0,0.E0));
#5145=VECTOR('',#5144,1.E1);
#5146=CARTESIAN_POINT('',(3.1E1,6.E0,2.6E1));
#5147=LINE('',#5146,#5145);
#5148=CARTESIAN_POINT('',(3.6E1,6.E0,-2.6E1));
#5149=DIRECTION('',(0.E0,-1.E0,0.E0));
#5150=DIRECTION('',(1.E0,0.E0,0.E0));
#5151=AXIS2_PLACEMENT_3D('',#5148,#5149,#5150);
#5153=DIRECTION('',(0.E0,1.E0,0.E0));
#5154=VECTOR('',#5153,1.E1);
#5155=CARTESIAN_POINT('',(4.1E1,6.E0,-2.6E1));
#5156=LINE('',#5155,#5154);
#5157=CARTESIAN_POINT('',(3.6E1,6.E0,-2.6E1));
#5158=DIRECTION('',(0.E0,-1.E0,0.E0));
#5159=DIRECTION('',(-1.E0,0.E0,0.E0));
#5160=AXIS2_PLACEMENT_3D('',#5157,#5158,#5159);
#5162=DIRECTION('',(0.E0,1.E0,0.E0));
#5163=VECTOR('',#5162,1.E1);
#5164=CARTESIAN_POINT('',(3.1E1,6.E0,-2.6E1));
#5165=LINE('',#5164,#5163);
#5166=CARTESIAN_POINT('',(-3.6E1,6.E0,2.6E1));
#5167=DIRECTION('',(0.E0,-1.E0,0.E0));
#5168=DIRECTION('',(1.E0,0.E0,0.E0));
#5169=AXIS2_PLACEMENT_3D('',#5166,#5167,#5168);
#5171=DIRECTION('',(0.E0,1.E0,0.E0));
#5172=VECTOR('',#5171,1.E1);
#5173=CARTESIAN_POINT('',(-3.1E1,6.E0,2.6E1));
#5174=LINE('',#5173,#5172);
#5175=CARTESIAN_POINT('',(-3.6E1,6.E0,2.6E1));
#5176=DIRECTION('',(0.E0,-1.E0,0.E0));
#5177=DIRECTION('',(-1.E0,0.E0,0.E0));
#5178=AXIS2_PLACEMENT_3D('',#5175,#5176,#5177);
#5180=DIRECTION('',(0.E0,1.E0,0.E0));
#5181=VECTOR('',#5180,1.E1);
#5182=CARTESIAN_POINT('',(-4.1E1,6.E0,2.6E1));
#5183=LINE('',#5182,#5181);
#5184=CARTESIAN_POINT('',(-3.6E1,6.E0,-2.6E1));
#5185=DIRECTION('',(0.E0,-1.E0,0.E0));
#5186=DIRECTION('',(1.E0,0.E0,0.E0));
#5187=AXIS2_PLACEMENT_3D('',#5184,#5185,#5186);
#5189=DIRECTION('',(0.E0,1.E0,0.E0));
#5190=VECTOR('',#5189,1.E1);
#5191=CARTESIAN_POINT('',(-3.1E1,6.E0,-2.6E1));
#5192=LINE('',#5191,#5190);
#5193=CARTESIAN_POINT('',(-3.6E1,6.E0,-2.6E1));
#5194=DIRECTION('',(0.E0,-1.E0,0.E0));
#5195=DIRECTION('',(-1.E0,0.E0,0.E0));
#5196=AXIS2_PLACEMENT_3D('',#5193,#5194,#5195);
#5198=DIRECTION('',(0.E0,1.E0,0.E0));
#5199=VECTOR('',#5198,1.E1);
#5200=CARTESIAN_POINT('',(-4.1E1,6.E0,-2.6E1));
#5201=LINE('',#5200,#5199);
#5202=CARTESIAN_POINT('',(2.723227166084E1,-2.000028782159E1,-3.5E1));
#5203=CARTESIAN_POINT('',(2.974953465465E1,-1.806872399060E1,-3.5E1));
#5204=VERTEX_POINT('',#5202);
#5205=VERTEX_POINT('',#5203);
#5206=CARTESIAN_POINT('',(4.45E1,7.E0,-3.5E1));
#5207=CARTESIAN_POINT('',(4.5E1,7.5E0,-3.5E1));
#5208=VERTEX_POINT('',#5206);
#5209=VERTEX_POINT('',#5207);
#5210=CARTESIAN_POINT('',(4.5E1,1.45E1,-3.5E1));
#5211=VERTEX_POINT('',#5210);
#5212=CARTESIAN_POINT('',(4.35E1,1.6E1,-3.5E1));
#5213=VERTEX_POINT('',#5212);
#5214=CARTESIAN_POINT('',(2.7E1,1.6E1,-3.5E1));
#5215=VERTEX_POINT('',#5214);
#5216=CARTESIAN_POINT('',(2.65E1,1.55E1,-3.5E1));
#5217=VERTEX_POINT('',#5216);
#5218=CARTESIAN_POINT('',(7.5E0,1.55E1,-3.5E1));
#5219=VERTEX_POINT('',#5218);
#5220=CARTESIAN_POINT('',(7.E0,1.6E1,-3.5E1));
#5221=VERTEX_POINT('',#5220);
#5222=CARTESIAN_POINT('',(-7.E0,1.6E1,-3.5E1));
#5223=VERTEX_POINT('',#5222);
#5224=CARTESIAN_POINT('',(-7.5E0,1.55E1,-3.5E1));
#5225=VERTEX_POINT('',#5224);
#5226=CARTESIAN_POINT('',(-2.65E1,1.55E1,-3.5E1));
#5227=VERTEX_POINT('',#5226);
#5228=CARTESIAN_POINT('',(-2.7E1,1.6E1,-3.5E1));
#5229=VERTEX_POINT('',#5228);
#5230=CARTESIAN_POINT('',(-4.35E1,1.6E1,-3.5E1));
#5231=VERTEX_POINT('',#5230);
#5232=CARTESIAN_POINT('',(-4.5E1,1.45E1,-3.5E1));
#5233=VERTEX_POINT('',#5232);
#5234=CARTESIAN_POINT('',(-2.974968889777E1,-1.806814834742E1,-3.5E1));
#5235=CARTESIAN_POINT('',(-2.723205080757E1,-2.E1,-3.5E1));
#5236=VERTEX_POINT('',#5234);
#5237=VERTEX_POINT('',#5235);
#5238=CARTESIAN_POINT('',(2.723227166084E1,-2.000028782159E1,3.5E1));
#5239=CARTESIAN_POINT('',(2.974953465465E1,-1.806872399060E1,3.5E1));
#5240=VERTEX_POINT('',#5238);
#5241=VERTEX_POINT('',#5239);
#5242=CARTESIAN_POINT('',(4.45E1,7.E0,3.5E1));
#5243=CARTESIAN_POINT('',(4.5E1,7.5E0,3.5E1));
#5244=VERTEX_POINT('',#5242);
#5245=VERTEX_POINT('',#5243);
#5246=CARTESIAN_POINT('',(4.5E1,1.45E1,3.5E1));
#5247=VERTEX_POINT('',#5246);
#5248=CARTESIAN_POINT('',(4.35E1,1.6E1,3.5E1));
#5249=VERTEX_POINT('',#5248);
#5250=CARTESIAN_POINT('',(2.7E1,1.6E1,3.5E1));
#5251=VERTEX_POINT('',#5250);
#5252=CARTESIAN_POINT('',(2.65E1,1.55E1,3.5E1));
#5253=VERTEX_POINT('',#5252);
#5254=CARTESIAN_POINT('',(7.5E0,1.55E1,3.5E1));
#5255=VERTEX_POINT('',#5254);
#5256=CARTESIAN_POINT('',(7.E0,1.6E1,3.5E1));
#5257=VERTEX_POINT('',#5256);
#5258=CARTESIAN_POINT('',(-7.E0,1.6E1,3.5E1));
#5259=VERTEX_POINT('',#5258);
#5260=CARTESIAN_POINT('',(-7.5E0,1.55E1,3.5E1));
#5261=VERTEX_POINT('',#5260);
#5262=CARTESIAN_POINT('',(-2.65E1,1.55E1,3.5E1));
#5263=VERTEX_POINT('',#5262);
#5264=CARTESIAN_POINT('',(-2.7E1,1.6E1,3.5E1));
#5265=VERTEX_POINT('',#5264);
#5266=CARTESIAN_POINT('',(-4.35E1,1.6E1,3.5E1));
#5267=VERTEX_POINT('',#5266);
#5268=CARTESIAN_POINT('',(-4.5E1,1.45E1,3.5E1));
#5269=VERTEX_POINT('',#5268);
#5270=CARTESIAN_POINT('',(-2.974968889777E1,-1.806814834742E1,3.5E1));
#5271=CARTESIAN_POINT('',(-2.723205080757E1,-2.E1,3.5E1));
#5272=VERTEX_POINT('',#5270);
#5273=VERTEX_POINT('',#5271);
#5274=CARTESIAN_POINT('',(-2.903671501739E1,-1.796078100204E1,4.87E1));
#5275=CARTESIAN_POINT('',(-2.699749601943E1,-2.E1,4.87E1));
#5276=VERTEX_POINT('',#5274);
#5277=VERTEX_POINT('',#5275);
#5278=CARTESIAN_POINT('',(-1.344109965474E1,-2.E1,4.87E1));
#5279=VERTEX_POINT('',#5278);
#5280=CARTESIAN_POINT('',(-9.534314575051E0,-1.609321492031E1,4.87E1));
#5281=VERTEX_POINT('',#5280);
#5282=CARTESIAN_POINT('',(-9.3E0,-1.552752949537E1,4.87E1));
#5283=VERTEX_POINT('',#5282);
#5284=CARTESIAN_POINT('',(-9.3E0,-1.229305139510E1,4.87E1));
#5285=VERTEX_POINT('',#5284);
#5286=CARTESIAN_POINT('',(-9.534314575050E0,-1.172736597015E1,4.87E1));
#5287=VERTEX_POINT('',#5286);
#5288=CARTESIAN_POINT('',(-9.747787572381E0,-1.151389297282E1,4.87E1));
#5289=VERTEX_POINT('',#5288);
#5290=CARTESIAN_POINT('',(-9.918833972519E0,-1.116449842847E1,4.87E1));
#5291=VERTEX_POINT('',#5290);
#5292=CARTESIAN_POINT('',(-1.237358042847E1,-8.709751972529E0,4.87E1));
#5293=VERTEX_POINT('',#5292);
#5294=CARTESIAN_POINT('',(-1.272297497282E1,-8.538705572383E0,4.87E1));
#5295=VERTEX_POINT('',#5294);
#5296=CARTESIAN_POINT('',(-1.382426406871E1,-7.437416476490E0,4.87E1));
#5297=VERTEX_POINT('',#5296);
#5298=CARTESIAN_POINT('',(-1.4E1,-7.013152407775E0,4.87E1));
#5299=VERTEX_POINT('',#5298);
#5300=CARTESIAN_POINT('',(-1.4E1,-4.992697616538E0,4.87E1));
#5301=VERTEX_POINT('',#5300);
#5302=CARTESIAN_POINT('',(-1.382426406871E1,-4.568433547824E0,4.87E1));
#5303=VERTEX_POINT('',#5302);
#5304=CARTESIAN_POINT('',(-1.271655658728E1,-3.460726066392E0,4.87E1));
#5305=VERTEX_POINT('',#5304);
#5306=CARTESIAN_POINT('',(-1.236828479259E1,-3.289821945186E0,4.87E1));
#5307=VERTEX_POINT('',#5306);
#5308=CARTESIAN_POINT('',(-9.919505054824E0,-8.410422074125E-1,4.87E1));
#5309=VERTEX_POINT('',#5308);
#5310=CARTESIAN_POINT('',(-9.748600933611E0,-4.927704127247E-1,4.87E1));
#5311=VERTEX_POINT('',#5310);
#5312=CARTESIAN_POINT('',(-9.255830520887E0,-1.141309269315E-13,4.87E1));
#5313=VERTEX_POINT('',#5312);
#5314=CARTESIAN_POINT('',(9.255830520887E0,1.135519702634E-13,4.87E1));
#5315=VERTEX_POINT('',#5314);
#5316=CARTESIAN_POINT('',(9.748600933609E0,-4.927704127223E-1,4.87E1));
#5317=VERTEX_POINT('',#5316);
#5318=CARTESIAN_POINT('',(9.919505054814E0,-8.410422074130E-1,4.87E1));
#5319=VERTEX_POINT('',#5318);
#5320=CARTESIAN_POINT('',(1.236828479259E1,-3.289821945176E0,4.87E1));
#5321=VERTEX_POINT('',#5320);
#5322=CARTESIAN_POINT('',(1.271655658728E1,-3.460726066392E0,4.87E1));
#5323=VERTEX_POINT('',#5322);
#5324=CARTESIAN_POINT('',(1.382426406871E1,-4.568433547825E0,4.87E1));
#5325=VERTEX_POINT('',#5324);
#5326=CARTESIAN_POINT('',(1.4E1,-4.992697616536E0,4.87E1));
#5327=VERTEX_POINT('',#5326);
#5328=CARTESIAN_POINT('',(1.4E1,-7.013152407779E0,4.87E1));
#5329=VERTEX_POINT('',#5328);
#5330=CARTESIAN_POINT('',(1.382426406871E1,-7.437416476488E0,4.87E1));
#5331=VERTEX_POINT('',#5330);
#5332=CARTESIAN_POINT('',(1.272297497282E1,-8.538705572382E0,4.87E1));
#5333=VERTEX_POINT('',#5332);
#5334=CARTESIAN_POINT('',(1.237358042847E1,-8.709751972519E0,4.87E1));
#5335=VERTEX_POINT('',#5334);
#5336=CARTESIAN_POINT('',(9.918833972529E0,-1.116449842847E1,4.87E1));
#5337=VERTEX_POINT('',#5336);
#5338=CARTESIAN_POINT('',(9.747787572384E0,-1.151389297282E1,4.87E1));
#5339=VERTEX_POINT('',#5338);
#5340=CARTESIAN_POINT('',(9.534314575050E0,-1.172736597015E1,4.87E1));
#5341=VERTEX_POINT('',#5340);
#5342=CARTESIAN_POINT('',(9.299999999999E0,-1.229305139510E1,4.87E1));
#5343=VERTEX_POINT('',#5342);
#5344=CARTESIAN_POINT('',(9.3E0,-1.552752949536E1,4.87E1));
#5345=VERTEX_POINT('',#5344);
#5346=CARTESIAN_POINT('',(9.534314575050E0,-1.609321492031E1,4.87E1));
#5347=VERTEX_POINT('',#5346);
#5348=CARTESIAN_POINT('',(1.344109965474E1,-2.E1,4.87E1));
#5349=VERTEX_POINT('',#5348);
#5350=CARTESIAN_POINT('',(2.692406598465E1,-2.E1,4.87E1));
#5351=VERTEX_POINT('',#5350);
#5352=CARTESIAN_POINT('',(2.896328498261E1,-1.796078100204E1,4.87E1));
#5353=VERTEX_POINT('',#5352);
#5354=CARTESIAN_POINT('',(2.896328498261E1,1.303921899796E1,4.87E1));
#5355=VERTEX_POINT('',#5354);
#5356=CARTESIAN_POINT('',(2.696328498261E1,1.503921899796E1,4.87E1));
#5357=VERTEX_POINT('',#5356);
#5358=CARTESIAN_POINT('',(5.263284982607E0,1.503921899796E1,4.87E1));
#5359=VERTEX_POINT('',#5358);
#5360=CARTESIAN_POINT('',(4.463284982607E0,1.583921899796E1,4.87E1));
#5361=VERTEX_POINT('',#5360);
#5362=CARTESIAN_POINT('',(-4.536715017393E0,1.583921899796E1,4.87E1));
#5363=VERTEX_POINT('',#5362);
#5364=CARTESIAN_POINT('',(-5.336715017393E0,1.503921899796E1,4.87E1));
#5365=VERTEX_POINT('',#5364);
#5366=CARTESIAN_POINT('',(-2.703671501739E1,1.503921899796E1,4.87E1));
#5367=VERTEX_POINT('',#5366);
#5368=CARTESIAN_POINT('',(-2.903671501739E1,1.303921899796E1,4.87E1));
#5369=VERTEX_POINT('',#5368);
#5370=CARTESIAN_POINT('',(-2.903671501739E1,-1.796078100204E1,3.5E1));
#5371=CARTESIAN_POINT('',(-2.699749601943E1,-2.E1,3.5E1));
#5372=VERTEX_POINT('',#5370);
#5373=VERTEX_POINT('',#5371);
#5374=CARTESIAN_POINT('',(2.692406598465E1,-2.E1,3.5E1));
#5375=CARTESIAN_POINT('',(2.896328498261E1,-1.796078100204E1,3.5E1));
#5376=VERTEX_POINT('',#5374);
#5377=VERTEX_POINT('',#5375);
#5378=CARTESIAN_POINT('',(2.896328498261E1,1.303921899796E1,3.5E1));
#5379=VERTEX_POINT('',#5378);
#5380=CARTESIAN_POINT('',(2.696328498261E1,1.503921899796E1,3.5E1));
#5381=VERTEX_POINT('',#5380);
#5382=CARTESIAN_POINT('',(5.263284982607E0,1.503921899796E1,3.5E1));
#5383=VERTEX_POINT('',#5382);
#5384=CARTESIAN_POINT('',(4.463284982607E0,1.583921899796E1,3.5E1));
#5385=VERTEX_POINT('',#5384);
#5386=CARTESIAN_POINT('',(-4.536715017393E0,1.583921899796E1,3.5E1));
#5387=VERTEX_POINT('',#5386);
#5388=CARTESIAN_POINT('',(-5.336715017393E0,1.503921899796E1,3.5E1));
#5389=VERTEX_POINT('',#5388);
#5390=CARTESIAN_POINT('',(-2.703671501739E1,1.503921899796E1,3.5E1));
#5391=VERTEX_POINT('',#5390);
#5392=CARTESIAN_POINT('',(-2.903671501739E1,1.303921899796E1,3.5E1));
#5393=VERTEX_POINT('',#5392);
#5394=CARTESIAN_POINT('',(-2.903671501739E1,-1.796078100204E1,-4.87E1));
#5395=CARTESIAN_POINT('',(-2.699749601943E1,-2.E1,-4.87E1));
#5396=VERTEX_POINT('',#5394);
#5397=VERTEX_POINT('',#5395);
#5398=CARTESIAN_POINT('',(-1.344109965474E1,-2.E1,-4.87E1));
#5399=VERTEX_POINT('',#5398);
#5400=CARTESIAN_POINT('',(-9.534314575051E0,-1.609321492031E1,-4.87E1));
#5401=VERTEX_POINT('',#5400);
#5402=CARTESIAN_POINT('',(-9.3E0,-1.552752949537E1,-4.87E1));
#5403=VERTEX_POINT('',#5402);
#5404=CARTESIAN_POINT('',(-9.3E0,-1.229305139510E1,-4.87E1));
#5405=VERTEX_POINT('',#5404);
#5406=CARTESIAN_POINT('',(-9.534314575050E0,-1.172736597015E1,-4.87E1));
#5407=VERTEX_POINT('',#5406);
#5408=CARTESIAN_POINT('',(-9.747787572381E0,-1.151389297282E1,-4.87E1));
#5409=VERTEX_POINT('',#5408);
#5410=CARTESIAN_POINT('',(-9.918833972519E0,-1.116449842847E1,-4.87E1));
#5411=VERTEX_POINT('',#5410);
#5412=CARTESIAN_POINT('',(-1.237358042847E1,-8.709751972529E0,-4.87E1));
#5413=VERTEX_POINT('',#5412);
#5414=CARTESIAN_POINT('',(-1.272297497282E1,-8.538705572383E0,-4.87E1));
#5415=VERTEX_POINT('',#5414);
#5416=CARTESIAN_POINT('',(-1.382426406871E1,-7.437416476490E0,-4.87E1));
#5417=VERTEX_POINT('',#5416);
#5418=CARTESIAN_POINT('',(-1.4E1,-7.013152407775E0,-4.87E1));
#5419=VERTEX_POINT('',#5418);
#5420=CARTESIAN_POINT('',(-1.4E1,-4.992697616538E0,-4.87E1));
#5421=VERTEX_POINT('',#5420);
#5422=CARTESIAN_POINT('',(-1.382426406871E1,-4.568433547824E0,-4.87E1));
#5423=VERTEX_POINT('',#5422);
#5424=CARTESIAN_POINT('',(-1.271655658728E1,-3.460726066392E0,-4.87E1));
#5425=VERTEX_POINT('',#5424);
#5426=CARTESIAN_POINT('',(-1.236828479259E1,-3.289821945186E0,-4.87E1));
#5427=VERTEX_POINT('',#5426);
#5428=CARTESIAN_POINT('',(-9.919505054824E0,-8.410422074125E-1,-4.87E1));
#5429=VERTEX_POINT('',#5428);
#5430=CARTESIAN_POINT('',(-9.748600933611E0,-4.927704127247E-1,-4.87E1));
#5431=VERTEX_POINT('',#5430);
#5432=CARTESIAN_POINT('',(-9.255830520887E0,-1.139643934778E-13,-4.87E1));
#5433=VERTEX_POINT('',#5432);
#5434=CARTESIAN_POINT('',(9.255830520887E0,1.133995531006E-13,-4.87E1));
#5435=VERTEX_POINT('',#5434);
#5436=CARTESIAN_POINT('',(9.748600933609E0,-4.927704127223E-1,-4.87E1));
#5437=VERTEX_POINT('',#5436);
#5438=CARTESIAN_POINT('',(9.919505054814E0,-8.410422074130E-1,-4.87E1));
#5439=VERTEX_POINT('',#5438);
#5440=CARTESIAN_POINT('',(1.236828479259E1,-3.289821945176E0,-4.87E1));
#5441=VERTEX_POINT('',#5440);
#5442=CARTESIAN_POINT('',(1.271655658728E1,-3.460726066392E0,-4.87E1));
#5443=VERTEX_POINT('',#5442);
#5444=CARTESIAN_POINT('',(1.382426406871E1,-4.568433547825E0,-4.87E1));
#5445=VERTEX_POINT('',#5444);
#5446=CARTESIAN_POINT('',(1.4E1,-4.992697616536E0,-4.87E1));
#5447=VERTEX_POINT('',#5446);
#5448=CARTESIAN_POINT('',(1.4E1,-7.013152407779E0,-4.87E1));
#5449=VERTEX_POINT('',#5448);
#5450=CARTESIAN_POINT('',(1.382426406871E1,-7.437416476488E0,-4.87E1));
#5451=VERTEX_POINT('',#5450);
#5452=CARTESIAN_POINT('',(1.272297497282E1,-8.538705572382E0,-4.87E1));
#5453=VERTEX_POINT('',#5452);
#5454=CARTESIAN_POINT('',(1.237358042847E1,-8.709751972519E0,-4.87E1));
#5455=VERTEX_POINT('',#5454);
#5456=CARTESIAN_POINT('',(9.918833972529E0,-1.116449842847E1,-4.87E1));
#5457=VERTEX_POINT('',#5456);
#5458=CARTESIAN_POINT('',(9.747787572384E0,-1.151389297282E1,-4.87E1));
#5459=VERTEX_POINT('',#5458);
#5460=CARTESIAN_POINT('',(9.534314575050E0,-1.172736597015E1,-4.87E1));
#5461=VERTEX_POINT('',#5460);
#5462=CARTESIAN_POINT('',(9.299999999999E0,-1.229305139510E1,-4.87E1));
#5463=VERTEX_POINT('',#5462);
#5464=CARTESIAN_POINT('',(9.3E0,-1.552752949536E1,-4.87E1));
#5465=VERTEX_POINT('',#5464);
#5466=CARTESIAN_POINT('',(9.534314575050E0,-1.609321492031E1,-4.87E1));
#5467=VERTEX_POINT('',#5466);
#5468=CARTESIAN_POINT('',(1.344109965474E1,-2.E1,-4.87E1));
#5469=VERTEX_POINT('',#5468);
#5470=CARTESIAN_POINT('',(2.692406598465E1,-2.E1,-4.87E1));
#5471=VERTEX_POINT('',#5470);
#5472=CARTESIAN_POINT('',(2.896328498261E1,-1.796078100204E1,-4.87E1));
#5473=VERTEX_POINT('',#5472);
#5474=CARTESIAN_POINT('',(2.896328498261E1,1.303921899796E1,-4.87E1));
#5475=VERTEX_POINT('',#5474);
#5476=CARTESIAN_POINT('',(2.696328498261E1,1.503921899796E1,-4.87E1));
#5477=VERTEX_POINT('',#5476);
#5478=CARTESIAN_POINT('',(5.263284982607E0,1.503921899796E1,-4.87E1));
#5479=VERTEX_POINT('',#5478);
#5480=CARTESIAN_POINT('',(4.463284982607E0,1.583921899796E1,-4.87E1));
#5481=VERTEX_POINT('',#5480);
#5482=CARTESIAN_POINT('',(-4.536715017393E0,1.583921899796E1,-4.87E1));
#5483=VERTEX_POINT('',#5482);
#5484=CARTESIAN_POINT('',(-5.336715017393E0,1.503921899796E1,-4.87E1));
#5485=VERTEX_POINT('',#5484);
#5486=CARTESIAN_POINT('',(-2.703671501739E1,1.503921899796E1,-4.87E1));
#5487=VERTEX_POINT('',#5486);
#5488=CARTESIAN_POINT('',(-2.903671501739E1,1.303921899796E1,-4.87E1));
#5489=VERTEX_POINT('',#5488);
#5490=CARTESIAN_POINT('',(-2.903671501739E1,-1.796078100204E1,-3.5E1));
#5491=CARTESIAN_POINT('',(-2.699749601943E1,-2.E1,-3.5E1));
#5492=VERTEX_POINT('',#5490);
#5493=VERTEX_POINT('',#5491);
#5494=CARTESIAN_POINT('',(2.692406598465E1,-2.E1,-3.5E1));
#5495=CARTESIAN_POINT('',(2.896328498261E1,-1.796078100204E1,-3.5E1));
#5496=VERTEX_POINT('',#5494);
#5497=VERTEX_POINT('',#5495);
#5498=CARTESIAN_POINT('',(2.896328498261E1,1.303921899796E1,-3.5E1));
#5499=VERTEX_POINT('',#5498);
#5500=CARTESIAN_POINT('',(2.696328498261E1,1.503921899796E1,-3.5E1));
#5501=VERTEX_POINT('',#5500);
#5502=CARTESIAN_POINT('',(5.263284982607E0,1.503921899796E1,-3.5E1));
#5503=VERTEX_POINT('',#5502);
#5504=CARTESIAN_POINT('',(4.463284982607E0,1.583921899796E1,-3.5E1));
#5505=VERTEX_POINT('',#5504);
#5506=CARTESIAN_POINT('',(-4.536715017393E0,1.583921899796E1,-3.5E1));
#5507=VERTEX_POINT('',#5506);
#5508=CARTESIAN_POINT('',(-5.336715017393E0,1.503921899796E1,-3.5E1));
#5509=VERTEX_POINT('',#5508);
#5510=CARTESIAN_POINT('',(-2.703671501739E1,1.503921899796E1,-3.5E1));
#5511=VERTEX_POINT('',#5510);
#5512=CARTESIAN_POINT('',(-2.903671501739E1,1.303921899796E1,-3.5E1));
#5513=VERTEX_POINT('',#5512);
#5514=CARTESIAN_POINT('',(-2.368967972696E1,9.898220598698E0,4.9E1));
#5515=CARTESIAN_POINT('',(-2.345800709724E1,1.072277572751E1,4.9E1));
#5516=VERTEX_POINT('',#5514);
#5517=VERTEX_POINT('',#5515);
#5518=VERTEX_POINT('',#2796);
#5519=VERTEX_POINT('',#2789);
#5520=CARTESIAN_POINT('',(-2.284519580007E1,1.144519567490E1,4.9E1));
#5521=VERTEX_POINT('',#5520);
#5522=CARTESIAN_POINT('',(-2.428256227821E1,1.144519567490E1,4.9E1));
#5523=VERTEX_POINT('',#5522);
#5524=CARTESIAN_POINT('',(-2.431743770093E1,1.131565833092E1,4.9E1));
#5525=VERTEX_POINT('',#5524);
#5526=VERTEX_POINT('',#2770);
#5527=VERTEX_POINT('',#2762);
#5528=CARTESIAN_POINT('',(-2.455409250408E1,8.722419947386E0,4.9E1));
#5529=VERTEX_POINT('',#5528);
#5530=VERTEX_POINT('',#2751);
#5531=VERTEX_POINT('',#2744);
#5532=CARTESIAN_POINT('',(-2.505978647899E1,8.E0,4.9E1));
#5533=VERTEX_POINT('',#5532);
#5534=CARTESIAN_POINT('',(-2.377437719703E1,8.E0,4.9E1));
#5535=VERTEX_POINT('',#5534);
#5536=CARTESIAN_POINT('',(-2.373701068759E1,8.129537370056E0,4.9E1));
#5537=VERTEX_POINT('',#5536);
#5538=VERTEX_POINT('',#2725);
#5539=VERTEX_POINT('',#2717);
#5540=CARTESIAN_POINT('',(-2.374697513878E1,9.686476871371E0,4.9E1));
#5541=VERTEX_POINT('',#5540);
#5542=CARTESIAN_POINT('',(-2.232206404209E1,9.686476871371E0,4.9E1));
#5543=VERTEX_POINT('',#5542);
#5544=CARTESIAN_POINT('',(-2.259110328555E1,8.722419947386E0,4.9E1));
#5545=VERTEX_POINT('',#5544);
#5546=VERTEX_POINT('',#2698);
#5547=VERTEX_POINT('',#2691);
#5548=CARTESIAN_POINT('',(-2.320391458273E1,8.E0,4.9E1));
#5549=VERTEX_POINT('',#5548);
#5550=CARTESIAN_POINT('',(-2.176156577468E1,8.E0,4.9E1));
#5551=VERTEX_POINT('',#5550);
#5552=CARTESIAN_POINT('',(-2.172419926524E1,8.129537370056E0,4.9E1));
#5553=VERTEX_POINT('',#5552);
#5554=VERTEX_POINT('',#2672);
#5555=VERTEX_POINT('',#2665);
#5556=CARTESIAN_POINT('',(-2.149501782656E1,1.072277572751E1,4.9E1));
#5557=VERTEX_POINT('',#5556);
#5558=VERTEX_POINT('',#2653);
#5559=VERTEX_POINT('',#2646);
#5560=CARTESIAN_POINT('',(-2.100676149130E1,1.144519567490E1,4.9E1));
#5561=VERTEX_POINT('',#5560);
#5562=CARTESIAN_POINT('',(-2.227722427249E1,1.144519567490E1,4.9E1));
#5563=VERTEX_POINT('',#5562);
#5564=CARTESIAN_POINT('',(-2.231209969521E1,1.131565833092E1,4.9E1));
#5565=VERTEX_POINT('',#5564);
#5566=VERTEX_POINT('',#2627);
#5567=VERTEX_POINT('',#2620);
#5568=CARTESIAN_POINT('',(-2.226227754354E1,9.898220598698E0,4.9E1));
#5569=VERTEX_POINT('',#5568);
#5570=CARTESIAN_POINT('',(-2.140782916546E1,8.E0,4.9E1));
#5571=CARTESIAN_POINT('',(-2.011494660378E1,8.E0,4.9E1));
#5572=VERTEX_POINT('',#5570);
#5573=VERTEX_POINT('',#5571);
#5574=CARTESIAN_POINT('',(-2.007758009434E1,8.129537370056E0,4.9E1));
#5575=VERTEX_POINT('',#5574);
#5576=VERTEX_POINT('',#2880);
#5577=VERTEX_POINT('',#2873);
#5578=CARTESIAN_POINT('',(-1.980604976416E1,1.072277572751E1,4.9E1));
#5579=VERTEX_POINT('',#5578);
#5580=VERTEX_POINT('',#2862);
#5581=VERTEX_POINT('',#2855);
#5582=CARTESIAN_POINT('',(-1.929288256168E1,1.144519567490E1,4.9E1));
#5583=VERTEX_POINT('',#5582);
#5584=CARTESIAN_POINT('',(-2.063060510159E1,1.144519567490E1,4.9E1));
#5585=VERTEX_POINT('',#5584);
#5586=CARTESIAN_POINT('',(-2.066548031569E1,1.131565833092E1,4.9E1));
#5587=VERTEX_POINT('',#5586);
#5588=VERTEX_POINT('',#2836);
#5589=VERTEX_POINT('',#2829);
#5590=CARTESIAN_POINT('',(-2.090213543177E1,8.722419947386E0,4.9E1));
#5591=VERTEX_POINT('',#5590);
#5592=VERTEX_POINT('',#2818);
#5593=VERTEX_POINT('',#2811);
#5594=CARTESIAN_POINT('',(-1.807971519232E1,9.026334509254E0,4.9E1));
#5595=CARTESIAN_POINT('',(-1.827153033018E1,1.076263353229E1,4.9E1));
#5596=VERTEX_POINT('',#5594);
#5597=VERTEX_POINT('',#5595);
#5598=VERTEX_POINT('',#3091);
#5599=VERTEX_POINT('',#3084);
#5600=VERTEX_POINT('',#3077);
#5601=VERTEX_POINT('',#3070);
#5602=CARTESIAN_POINT('',(-1.792775785923E1,1.144519567490E1,4.9E1));
#5603=VERTEX_POINT('',#5602);
#5604=CARTESIAN_POINT('',(-1.918576520681E1,1.144519567490E1,4.9E1));
#5605=VERTEX_POINT('',#5604);
#5606=CARTESIAN_POINT('',(-1.922313171625E1,1.131565833092E1,4.9E1));
#5607=VERTEX_POINT('',#5606);
#5608=VERTEX_POINT('',#3051);
#5609=VERTEX_POINT('',#3044);
#5610=CARTESIAN_POINT('',(-1.846085417271E1,7.945195727050E0,4.9E1));
#5611=VERTEX_POINT('',#5610);
#5612=CARTESIAN_POINT('',(-1.835871899128E1,7.945195727050E0,4.9E1));
#5613=VERTEX_POINT('',#5612);
#5614=CARTESIAN_POINT('',(-1.717046248913E1,1.020213526487E1,4.9E1));
#5615=VERTEX_POINT('',#5614);
#5616=CARTESIAN_POINT('',(-1.686903953552E1,7.945195727050E0,4.9E1));
#5617=VERTEX_POINT('',#5616);
#5618=CARTESIAN_POINT('',(-1.676690351963E1,7.945195727050E0,4.9E1));
#5619=VERTEX_POINT('',#5618);
#5620=CARTESIAN_POINT('',(-1.539928793907E1,1.068042704463E1,4.9E1));
#5621=VERTEX_POINT('',#5620);
#5622=VERTEX_POINT('',#3012);
#5623=VERTEX_POINT('',#3005);
#5624=CARTESIAN_POINT('',(-1.482882595062E1,1.144519567490E1,4.9E1));
#5625=VERTEX_POINT('',#5624);
#5626=CARTESIAN_POINT('',(-1.583523166180E1,1.144519567490E1,4.9E1));
#5627=VERTEX_POINT('',#5626);
#5628=CARTESIAN_POINT('',(-1.586512470245E1,1.131565833092E1,4.9E1));
#5629=VERTEX_POINT('',#5628);
#5630=VERTEX_POINT('',#2986);
#5631=VERTEX_POINT('',#2979);
#5632=VERTEX_POINT('',#2972);
#5633=VERTEX_POINT('',#2965);
#5634=CARTESIAN_POINT('',(-1.649537360668E1,9.038790047169E0,4.9E1));
#5635=VERTEX_POINT('',#5634);
#5636=CARTESIAN_POINT('',(-1.673950219154E1,1.072028464079E1,4.9E1));
#5637=VERTEX_POINT('',#5636);
#5638=VERTEX_POINT('',#2950);
#5639=VERTEX_POINT('',#2943);
#5640=VERTEX_POINT('',#2936);
#5641=VERTEX_POINT('',#2929);
#5642=CARTESIAN_POINT('',(-1.640818536282E1,1.144519567490E1,4.9E1));
#5643=VERTEX_POINT('',#5642);
#5644=CARTESIAN_POINT('',(-1.766619229317E1,1.144519567490E1,4.9E1));
#5645=VERTEX_POINT('',#5644);
#5646=CARTESIAN_POINT('',(-1.770355880260E1,1.131565833092E1,4.9E1));
#5647=VERTEX_POINT('',#5646);
#5648=VERTEX_POINT('',#2910);
#5649=VERTEX_POINT('',#2903);
#5650=CARTESIAN_POINT('',(-1.722775769234E1,1.061067619920E1,4.9E1));
#5651=VERTEX_POINT('',#5650);
#5652=CARTESIAN_POINT('',(-1.548149442673E1,8.E0,4.9E1));
#5653=CARTESIAN_POINT('',(-1.418861186504E1,8.E0,4.9E1));
#5654=VERTEX_POINT('',#5652);
#5655=VERTEX_POINT('',#5653);
#5656=CARTESIAN_POINT('',(-1.415124535561E1,8.129537370056E0,4.9E1));
#5657=VERTEX_POINT('',#5656);
#5658=VERTEX_POINT('',#3175);
#5659=VERTEX_POINT('',#3168);
#5660=CARTESIAN_POINT('',(-1.387971544266E1,1.072277572751E1,4.9E1));
#5661=VERTEX_POINT('',#5660);
#5662=VERTEX_POINT('',#3157);
#5663=VERTEX_POINT('',#3150);
#5664=CARTESIAN_POINT('',(-1.336654782295E1,1.144519567490E1,4.9E1));
#5665=VERTEX_POINT('',#5664);
#5666=CARTESIAN_POINT('',(-1.470427036285E1,1.144519567490E1,4.9E1));
#5667=VERTEX_POINT('',#5666);
#5668=CARTESIAN_POINT('',(-1.473914599419E1,1.131565833092E1,4.9E1));
#5669=VERTEX_POINT('',#5668);
#5670=VERTEX_POINT('',#3131);
#5671=VERTEX_POINT('',#3124);
#5672=CARTESIAN_POINT('',(-1.497580111027E1,8.722419947386E0,4.9E1));
#5673=VERTEX_POINT('',#5672);
#5674=VERTEX_POINT('',#3113);
#5675=VERTEX_POINT('',#3106);
#5676=CARTESIAN_POINT('',(-1.376263332367E1,8.E0,4.9E1));
#5677=CARTESIAN_POINT('',(-1.271886110306E1,8.E0,4.9E1));
#5678=VERTEX_POINT('',#5676);
#5679=VERTEX_POINT('',#5677);
#5680=CARTESIAN_POINT('',(-1.268149459362E1,8.129537370056E0,4.9E1));
#5681=VERTEX_POINT('',#5680);
#5682=VERTEX_POINT('',#3310);
#5683=VERTEX_POINT('',#3303);
#5684=CARTESIAN_POINT('',(-1.241494643688E1,1.074768680334E1,4.9E1));
#5685=VERTEX_POINT('',#5684);
#5686=CARTESIAN_POINT('',(-1.122918164730E1,7.945195727050E0,4.9E1));
#5687=VERTEX_POINT('',#5686);
#5688=CARTESIAN_POINT('',(-1.108718824387E1,7.945195727050E0,4.9E1));
#5689=VERTEX_POINT('',#5688);
#5690=CARTESIAN_POINT('',(-1.053914666176E1,9.908185154200E0,4.9E1));
#5691=VERTEX_POINT('',#5690);
#5692=VERTEX_POINT('',#3279);
#5693=VERTEX_POINT('',#3270);
#5694=CARTESIAN_POINT('',(-9.791814804077E0,1.144519567490E1,4.9E1));
#5695=VERTEX_POINT('',#5694);
#5696=CARTESIAN_POINT('',(-1.085302567482E1,1.144519567490E1,4.9E1));
#5697=VERTEX_POINT('',#5696);
#5698=CARTESIAN_POINT('',(-1.088789963722E1,1.131565833092E1,4.9E1));
#5699=VERTEX_POINT('',#5698);
#5700=VERTEX_POINT('',#3251);
#5701=VERTEX_POINT('',#3243);
#5702=CARTESIAN_POINT('',(-1.109217083454E1,8.874377228320E0,4.9E1));
#5703=VERTEX_POINT('',#5702);
#5704=CARTESIAN_POINT('',(-1.214341652393E1,1.144519567490E1,4.9E1));
#5705=VERTEX_POINT('',#5704);
#5706=CARTESIAN_POINT('',(-1.298540925980E1,1.144519567490E1,4.9E1));
#5707=VERTEX_POINT('',#5706);
#5708=CARTESIAN_POINT('',(-1.302028489113E1,1.131565833092E1,4.9E1));
#5709=VERTEX_POINT('',#5708);
#5710=VERTEX_POINT('',#3220);
#5711=VERTEX_POINT('',#3213);
#5712=CARTESIAN_POINT('',(-1.303523099422E1,9.424910992384E0,4.9E1));
#5713=VERTEX_POINT('',#5712);
#5714=VERTEX_POINT('',#3202);
#5715=VERTEX_POINT('',#3194);
#5716=CARTESIAN_POINT('',(1.24375E1,8.E0,4.9E1));
#5717=CARTESIAN_POINT('',(1.24375E1,9.638297885656E0,4.9E1));
#5718=VERTEX_POINT('',#5716);
#5719=VERTEX_POINT('',#5717);
#5720=CARTESIAN_POINT('',(1.447916659713E1,9.638297885656E0,4.9E1));
#5721=VERTEX_POINT('',#5720);
#5722=CARTESIAN_POINT('',(1.447916659713E1,8.E0,4.9E1));
#5723=VERTEX_POINT('',#5722);
#5724=CARTESIAN_POINT('',(1.491666659713E1,8.E0,4.9E1));
#5725=VERTEX_POINT('',#5724);
#5726=CARTESIAN_POINT('',(1.491666659713E1,1.15E1,4.9E1));
#5727=VERTEX_POINT('',#5726);
#5728=CARTESIAN_POINT('',(1.447916659713E1,1.15E1,4.9E1));
#5729=VERTEX_POINT('',#5728);
#5730=CARTESIAN_POINT('',(1.447916659713E1,1.008510634303E1,4.9E1));
#5731=VERTEX_POINT('',#5730);
#5732=CARTESIAN_POINT('',(1.24375E1,1.008510634303E1,4.9E1));
#5733=VERTEX_POINT('',#5732);
#5734=CARTESIAN_POINT('',(1.24375E1,1.15E1,4.9E1));
#5735=VERTEX_POINT('',#5734);
#5736=CARTESIAN_POINT('',(1.2E1,1.15E1,4.9E1));
#5737=VERTEX_POINT('',#5736);
#5738=CARTESIAN_POINT('',(1.2E1,8.E0,4.9E1));
#5739=VERTEX_POINT('',#5738);
#5740=CARTESIAN_POINT('',(1.834375E1,8.819148942828E0,4.9E1));
#5741=CARTESIAN_POINT('',(1.834375E1,9.936170190573E0,4.9E1));
#5742=VERTEX_POINT('',#5740);
#5743=VERTEX_POINT('',#5741);
#5744=CARTESIAN_POINT('',(1.725E1,9.936170190573E0,4.9E1));
#5745=VERTEX_POINT('',#5744);
#5746=CARTESIAN_POINT('',(1.725E1,9.489361733198E0,4.9E1));
#5747=VERTEX_POINT('',#5746);
#5748=CARTESIAN_POINT('',(1.790625E1,9.489361733198E0,4.9E1));
#5749=VERTEX_POINT('',#5748);
#5750=CARTESIAN_POINT('',(1.790625E1,8.893617019057E0,4.9E1));
#5751=VERTEX_POINT('',#5750);
#5752=CARTESIAN_POINT('',(1.783333319426E1,8.670212790370E0,4.9E1));
#5753=VERTEX_POINT('',#5752);
#5754=CARTESIAN_POINT('',(1.761458319426E1,8.521276585758E0,4.9E1));
#5755=VERTEX_POINT('',#5754);
#5756=CARTESIAN_POINT('',(1.732291680574E1,8.446808509529E0,4.9E1));
#5757=VERTEX_POINT('',#5756);
#5758=CARTESIAN_POINT('',(1.666666680574E1,8.446808509529E0,4.9E1));
#5759=VERTEX_POINT('',#5758);
#5760=CARTESIAN_POINT('',(1.6375E1,8.521276585758E0,4.9E1));
#5761=VERTEX_POINT('',#5760);
#5762=CARTESIAN_POINT('',(1.615625E1,8.670212790370E0,4.9E1));
#5763=VERTEX_POINT('',#5762);
#5764=CARTESIAN_POINT('',(1.601041680574E1,8.893617019057E0,4.9E1));
#5765=VERTEX_POINT('',#5764);
#5766=CARTESIAN_POINT('',(1.59375E1,9.191489323974E0,4.9E1));
#5767=VERTEX_POINT('',#5766);
#5768=CARTESIAN_POINT('',(1.59375E1,1.030851057172E1,4.9E1));
#5769=VERTEX_POINT('',#5768);
#5770=CARTESIAN_POINT('',(1.601041680574E1,1.060638287663E1,4.9E1));
#5771=VERTEX_POINT('',#5770);
#5772=CARTESIAN_POINT('',(1.615625E1,1.082978731394E1,4.9E1));
#5773=VERTEX_POINT('',#5772);
#5774=CARTESIAN_POINT('',(1.6375E1,1.097872346640E1,4.9E1));
#5775=VERTEX_POINT('',#5774);
#5776=CARTESIAN_POINT('',(1.666666680574E1,1.105319154263E1,4.9E1));
#5777=VERTEX_POINT('',#5776);
#5778=CARTESIAN_POINT('',(1.732291680574E1,1.105319154263E1,4.9E1));
#5779=VERTEX_POINT('',#5778);
#5780=CARTESIAN_POINT('',(1.761458319426E1,1.097872346640E1,4.9E1));
#5781=VERTEX_POINT('',#5780);
#5782=CARTESIAN_POINT('',(1.783333319426E1,1.082978731394E1,4.9E1));
#5783=VERTEX_POINT('',#5782);
#5784=CARTESIAN_POINT('',(1.790625E1,1.060638287663E1,4.9E1));
#5785=VERTEX_POINT('',#5784);
#5786=CARTESIAN_POINT('',(1.834375E1,1.060638287663E1,4.9E1));
#5787=VERTEX_POINT('',#5786);
#5788=CARTESIAN_POINT('',(1.827083319426E1,1.097872346640E1,4.9E1));
#5789=VERTEX_POINT('',#5788);
#5790=CARTESIAN_POINT('',(1.797916680574E1,1.127659577131E1,4.9E1));
#5791=VERTEX_POINT('',#5790);
#5792=CARTESIAN_POINT('',(1.76875E1,1.142553192377E1,4.9E1));
#5793=VERTEX_POINT('',#5792);
#5794=CARTESIAN_POINT('',(1.732291680574E1,1.15E1,4.9E1));
#5795=VERTEX_POINT('',#5794);
#5796=CARTESIAN_POINT('',(1.666666680574E1,1.15E1,4.9E1));
#5797=VERTEX_POINT('',#5796);
#5798=CARTESIAN_POINT('',(1.630208319426E1,1.142553192377E1,4.9E1));
#5799=VERTEX_POINT('',#5798);
#5800=CARTESIAN_POINT('',(1.601041680574E1,1.127659577131E1,4.9E1));
#5801=VERTEX_POINT('',#5800);
#5802=CARTESIAN_POINT('',(1.571875E1,1.097872346640E1,4.9E1));
#5803=VERTEX_POINT('',#5802);
#5804=CARTESIAN_POINT('',(1.557291680574E1,1.068085116148E1,4.9E1));
#5805=VERTEX_POINT('',#5804);
#5806=CARTESIAN_POINT('',(1.55E1,1.030851057172E1,4.9E1));
#5807=VERTEX_POINT('',#5806);
#5808=CARTESIAN_POINT('',(1.55E1,9.191489323974E0,4.9E1));
#5809=VERTEX_POINT('',#5808);
#5810=CARTESIAN_POINT('',(1.557291680574E1,8.819148942828E0,4.9E1));
#5811=VERTEX_POINT('',#5810);
#5812=CARTESIAN_POINT('',(1.571875E1,8.521276585758E0,4.9E1));
#5813=VERTEX_POINT('',#5812);
#5814=CARTESIAN_POINT('',(1.601041680574E1,8.223404254764E0,4.9E1));
#5815=VERTEX_POINT('',#5814);
#5816=CARTESIAN_POINT('',(1.630208319426E1,8.074468082748E0,4.9E1));
#5817=VERTEX_POINT('',#5816);
#5818=CARTESIAN_POINT('',(1.666666680574E1,8.E0,4.9E1));
#5819=VERTEX_POINT('',#5818);
#5820=CARTESIAN_POINT('',(1.732291680574E1,8.E0,4.9E1));
#5821=VERTEX_POINT('',#5820);
#5822=CARTESIAN_POINT('',(1.76875E1,8.074468082748E0,4.9E1));
#5823=VERTEX_POINT('',#5822);
#5824=CARTESIAN_POINT('',(1.797916680574E1,8.223404254764E0,4.9E1));
#5825=VERTEX_POINT('',#5824);
#5826=CARTESIAN_POINT('',(1.827083319426E1,8.521276585758E0,4.9E1));
#5827=VERTEX_POINT('',#5826);
#5828=CARTESIAN_POINT('',(2.133333361149E1,8.372340433300E0,4.9E1));
#5829=CARTESIAN_POINT('',(2.147916638851E1,8.595744661987E0,4.9E1));
#5830=VERTEX_POINT('',#5828);
#5831=VERTEX_POINT('',#5829);
#5832=CARTESIAN_POINT('',(2.155208361149E1,8.819148942828E0,4.9E1));
#5833=VERTEX_POINT('',#5832);
#5834=CARTESIAN_POINT('',(2.155208361149E1,9.117021247745E0,4.9E1));
#5835=VERTEX_POINT('',#5834);
#5836=CARTESIAN_POINT('',(2.147916638851E1,9.414893656969E0,4.9E1));
#5837=VERTEX_POINT('',#5836);
#5838=CARTESIAN_POINT('',(2.133333361149E1,9.638297885656E0,4.9E1));
#5839=VERTEX_POINT('',#5838);
#5840=CARTESIAN_POINT('',(2.096875E1,9.787234038115E0,4.9E1));
#5841=VERTEX_POINT('',#5840);
#5842=CARTESIAN_POINT('',(2.126041638851E1,1.001063826680E1,4.9E1));
#5843=VERTEX_POINT('',#5842);
#5844=CARTESIAN_POINT('',(2.140625E1,1.023404249549E1,4.9E1));
#5845=VERTEX_POINT('',#5844);
#5846=CARTESIAN_POINT('',(2.147916638851E1,1.053191480041E1,4.9E1));
#5847=VERTEX_POINT('',#5846);
#5848=CARTESIAN_POINT('',(2.147916638851E1,1.068085116148E1,4.9E1));
#5849=VERTEX_POINT('',#5848);
#5850=CARTESIAN_POINT('',(2.140625E1,1.097872346640E1,4.9E1));
#5851=VERTEX_POINT('',#5850);
#5852=CARTESIAN_POINT('',(2.111458361149E1,1.127659577131E1,4.9E1));
#5853=VERTEX_POINT('',#5852);
#5854=CARTESIAN_POINT('',(2.082291638851E1,1.142553192377E1,4.9E1));
#5855=VERTEX_POINT('',#5854);
#5856=CARTESIAN_POINT('',(2.03125E1,1.15E1,4.9E1));
#5857=VERTEX_POINT('',#5856);
#5858=CARTESIAN_POINT('',(2.016666638851E1,1.15E1,4.9E1));
#5859=VERTEX_POINT('',#5858);
#5860=CARTESIAN_POINT('',(1.965625E1,1.142553192377E1,4.9E1));
#5861=VERTEX_POINT('',#5860);
#5862=CARTESIAN_POINT('',(1.936458361149E1,1.127659577131E1,4.9E1));
#5863=VERTEX_POINT('',#5862);
#5864=CARTESIAN_POINT('',(1.907291638851E1,1.097872346640E1,4.9E1));
#5865=VERTEX_POINT('',#5864);
#5866=CARTESIAN_POINT('',(1.9E1,1.068085116148E1,4.9E1));
#5867=VERTEX_POINT('',#5866);
#5868=CARTESIAN_POINT('',(1.936458361149E1,1.068085116148E1,4.9E1));
#5869=VERTEX_POINT('',#5868);
#5870=CARTESIAN_POINT('',(1.951041638851E1,1.090425539017E1,4.9E1));
#5871=VERTEX_POINT('',#5870);
#5872=CARTESIAN_POINT('',(1.972916638851E1,1.105319154263E1,4.9E1));
#5873=VERTEX_POINT('',#5872);
#5874=CARTESIAN_POINT('',(2.009375E1,1.112765961885E1,4.9E1));
#5875=VERTEX_POINT('',#5874);
#5876=CARTESIAN_POINT('',(2.038541638851E1,1.112765961885E1,4.9E1));
#5877=VERTEX_POINT('',#5876);
#5878=CARTESIAN_POINT('',(2.075E1,1.105319154263E1,4.9E1));
#5879=VERTEX_POINT('',#5878);
#5880=CARTESIAN_POINT('',(2.096875E1,1.090425539017E1,4.9E1));
#5881=VERTEX_POINT('',#5880);
#5882=CARTESIAN_POINT('',(2.111458361149E1,1.068085116148E1,4.9E1));
#5883=VERTEX_POINT('',#5882);
#5884=CARTESIAN_POINT('',(2.111458361149E1,1.053191480041E1,4.9E1));
#5885=VERTEX_POINT('',#5884);
#5886=CARTESIAN_POINT('',(2.096875E1,1.023404249549E1,4.9E1));
#5887=VERTEX_POINT('',#5886);
#5888=CARTESIAN_POINT('',(2.082291638851E1,1.008510634303E1,4.9E1));
#5889=VERTEX_POINT('',#5888);
#5890=CARTESIAN_POINT('',(2.038541638851E1,9.936170190573E0,4.9E1));
#5891=VERTEX_POINT('',#5890);
#5892=CARTESIAN_POINT('',(2.009375E1,9.936170190573E0,4.9E1));
#5893=VERTEX_POINT('',#5892);
#5894=CARTESIAN_POINT('',(2.009375E1,9.638297885656E0,4.9E1));
#5895=VERTEX_POINT('',#5894);
#5896=CARTESIAN_POINT('',(2.038541638851E1,9.638297885656E0,4.9E1));
#5897=VERTEX_POINT('',#5896);
#5898=CARTESIAN_POINT('',(2.082291638851E1,9.563829809427E0,4.9E1));
#5899=VERTEX_POINT('',#5898);
#5900=CARTESIAN_POINT('',(2.104166638851E1,9.414893656969E0,4.9E1));
#5901=VERTEX_POINT('',#5900);
#5902=CARTESIAN_POINT('',(2.11875E1,9.117021247745E0,4.9E1));
#5903=VERTEX_POINT('',#5902);
#5904=CARTESIAN_POINT('',(2.11875E1,8.819148942828E0,4.9E1));
#5905=VERTEX_POINT('',#5904);
#5906=CARTESIAN_POINT('',(2.111458361149E1,8.670212790370E0,4.9E1));
#5907=VERTEX_POINT('',#5906);
#5908=CARTESIAN_POINT('',(2.096875E1,8.521276585758E0,4.9E1));
#5909=VERTEX_POINT('',#5908);
#5910=CARTESIAN_POINT('',(2.082291638851E1,8.446808509529E0,4.9E1));
#5911=VERTEX_POINT('',#5910);
#5912=CARTESIAN_POINT('',(2.045833361149E1,8.372340433300E0,4.9E1));
#5913=VERTEX_POINT('',#5912);
#5914=CARTESIAN_POINT('',(2.002083361149E1,8.372340433300E0,4.9E1));
#5915=VERTEX_POINT('',#5914);
#5916=CARTESIAN_POINT('',(1.965625E1,8.446808509529E0,4.9E1));
#5917=VERTEX_POINT('',#5916);
#5918=CARTESIAN_POINT('',(1.951041638851E1,8.521276585758E0,4.9E1));
#5919=VERTEX_POINT('',#5918);
#5920=CARTESIAN_POINT('',(1.936458361149E1,8.670212790370E0,4.9E1));
#5921=VERTEX_POINT('',#5920);
#5922=CARTESIAN_POINT('',(1.929166638851E1,8.819148942828E0,4.9E1));
#5923=VERTEX_POINT('',#5922);
#5924=CARTESIAN_POINT('',(1.892708319426E1,8.819148942828E0,4.9E1));
#5925=VERTEX_POINT('',#5924);
#5926=CARTESIAN_POINT('',(1.9E1,8.595744661987E0,4.9E1));
#5927=VERTEX_POINT('',#5926);
#5928=CARTESIAN_POINT('',(1.914583361149E1,8.372340433300E0,4.9E1));
#5929=VERTEX_POINT('',#5928);
#5930=CARTESIAN_POINT('',(1.936458361149E1,8.223404254764E0,4.9E1));
#5931=VERTEX_POINT('',#5930);
#5932=CARTESIAN_POINT('',(1.965625E1,8.074468082748E0,4.9E1));
#5933=VERTEX_POINT('',#5932);
#5934=CARTESIAN_POINT('',(1.994791638851E1,8.E0,4.9E1));
#5935=VERTEX_POINT('',#5934);
#5936=CARTESIAN_POINT('',(2.053125E1,8.E0,4.9E1));
#5937=VERTEX_POINT('',#5936);
#5938=CARTESIAN_POINT('',(2.082291638851E1,8.074468082748E0,4.9E1));
#5939=VERTEX_POINT('',#5938);
#5940=CARTESIAN_POINT('',(2.111458361149E1,8.223404254764E0,4.9E1));
#5941=VERTEX_POINT('',#5940);
#5942=CARTESIAN_POINT('',(2.213541638851E1,1.008510634303E1,4.9E1));
#5943=CARTESIAN_POINT('',(2.213541638851E1,9.414893656969E0,4.9E1));
#5944=VERTEX_POINT('',#5942);
#5945=VERTEX_POINT('',#5943);
#5946=CARTESIAN_POINT('',(2.220833361149E1,9.042553171515E0,4.9E1));
#5947=VERTEX_POINT('',#5946);
#5948=CARTESIAN_POINT('',(2.228125E1,8.819148942828E0,4.9E1));
#5949=VERTEX_POINT('',#5948);
#5950=CARTESIAN_POINT('',(2.242708361149E1,8.521276585758E0,4.9E1));
#5951=VERTEX_POINT('',#5950);
#5952=CARTESIAN_POINT('',(2.264583361149E1,8.297872330993E0,4.9E1));
#5953=VERTEX_POINT('',#5952);
#5954=CARTESIAN_POINT('',(2.301041638851E1,8.074468082748E0,4.9E1));
#5955=VERTEX_POINT('',#5954);
#5956=CARTESIAN_POINT('',(2.344791638851E1,8.E0,4.9E1));
#5957=VERTEX_POINT('',#5956);
#5958=CARTESIAN_POINT('',(2.388541638851E1,8.074468082748E0,4.9E1));
#5959=VERTEX_POINT('',#5958);
#5960=CARTESIAN_POINT('',(2.425E1,8.297872330993E0,4.9E1));
#5961=VERTEX_POINT('',#5960);
#5962=CARTESIAN_POINT('',(2.446875E1,8.521276585758E0,4.9E1));
#5963=VERTEX_POINT('',#5962);
#5964=CARTESIAN_POINT('',(2.461458361149E1,8.819148942828E0,4.9E1));
#5965=VERTEX_POINT('',#5964);
#5966=CARTESIAN_POINT('',(2.46875E1,9.042553171515E0,4.9E1));
#5967=VERTEX_POINT('',#5966);
#5968=CARTESIAN_POINT('',(2.476041638851E1,9.414893656969E0,4.9E1));
#5969=VERTEX_POINT('',#5968);
#5970=CARTESIAN_POINT('',(2.476041638851E1,1.008510634303E1,4.9E1));
#5971=VERTEX_POINT('',#5970);
#5972=CARTESIAN_POINT('',(2.46875E1,1.045744672418E1,4.9E1));
#5973=VERTEX_POINT('',#5972);
#5974=CARTESIAN_POINT('',(2.461458361149E1,1.068085116148E1,4.9E1));
#5975=VERTEX_POINT('',#5974);
#5976=CARTESIAN_POINT('',(2.446875E1,1.097872346640E1,4.9E1));
#5977=VERTEX_POINT('',#5976);
#5978=CARTESIAN_POINT('',(2.425E1,1.120212769508E1,4.9E1));
#5979=VERTEX_POINT('',#5978);
#5980=CARTESIAN_POINT('',(2.388541638851E1,1.142553192377E1,4.9E1));
#5981=VERTEX_POINT('',#5980);
#5982=CARTESIAN_POINT('',(2.344791638851E1,1.15E1,4.9E1));
#5983=VERTEX_POINT('',#5982);
#5984=CARTESIAN_POINT('',(2.301041638851E1,1.142553192377E1,4.9E1));
#5985=VERTEX_POINT('',#5984);
#5986=CARTESIAN_POINT('',(2.264583361149E1,1.120212769508E1,4.9E1));
#5987=VERTEX_POINT('',#5986);
#5988=CARTESIAN_POINT('',(2.242708361149E1,1.097872346640E1,4.9E1));
#5989=VERTEX_POINT('',#5988);
#5990=CARTESIAN_POINT('',(2.228125E1,1.068085116148E1,4.9E1));
#5991=VERTEX_POINT('',#5990);
#5992=CARTESIAN_POINT('',(2.220833361149E1,1.045744672418E1,4.9E1));
#5993=VERTEX_POINT('',#5992);
#5994=CARTESIAN_POINT('',(2.25E1,1.001063826680E1,4.9E1));
#5995=CARTESIAN_POINT('',(2.257291638851E1,1.045744672418E1,4.9E1));
#5996=VERTEX_POINT('',#5994);
#5997=VERTEX_POINT('',#5995);
#5998=CARTESIAN_POINT('',(2.286458361149E1,1.090425539017E1,4.9E1));
#5999=VERTEX_POINT('',#5998);
#6000=CARTESIAN_POINT('',(2.308333361149E1,1.105319154263E1,4.9E1));
#6001=VERTEX_POINT('',#6000);
#6002=CARTESIAN_POINT('',(2.344791638851E1,1.112765961885E1,4.9E1));
#6003=VERTEX_POINT('',#6002);
#6004=CARTESIAN_POINT('',(2.38125E1,1.105319154263E1,4.9E1));
#6005=VERTEX_POINT('',#6004);
#6006=CARTESIAN_POINT('',(2.403125E1,1.090425539017E1,4.9E1));
#6007=VERTEX_POINT('',#6006);
#6008=CARTESIAN_POINT('',(2.432291638851E1,1.045744672418E1,4.9E1));
#6009=VERTEX_POINT('',#6008);
#6010=CARTESIAN_POINT('',(2.439583361149E1,1.001063826680E1,4.9E1));
#6011=VERTEX_POINT('',#6010);
#6012=CARTESIAN_POINT('',(2.439583361149E1,9.489361733198E0,4.9E1));
#6013=VERTEX_POINT('',#6012);
#6014=CARTESIAN_POINT('',(2.432291638851E1,9.042553171515E0,4.9E1));
#6015=VERTEX_POINT('',#6014);
#6016=CARTESIAN_POINT('',(2.403125E1,8.595744661987E0,4.9E1));
#6017=VERTEX_POINT('',#6016);
#6018=CARTESIAN_POINT('',(2.38125E1,8.446808509529E0,4.9E1));
#6019=VERTEX_POINT('',#6018);
#6020=CARTESIAN_POINT('',(2.344791638851E1,8.372340433300E0,4.9E1));
#6021=VERTEX_POINT('',#6020);
#6022=CARTESIAN_POINT('',(2.308333361149E1,8.446808509529E0,4.9E1));
#6023=VERTEX_POINT('',#6022);
#6024=CARTESIAN_POINT('',(2.286458361149E1,8.595744661987E0,4.9E1));
#6025=VERTEX_POINT('',#6024);
#6026=CARTESIAN_POINT('',(2.257291638851E1,9.042553171515E0,4.9E1));
#6027=VERTEX_POINT('',#6026);
#6028=CARTESIAN_POINT('',(2.25E1,9.489361733198E0,4.9E1));
#6029=VERTEX_POINT('',#6028);
#6030=CARTESIAN_POINT('',(-2.368967972696E1,9.898220598698E0,4.87E1));
#6031=CARTESIAN_POINT('',(-2.345800709724E1,1.072277572751E1,4.87E1));
#6032=VERTEX_POINT('',#6030);
#6033=VERTEX_POINT('',#6031);
#6034=VERTEX_POINT('',#1210);
#6035=VERTEX_POINT('',#1215);
#6036=CARTESIAN_POINT('',(-2.284519580007E1,1.144519567490E1,4.87E1));
#6037=VERTEX_POINT('',#6036);
#6038=CARTESIAN_POINT('',(-2.428256227821E1,1.144519567490E1,4.87E1));
#6039=VERTEX_POINT('',#6038);
#6040=CARTESIAN_POINT('',(-2.431743770093E1,1.131565833092E1,4.87E1));
#6041=VERTEX_POINT('',#6040);
#6042=VERTEX_POINT('',#1232);
#6043=VERTEX_POINT('',#1237);
#6044=CARTESIAN_POINT('',(-2.455409250408E1,8.722419947386E0,4.87E1));
#6045=VERTEX_POINT('',#6044);
#6046=VERTEX_POINT('',#1246);
#6047=VERTEX_POINT('',#1251);
#6048=CARTESIAN_POINT('',(-2.505978647899E1,8.E0,4.87E1));
#6049=VERTEX_POINT('',#6048);
#6050=CARTESIAN_POINT('',(-2.377437719703E1,8.E0,4.87E1));
#6051=VERTEX_POINT('',#6050);
#6052=CARTESIAN_POINT('',(-2.373701068759E1,8.129537370056E0,4.87E1));
#6053=VERTEX_POINT('',#6052);
#6054=VERTEX_POINT('',#1268);
#6055=VERTEX_POINT('',#1273);
#6056=CARTESIAN_POINT('',(-2.374697513878E1,9.686476871371E0,4.87E1));
#6057=VERTEX_POINT('',#6056);
#6058=CARTESIAN_POINT('',(-2.232206404209E1,9.686476871371E0,4.87E1));
#6059=VERTEX_POINT('',#6058);
#6060=CARTESIAN_POINT('',(-2.259110328555E1,8.722419947386E0,4.87E1));
#6061=VERTEX_POINT('',#6060);
#6062=VERTEX_POINT('',#1290);
#6063=VERTEX_POINT('',#1295);
#6064=CARTESIAN_POINT('',(-2.320391458273E1,8.E0,4.87E1));
#6065=VERTEX_POINT('',#6064);
#6066=CARTESIAN_POINT('',(-2.176156577468E1,8.E0,4.87E1));
#6067=VERTEX_POINT('',#6066);
#6068=CARTESIAN_POINT('',(-2.172419926524E1,8.129537370056E0,4.87E1));
#6069=VERTEX_POINT('',#6068);
#6070=VERTEX_POINT('',#1312);
#6071=VERTEX_POINT('',#1317);
#6072=CARTESIAN_POINT('',(-2.149501782656E1,1.072277572751E1,4.87E1));
#6073=VERTEX_POINT('',#6072);
#6074=VERTEX_POINT('',#1326);
#6075=VERTEX_POINT('',#1331);
#6076=CARTESIAN_POINT('',(-2.100676149130E1,1.144519567490E1,4.87E1));
#6077=VERTEX_POINT('',#6076);
#6078=CARTESIAN_POINT('',(-2.227722427249E1,1.144519567490E1,4.87E1));
#6079=VERTEX_POINT('',#6078);
#6080=CARTESIAN_POINT('',(-2.231209969521E1,1.131565833092E1,4.87E1));
#6081=VERTEX_POINT('',#6080);
#6082=VERTEX_POINT('',#1348);
#6083=VERTEX_POINT('',#1353);
#6084=CARTESIAN_POINT('',(-2.226227754354E1,9.898220598698E0,4.87E1));
#6085=VERTEX_POINT('',#6084);
#6086=CARTESIAN_POINT('',(-2.140782916546E1,8.E0,4.87E1));
#6087=CARTESIAN_POINT('',(-2.011494660378E1,8.E0,4.87E1));
#6088=VERTEX_POINT('',#6086);
#6089=VERTEX_POINT('',#6087);
#6090=CARTESIAN_POINT('',(-2.007758009434E1,8.129537370056E0,4.87E1));
#6091=VERTEX_POINT('',#6090);
#6092=VERTEX_POINT('',#1374);
#6093=VERTEX_POINT('',#1379);
#6094=CARTESIAN_POINT('',(-1.980604976416E1,1.072277572751E1,4.87E1));
#6095=VERTEX_POINT('',#6094);
#6096=VERTEX_POINT('',#1388);
#6097=VERTEX_POINT('',#1393);
#6098=CARTESIAN_POINT('',(-1.929288256168E1,1.144519567490E1,4.87E1));
#6099=VERTEX_POINT('',#6098);
#6100=CARTESIAN_POINT('',(-2.063060510159E1,1.144519567490E1,4.87E1));
#6101=VERTEX_POINT('',#6100);
#6102=CARTESIAN_POINT('',(-2.066548031569E1,1.131565833092E1,4.87E1));
#6103=VERTEX_POINT('',#6102);
#6104=VERTEX_POINT('',#1410);
#6105=VERTEX_POINT('',#1415);
#6106=CARTESIAN_POINT('',(-2.090213543177E1,8.722419947386E0,4.87E1));
#6107=VERTEX_POINT('',#6106);
#6108=VERTEX_POINT('',#1424);
#6109=VERTEX_POINT('',#1429);
#6110=CARTESIAN_POINT('',(-1.807971519232E1,9.026334509254E0,4.87E1));
#6111=CARTESIAN_POINT('',(-1.827153033018E1,1.076263353229E1,4.87E1));
#6112=VERTEX_POINT('',#6110);
#6113=VERTEX_POINT('',#6111);
#6114=VERTEX_POINT('',#1442);
#6115=VERTEX_POINT('',#1447);
#6116=VERTEX_POINT('',#1452);
#6117=VERTEX_POINT('',#1457);
#6118=CARTESIAN_POINT('',(-1.792775785923E1,1.144519567490E1,4.87E1));
#6119=VERTEX_POINT('',#6118);
#6120=CARTESIAN_POINT('',(-1.918576520681E1,1.144519567490E1,4.87E1));
#6121=VERTEX_POINT('',#6120);
#6122=CARTESIAN_POINT('',(-1.922313171625E1,1.131565833092E1,4.87E1));
#6123=VERTEX_POINT('',#6122);
#6124=VERTEX_POINT('',#1474);
#6125=VERTEX_POINT('',#1479);
#6126=CARTESIAN_POINT('',(-1.846085417271E1,7.945195727050E0,4.87E1));
#6127=VERTEX_POINT('',#6126);
#6128=CARTESIAN_POINT('',(-1.835871899128E1,7.945195727050E0,4.87E1));
#6129=VERTEX_POINT('',#6128);
#6130=CARTESIAN_POINT('',(-1.717046248913E1,1.020213526487E1,4.87E1));
#6131=VERTEX_POINT('',#6130);
#6132=CARTESIAN_POINT('',(-1.686903953552E1,7.945195727050E0,4.87E1));
#6133=VERTEX_POINT('',#6132);
#6134=CARTESIAN_POINT('',(-1.676690351963E1,7.945195727050E0,4.87E1));
#6135=VERTEX_POINT('',#6134);
#6136=CARTESIAN_POINT('',(-1.539928793907E1,1.068042704463E1,4.87E1));
#6137=VERTEX_POINT('',#6136);
#6138=VERTEX_POINT('',#1508);
#6139=VERTEX_POINT('',#1513);
#6140=CARTESIAN_POINT('',(-1.482882595062E1,1.144519567490E1,4.87E1));
#6141=VERTEX_POINT('',#6140);
#6142=CARTESIAN_POINT('',(-1.583523166180E1,1.144519567490E1,4.87E1));
#6143=VERTEX_POINT('',#6142);
#6144=CARTESIAN_POINT('',(-1.586512470245E1,1.131565833092E1,4.87E1));
#6145=VERTEX_POINT('',#6144);
#6146=VERTEX_POINT('',#1530);
#6147=VERTEX_POINT('',#1535);
#6148=VERTEX_POINT('',#1540);
#6149=VERTEX_POINT('',#1545);
#6150=CARTESIAN_POINT('',(-1.649537360668E1,9.038790047169E0,4.87E1));
#6151=VERTEX_POINT('',#6150);
#6152=CARTESIAN_POINT('',(-1.673950219154E1,1.072028464079E1,4.87E1));
#6153=VERTEX_POINT('',#6152);
#6154=VERTEX_POINT('',#1558);
#6155=VERTEX_POINT('',#1563);
#6156=VERTEX_POINT('',#1568);
#6157=VERTEX_POINT('',#1573);
#6158=CARTESIAN_POINT('',(-1.640818536282E1,1.144519567490E1,4.87E1));
#6159=VERTEX_POINT('',#6158);
#6160=CARTESIAN_POINT('',(-1.766619229317E1,1.144519567490E1,4.87E1));
#6161=VERTEX_POINT('',#6160);
#6162=CARTESIAN_POINT('',(-1.770355880260E1,1.131565833092E1,4.87E1));
#6163=VERTEX_POINT('',#6162);
#6164=VERTEX_POINT('',#1590);
#6165=VERTEX_POINT('',#1595);
#6166=CARTESIAN_POINT('',(-1.722775769234E1,1.061067619920E1,4.87E1));
#6167=VERTEX_POINT('',#6166);
#6168=CARTESIAN_POINT('',(-1.548149442673E1,8.E0,4.87E1));
#6169=CARTESIAN_POINT('',(-1.418861186504E1,8.E0,4.87E1));
#6170=VERTEX_POINT('',#6168);
#6171=VERTEX_POINT('',#6169);
#6172=CARTESIAN_POINT('',(-1.415124535561E1,8.129537370056E0,4.87E1));
#6173=VERTEX_POINT('',#6172);
#6174=VERTEX_POINT('',#1616);
#6175=VERTEX_POINT('',#1621);
#6176=CARTESIAN_POINT('',(-1.387971544266E1,1.072277572751E1,4.87E1));
#6177=VERTEX_POINT('',#6176);
#6178=VERTEX_POINT('',#1630);
#6179=VERTEX_POINT('',#1635);
#6180=CARTESIAN_POINT('',(-1.336654782295E1,1.144519567490E1,4.87E1));
#6181=VERTEX_POINT('',#6180);
#6182=CARTESIAN_POINT('',(-1.470427036285E1,1.144519567490E1,4.87E1));
#6183=VERTEX_POINT('',#6182);
#6184=CARTESIAN_POINT('',(-1.473914599419E1,1.131565833092E1,4.87E1));
#6185=VERTEX_POINT('',#6184);
#6186=VERTEX_POINT('',#1652);
#6187=VERTEX_POINT('',#1657);
#6188=CARTESIAN_POINT('',(-1.497580111027E1,8.722419947386E0,4.87E1));
#6189=VERTEX_POINT('',#6188);
#6190=VERTEX_POINT('',#1666);
#6191=VERTEX_POINT('',#1671);
#6192=CARTESIAN_POINT('',(-1.376263332367E1,8.E0,4.87E1));
#6193=CARTESIAN_POINT('',(-1.271886110306E1,8.E0,4.87E1));
#6194=VERTEX_POINT('',#6192);
#6195=VERTEX_POINT('',#6193);
#6196=CARTESIAN_POINT('',(-1.268149459362E1,8.129537370056E0,4.87E1));
#6197=VERTEX_POINT('',#6196);
#6198=VERTEX_POINT('',#1688);
#6199=VERTEX_POINT('',#1693);
#6200=CARTESIAN_POINT('',(-1.241494643688E1,1.074768680334E1,4.87E1));
#6201=VERTEX_POINT('',#6200);
#6202=CARTESIAN_POINT('',(-1.122918164730E1,7.945195727050E0,4.87E1));
#6203=VERTEX_POINT('',#6202);
#6204=CARTESIAN_POINT('',(-1.108718824387E1,7.945195727050E0,4.87E1));
#6205=VERTEX_POINT('',#6204);
#6206=CARTESIAN_POINT('',(-1.053914666176E1,9.908185154200E0,4.87E1));
#6207=VERTEX_POINT('',#6206);
#6208=VERTEX_POINT('',#1714);
#6209=VERTEX_POINT('',#1719);
#6210=CARTESIAN_POINT('',(-9.791814804077E0,1.144519567490E1,4.87E1));
#6211=VERTEX_POINT('',#6210);
#6212=CARTESIAN_POINT('',(-1.085302567482E1,1.144519567490E1,4.87E1));
#6213=VERTEX_POINT('',#6212);
#6214=CARTESIAN_POINT('',(-1.088789963722E1,1.131565833092E1,4.87E1));
#6215=VERTEX_POINT('',#6214);
#6216=VERTEX_POINT('',#1736);
#6217=VERTEX_POINT('',#1741);
#6218=CARTESIAN_POINT('',(-1.109217083454E1,8.874377228320E0,4.87E1));
#6219=VERTEX_POINT('',#6218);
#6220=CARTESIAN_POINT('',(-1.214341652393E1,1.144519567490E1,4.87E1));
#6221=VERTEX_POINT('',#6220);
#6222=CARTESIAN_POINT('',(-1.298540925980E1,1.144519567490E1,4.87E1));
#6223=VERTEX_POINT('',#6222);
#6224=CARTESIAN_POINT('',(-1.302028489113E1,1.131565833092E1,4.87E1));
#6225=VERTEX_POINT('',#6224);
#6226=VERTEX_POINT('',#1762);
#6227=VERTEX_POINT('',#1767);
#6228=CARTESIAN_POINT('',(-1.303523099422E1,9.424910992384E0,4.87E1));
#6229=VERTEX_POINT('',#6228);
#6230=VERTEX_POINT('',#1776);
#6231=VERTEX_POINT('',#1781);
#6232=CARTESIAN_POINT('',(1.24375E1,8.E0,4.87E1));
#6233=CARTESIAN_POINT('',(1.24375E1,9.638297885656E0,4.87E1));
#6234=VERTEX_POINT('',#6232);
#6235=VERTEX_POINT('',#6233);
#6236=CARTESIAN_POINT('',(1.447916659713E1,9.638297885656E0,4.87E1));
#6237=VERTEX_POINT('',#6236);
#6238=CARTESIAN_POINT('',(1.447916659713E1,8.E0,4.87E1));
#6239=VERTEX_POINT('',#6238);
#6240=CARTESIAN_POINT('',(1.491666659713E1,8.E0,4.87E1));
#6241=VERTEX_POINT('',#6240);
#6242=CARTESIAN_POINT('',(1.491666659713E1,1.15E1,4.87E1));
#6243=VERTEX_POINT('',#6242);
#6244=CARTESIAN_POINT('',(1.447916659713E1,1.15E1,4.87E1));
#6245=VERTEX_POINT('',#6244);
#6246=CARTESIAN_POINT('',(1.447916659713E1,1.008510634303E1,4.87E1));
#6247=VERTEX_POINT('',#6246);
#6248=CARTESIAN_POINT('',(1.24375E1,1.008510634303E1,4.87E1));
#6249=VERTEX_POINT('',#6248);
#6250=CARTESIAN_POINT('',(1.24375E1,1.15E1,4.87E1));
#6251=VERTEX_POINT('',#6250);
#6252=CARTESIAN_POINT('',(1.2E1,1.15E1,4.87E1));
#6253=VERTEX_POINT('',#6252);
#6254=CARTESIAN_POINT('',(1.2E1,8.E0,4.87E1));
#6255=VERTEX_POINT('',#6254);
#6256=CARTESIAN_POINT('',(1.834375E1,8.819148942828E0,4.87E1));
#6257=CARTESIAN_POINT('',(1.834375E1,9.936170190573E0,4.87E1));
#6258=VERTEX_POINT('',#6256);
#6259=VERTEX_POINT('',#6257);
#6260=CARTESIAN_POINT('',(1.725E1,9.936170190573E0,4.87E1));
#6261=VERTEX_POINT('',#6260);
#6262=CARTESIAN_POINT('',(1.725E1,9.489361733198E0,4.87E1));
#6263=VERTEX_POINT('',#6262);
#6264=CARTESIAN_POINT('',(1.790625E1,9.489361733198E0,4.87E1));
#6265=VERTEX_POINT('',#6264);
#6266=CARTESIAN_POINT('',(1.790625E1,8.893617019057E0,4.87E1));
#6267=VERTEX_POINT('',#6266);
#6268=CARTESIAN_POINT('',(1.783333319426E1,8.670212790370E0,4.87E1));
#6269=VERTEX_POINT('',#6268);
#6270=CARTESIAN_POINT('',(1.761458319426E1,8.521276585758E0,4.87E1));
#6271=VERTEX_POINT('',#6270);
#6272=CARTESIAN_POINT('',(1.732291680574E1,8.446808509529E0,4.87E1));
#6273=VERTEX_POINT('',#6272);
#6274=CARTESIAN_POINT('',(1.666666680574E1,8.446808509529E0,4.87E1));
#6275=VERTEX_POINT('',#6274);
#6276=CARTESIAN_POINT('',(1.6375E1,8.521276585758E0,4.87E1));
#6277=VERTEX_POINT('',#6276);
#6278=CARTESIAN_POINT('',(1.615625E1,8.670212790370E0,4.87E1));
#6279=VERTEX_POINT('',#6278);
#6280=CARTESIAN_POINT('',(1.601041680574E1,8.893617019057E0,4.87E1));
#6281=VERTEX_POINT('',#6280);
#6282=CARTESIAN_POINT('',(1.59375E1,9.191489323974E0,4.87E1));
#6283=VERTEX_POINT('',#6282);
#6284=CARTESIAN_POINT('',(1.59375E1,1.030851057172E1,4.87E1));
#6285=VERTEX_POINT('',#6284);
#6286=CARTESIAN_POINT('',(1.601041680574E1,1.060638287663E1,4.87E1));
#6287=VERTEX_POINT('',#6286);
#6288=CARTESIAN_POINT('',(1.615625E1,1.082978731394E1,4.87E1));
#6289=VERTEX_POINT('',#6288);
#6290=CARTESIAN_POINT('',(1.6375E1,1.097872346640E1,4.87E1));
#6291=VERTEX_POINT('',#6290);
#6292=CARTESIAN_POINT('',(1.666666680574E1,1.105319154263E1,4.87E1));
#6293=VERTEX_POINT('',#6292);
#6294=CARTESIAN_POINT('',(1.732291680574E1,1.105319154263E1,4.87E1));
#6295=VERTEX_POINT('',#6294);
#6296=CARTESIAN_POINT('',(1.761458319426E1,1.097872346640E1,4.87E1));
#6297=VERTEX_POINT('',#6296);
#6298=CARTESIAN_POINT('',(1.783333319426E1,1.082978731394E1,4.87E1));
#6299=VERTEX_POINT('',#6298);
#6300=CARTESIAN_POINT('',(1.790625E1,1.060638287663E1,4.87E1));
#6301=VERTEX_POINT('',#6300);
#6302=CARTESIAN_POINT('',(1.834375E1,1.060638287663E1,4.87E1));
#6303=VERTEX_POINT('',#6302);
#6304=CARTESIAN_POINT('',(1.827083319426E1,1.097872346640E1,4.87E1));
#6305=VERTEX_POINT('',#6304);
#6306=CARTESIAN_POINT('',(1.797916680574E1,1.127659577131E1,4.87E1));
#6307=VERTEX_POINT('',#6306);
#6308=CARTESIAN_POINT('',(1.76875E1,1.142553192377E1,4.87E1));
#6309=VERTEX_POINT('',#6308);
#6310=CARTESIAN_POINT('',(1.732291680574E1,1.15E1,4.87E1));
#6311=VERTEX_POINT('',#6310);
#6312=CARTESIAN_POINT('',(1.666666680574E1,1.15E1,4.87E1));
#6313=VERTEX_POINT('',#6312);
#6314=CARTESIAN_POINT('',(1.630208319426E1,1.142553192377E1,4.87E1));
#6315=VERTEX_POINT('',#6314);
#6316=CARTESIAN_POINT('',(1.601041680574E1,1.127659577131E1,4.87E1));
#6317=VERTEX_POINT('',#6316);
#6318=CARTESIAN_POINT('',(1.571875E1,1.097872346640E1,4.87E1));
#6319=VERTEX_POINT('',#6318);
#6320=CARTESIAN_POINT('',(1.557291680574E1,1.068085116148E1,4.87E1));
#6321=VERTEX_POINT('',#6320);
#6322=CARTESIAN_POINT('',(1.55E1,1.030851057172E1,4.87E1));
#6323=VERTEX_POINT('',#6322);
#6324=CARTESIAN_POINT('',(1.55E1,9.191489323974E0,4.87E1));
#6325=VERTEX_POINT('',#6324);
#6326=CARTESIAN_POINT('',(1.557291680574E1,8.819148942828E0,4.87E1));
#6327=VERTEX_POINT('',#6326);
#6328=CARTESIAN_POINT('',(1.571875E1,8.521276585758E0,4.87E1));
#6329=VERTEX_POINT('',#6328);
#6330=CARTESIAN_POINT('',(1.601041680574E1,8.223404254764E0,4.87E1));
#6331=VERTEX_POINT('',#6330);
#6332=CARTESIAN_POINT('',(1.630208319426E1,8.074468082748E0,4.87E1));
#6333=VERTEX_POINT('',#6332);
#6334=CARTESIAN_POINT('',(1.666666680574E1,8.E0,4.87E1));
#6335=VERTEX_POINT('',#6334);
#6336=CARTESIAN_POINT('',(1.732291680574E1,8.E0,4.87E1));
#6337=VERTEX_POINT('',#6336);
#6338=CARTESIAN_POINT('',(1.76875E1,8.074468082748E0,4.87E1));
#6339=VERTEX_POINT('',#6338);
#6340=CARTESIAN_POINT('',(1.797916680574E1,8.223404254764E0,4.87E1));
#6341=VERTEX_POINT('',#6340);
#6342=CARTESIAN_POINT('',(1.827083319426E1,8.521276585758E0,4.87E1));
#6343=VERTEX_POINT('',#6342);
#6344=CARTESIAN_POINT('',(2.133333361149E1,8.372340433300E0,4.87E1));
#6345=CARTESIAN_POINT('',(2.147916638851E1,8.595744661987E0,4.87E1));
#6346=VERTEX_POINT('',#6344);
#6347=VERTEX_POINT('',#6345);
#6348=CARTESIAN_POINT('',(2.155208361149E1,8.819148942828E0,4.87E1));
#6349=VERTEX_POINT('',#6348);
#6350=CARTESIAN_POINT('',(2.155208361149E1,9.117021247745E0,4.87E1));
#6351=VERTEX_POINT('',#6350);
#6352=CARTESIAN_POINT('',(2.147916638851E1,9.414893656969E0,4.87E1));
#6353=VERTEX_POINT('',#6352);
#6354=CARTESIAN_POINT('',(2.133333361149E1,9.638297885656E0,4.87E1));
#6355=VERTEX_POINT('',#6354);
#6356=CARTESIAN_POINT('',(2.096875E1,9.787234038115E0,4.87E1));
#6357=VERTEX_POINT('',#6356);
#6358=CARTESIAN_POINT('',(2.126041638851E1,1.001063826680E1,4.87E1));
#6359=VERTEX_POINT('',#6358);
#6360=CARTESIAN_POINT('',(2.140625E1,1.023404249549E1,4.87E1));
#6361=VERTEX_POINT('',#6360);
#6362=CARTESIAN_POINT('',(2.147916638851E1,1.053191480041E1,4.87E1));
#6363=VERTEX_POINT('',#6362);
#6364=CARTESIAN_POINT('',(2.147916638851E1,1.068085116148E1,4.87E1));
#6365=VERTEX_POINT('',#6364);
#6366=CARTESIAN_POINT('',(2.140625E1,1.097872346640E1,4.87E1));
#6367=VERTEX_POINT('',#6366);
#6368=CARTESIAN_POINT('',(2.111458361149E1,1.127659577131E1,4.87E1));
#6369=VERTEX_POINT('',#6368);
#6370=CARTESIAN_POINT('',(2.082291638851E1,1.142553192377E1,4.87E1));
#6371=VERTEX_POINT('',#6370);
#6372=CARTESIAN_POINT('',(2.03125E1,1.15E1,4.87E1));
#6373=VERTEX_POINT('',#6372);
#6374=CARTESIAN_POINT('',(2.016666638851E1,1.15E1,4.87E1));
#6375=VERTEX_POINT('',#6374);
#6376=CARTESIAN_POINT('',(1.965625E1,1.142553192377E1,4.87E1));
#6377=VERTEX_POINT('',#6376);
#6378=CARTESIAN_POINT('',(1.936458361149E1,1.127659577131E1,4.87E1));
#6379=VERTEX_POINT('',#6378);
#6380=CARTESIAN_POINT('',(1.907291638851E1,1.097872346640E1,4.87E1));
#6381=VERTEX_POINT('',#6380);
#6382=CARTESIAN_POINT('',(1.9E1,1.068085116148E1,4.87E1));
#6383=VERTEX_POINT('',#6382);
#6384=CARTESIAN_POINT('',(1.936458361149E1,1.068085116148E1,4.87E1));
#6385=VERTEX_POINT('',#6384);
#6386=CARTESIAN_POINT('',(1.951041638851E1,1.090425539017E1,4.87E1));
#6387=VERTEX_POINT('',#6386);
#6388=CARTESIAN_POINT('',(1.972916638851E1,1.105319154263E1,4.87E1));
#6389=VERTEX_POINT('',#6388);
#6390=CARTESIAN_POINT('',(2.009375E1,1.112765961885E1,4.87E1));
#6391=VERTEX_POINT('',#6390);
#6392=CARTESIAN_POINT('',(2.038541638851E1,1.112765961885E1,4.87E1));
#6393=VERTEX_POINT('',#6392);
#6394=CARTESIAN_POINT('',(2.075E1,1.105319154263E1,4.87E1));
#6395=VERTEX_POINT('',#6394);
#6396=CARTESIAN_POINT('',(2.096875E1,1.090425539017E1,4.87E1));
#6397=VERTEX_POINT('',#6396);
#6398=CARTESIAN_POINT('',(2.111458361149E1,1.068085116148E1,4.87E1));
#6399=VERTEX_POINT('',#6398);
#6400=CARTESIAN_POINT('',(2.111458361149E1,1.053191480041E1,4.87E1));
#6401=VERTEX_POINT('',#6400);
#6402=CARTESIAN_POINT('',(2.096875E1,1.023404249549E1,4.87E1));
#6403=VERTEX_POINT('',#6402);
#6404=CARTESIAN_POINT('',(2.082291638851E1,1.008510634303E1,4.87E1));
#6405=VERTEX_POINT('',#6404);
#6406=CARTESIAN_POINT('',(2.038541638851E1,9.936170190573E0,4.87E1));
#6407=VERTEX_POINT('',#6406);
#6408=CARTESIAN_POINT('',(2.009375E1,9.936170190573E0,4.87E1));
#6409=VERTEX_POINT('',#6408);
#6410=CARTESIAN_POINT('',(2.009375E1,9.638297885656E0,4.87E1));
#6411=VERTEX_POINT('',#6410);
#6412=CARTESIAN_POINT('',(2.038541638851E1,9.638297885656E0,4.87E1));
#6413=VERTEX_POINT('',#6412);
#6414=CARTESIAN_POINT('',(2.082291638851E1,9.563829809427E0,4.87E1));
#6415=VERTEX_POINT('',#6414);
#6416=CARTESIAN_POINT('',(2.104166638851E1,9.414893656969E0,4.87E1));
#6417=VERTEX_POINT('',#6416);
#6418=CARTESIAN_POINT('',(2.11875E1,9.117021247745E0,4.87E1));
#6419=VERTEX_POINT('',#6418);
#6420=CARTESIAN_POINT('',(2.11875E1,8.819148942828E0,4.87E1));
#6421=VERTEX_POINT('',#6420);
#6422=CARTESIAN_POINT('',(2.111458361149E1,8.670212790370E0,4.87E1));
#6423=VERTEX_POINT('',#6422);
#6424=CARTESIAN_POINT('',(2.096875E1,8.521276585758E0,4.87E1));
#6425=VERTEX_POINT('',#6424);
#6426=CARTESIAN_POINT('',(2.082291638851E1,8.446808509529E0,4.87E1));
#6427=VERTEX_POINT('',#6426);
#6428=CARTESIAN_POINT('',(2.045833361149E1,8.372340433300E0,4.87E1));
#6429=VERTEX_POINT('',#6428);
#6430=CARTESIAN_POINT('',(2.002083361149E1,8.372340433300E0,4.87E1));
#6431=VERTEX_POINT('',#6430);
#6432=CARTESIAN_POINT('',(1.965625E1,8.446808509529E0,4.87E1));
#6433=VERTEX_POINT('',#6432);
#6434=CARTESIAN_POINT('',(1.951041638851E1,8.521276585758E0,4.87E1));
#6435=VERTEX_POINT('',#6434);
#6436=CARTESIAN_POINT('',(1.936458361149E1,8.670212790370E0,4.87E1));
#6437=VERTEX_POINT('',#6436);
#6438=CARTESIAN_POINT('',(1.929166638851E1,8.819148942828E0,4.87E1));
#6439=VERTEX_POINT('',#6438);
#6440=CARTESIAN_POINT('',(1.892708319426E1,8.819148942828E0,4.87E1));
#6441=VERTEX_POINT('',#6440);
#6442=CARTESIAN_POINT('',(1.9E1,8.595744661987E0,4.87E1));
#6443=VERTEX_POINT('',#6442);
#6444=CARTESIAN_POINT('',(1.914583361149E1,8.372340433300E0,4.87E1));
#6445=VERTEX_POINT('',#6444);
#6446=CARTESIAN_POINT('',(1.936458361149E1,8.223404254764E0,4.87E1));
#6447=VERTEX_POINT('',#6446);
#6448=CARTESIAN_POINT('',(1.965625E1,8.074468082748E0,4.87E1));
#6449=VERTEX_POINT('',#6448);
#6450=CARTESIAN_POINT('',(1.994791638851E1,8.E0,4.87E1));
#6451=VERTEX_POINT('',#6450);
#6452=CARTESIAN_POINT('',(2.053125E1,8.E0,4.87E1));
#6453=VERTEX_POINT('',#6452);
#6454=CARTESIAN_POINT('',(2.082291638851E1,8.074468082748E0,4.87E1));
#6455=VERTEX_POINT('',#6454);
#6456=CARTESIAN_POINT('',(2.111458361149E1,8.223404254764E0,4.87E1));
#6457=VERTEX_POINT('',#6456);
#6458=CARTESIAN_POINT('',(2.213541638851E1,1.008510634303E1,4.87E1));
#6459=CARTESIAN_POINT('',(2.213541638851E1,9.414893656969E0,4.87E1));
#6460=VERTEX_POINT('',#6458);
#6461=VERTEX_POINT('',#6459);
#6462=CARTESIAN_POINT('',(2.220833361149E1,9.042553171515E0,4.87E1));
#6463=VERTEX_POINT('',#6462);
#6464=CARTESIAN_POINT('',(2.228125E1,8.819148942828E0,4.87E1));
#6465=VERTEX_POINT('',#6464);
#6466=CARTESIAN_POINT('',(2.242708361149E1,8.521276585758E0,4.87E1));
#6467=VERTEX_POINT('',#6466);
#6468=CARTESIAN_POINT('',(2.264583361149E1,8.297872330993E0,4.87E1));
#6469=VERTEX_POINT('',#6468);
#6470=CARTESIAN_POINT('',(2.301041638851E1,8.074468082748E0,4.87E1));
#6471=VERTEX_POINT('',#6470);
#6472=CARTESIAN_POINT('',(2.344791638851E1,8.E0,4.87E1));
#6473=VERTEX_POINT('',#6472);
#6474=CARTESIAN_POINT('',(2.388541638851E1,8.074468082748E0,4.87E1));
#6475=VERTEX_POINT('',#6474);
#6476=CARTESIAN_POINT('',(2.425E1,8.297872330993E0,4.87E1));
#6477=VERTEX_POINT('',#6476);
#6478=CARTESIAN_POINT('',(2.446875E1,8.521276585758E0,4.87E1));
#6479=VERTEX_POINT('',#6478);
#6480=CARTESIAN_POINT('',(2.461458361149E1,8.819148942828E0,4.87E1));
#6481=VERTEX_POINT('',#6480);
#6482=CARTESIAN_POINT('',(2.46875E1,9.042553171515E0,4.87E1));
#6483=VERTEX_POINT('',#6482);
#6484=CARTESIAN_POINT('',(2.476041638851E1,9.414893656969E0,4.87E1));
#6485=VERTEX_POINT('',#6484);
#6486=CARTESIAN_POINT('',(2.476041638851E1,1.008510634303E1,4.87E1));
#6487=VERTEX_POINT('',#6486);
#6488=CARTESIAN_POINT('',(2.46875E1,1.045744672418E1,4.87E1));
#6489=VERTEX_POINT('',#6488);
#6490=CARTESIAN_POINT('',(2.461458361149E1,1.068085116148E1,4.87E1));
#6491=VERTEX_POINT('',#6490);
#6492=CARTESIAN_POINT('',(2.446875E1,1.097872346640E1,4.87E1));
#6493=VERTEX_POINT('',#6492);
#6494=CARTESIAN_POINT('',(2.425E1,1.120212769508E1,4.87E1));
#6495=VERTEX_POINT('',#6494);
#6496=CARTESIAN_POINT('',(2.388541638851E1,1.142553192377E1,4.87E1));
#6497=VERTEX_POINT('',#6496);
#6498=CARTESIAN_POINT('',(2.344791638851E1,1.15E1,4.87E1));
#6499=VERTEX_POINT('',#6498);
#6500=CARTESIAN_POINT('',(2.301041638851E1,1.142553192377E1,4.87E1));
#6501=VERTEX_POINT('',#6500);
#6502=CARTESIAN_POINT('',(2.264583361149E1,1.120212769508E1,4.87E1));
#6503=VERTEX_POINT('',#6502);
#6504=CARTESIAN_POINT('',(2.242708361149E1,1.097872346640E1,4.87E1));
#6505=VERTEX_POINT('',#6504);
#6506=CARTESIAN_POINT('',(2.228125E1,1.068085116148E1,4.87E1));
#6507=VERTEX_POINT('',#6506);
#6508=CARTESIAN_POINT('',(2.220833361149E1,1.045744672418E1,4.87E1));
#6509=VERTEX_POINT('',#6508);
#6510=CARTESIAN_POINT('',(2.25E1,1.001063826680E1,4.87E1));
#6511=CARTESIAN_POINT('',(2.257291638851E1,1.045744672418E1,4.87E1));
#6512=VERTEX_POINT('',#6510);
#6513=VERTEX_POINT('',#6511);
#6514=CARTESIAN_POINT('',(2.286458361149E1,1.090425539017E1,4.87E1));
#6515=VERTEX_POINT('',#6514);
#6516=CARTESIAN_POINT('',(2.308333361149E1,1.105319154263E1,4.87E1));
#6517=VERTEX_POINT('',#6516);
#6518=CARTESIAN_POINT('',(2.344791638851E1,1.112765961885E1,4.87E1));
#6519=VERTEX_POINT('',#6518);
#6520=CARTESIAN_POINT('',(2.38125E1,1.105319154263E1,4.87E1));
#6521=VERTEX_POINT('',#6520);
#6522=CARTESIAN_POINT('',(2.403125E1,1.090425539017E1,4.87E1));
#6523=VERTEX_POINT('',#6522);
#6524=CARTESIAN_POINT('',(2.432291638851E1,1.045744672418E1,4.87E1));
#6525=VERTEX_POINT('',#6524);
#6526=CARTESIAN_POINT('',(2.439583361149E1,1.001063826680E1,4.87E1));
#6527=VERTEX_POINT('',#6526);
#6528=CARTESIAN_POINT('',(2.439583361149E1,9.489361733198E0,4.87E1));
#6529=VERTEX_POINT('',#6528);
#6530=CARTESIAN_POINT('',(2.432291638851E1,9.042553171515E0,4.87E1));
#6531=VERTEX_POINT('',#6530);
#6532=CARTESIAN_POINT('',(2.403125E1,8.595744661987E0,4.87E1));
#6533=VERTEX_POINT('',#6532);
#6534=CARTESIAN_POINT('',(2.38125E1,8.446808509529E0,4.87E1));
#6535=VERTEX_POINT('',#6534);
#6536=CARTESIAN_POINT('',(2.344791638851E1,8.372340433300E0,4.87E1));
#6537=VERTEX_POINT('',#6536);
#6538=CARTESIAN_POINT('',(2.308333361149E1,8.446808509529E0,4.87E1));
#6539=VERTEX_POINT('',#6538);
#6540=CARTESIAN_POINT('',(2.286458361149E1,8.595744661987E0,4.87E1));
#6541=VERTEX_POINT('',#6540);
#6542=CARTESIAN_POINT('',(2.257291638851E1,9.042553171515E0,4.87E1));
#6543=VERTEX_POINT('',#6542);
#6544=CARTESIAN_POINT('',(2.25E1,9.489361733198E0,4.87E1));
#6545=VERTEX_POINT('',#6544);
#6546=CARTESIAN_POINT('',(4.1E1,1.6E1,2.6E1));
#6547=CARTESIAN_POINT('',(3.1E1,1.6E1,2.6E1));
#6548=VERTEX_POINT('',#6546);
#6549=VERTEX_POINT('',#6547);
#6550=CARTESIAN_POINT('',(4.1E1,1.6E1,-2.6E1));
#6551=CARTESIAN_POINT('',(3.1E1,1.6E1,-2.6E1));
#6552=VERTEX_POINT('',#6550);
#6553=VERTEX_POINT('',#6551);
#6554=CARTESIAN_POINT('',(-3.1E1,1.6E1,2.6E1));
#6555=CARTESIAN_POINT('',(-4.1E1,1.6E1,2.6E1));
#6556=VERTEX_POINT('',#6554);
#6557=VERTEX_POINT('',#6555);
#6558=CARTESIAN_POINT('',(-3.1E1,1.6E1,-2.6E1));
#6559=CARTESIAN_POINT('',(-4.1E1,1.6E1,-2.6E1));
#6560=VERTEX_POINT('',#6558);
#6561=VERTEX_POINT('',#6559);
#6562=CARTESIAN_POINT('',(-3.6E1,6.E0,1.9E1));
#6563=CARTESIAN_POINT('',(-3.4E1,6.E0,3.270820393250E1));
#6564=VERTEX_POINT('',#6562);
#6565=VERTEX_POINT('',#6563);
#6566=CARTESIAN_POINT('',(-3.4E1,6.E0,-3.270820393250E1));
#6567=CARTESIAN_POINT('',(-3.6E1,6.E0,-1.9E1));
#6568=VERTEX_POINT('',#6566);
#6569=VERTEX_POINT('',#6567);
#6570=CARTESIAN_POINT('',(3.4E1,6.E0,3.270820393250E1));
#6571=CARTESIAN_POINT('',(3.6E1,6.E0,1.9E1));
#6572=VERTEX_POINT('',#6570);
#6573=VERTEX_POINT('',#6571);
#6574=CARTESIAN_POINT('',(3.6E1,6.E0,-1.9E1));
#6575=CARTESIAN_POINT('',(3.4E1,6.E0,-3.270820393250E1));
#6576=VERTEX_POINT('',#6574);
#6577=VERTEX_POINT('',#6575);
#6578=CARTESIAN_POINT('',(-4.5E1,6.E0,-3.5E1));
#6579=CARTESIAN_POINT('',(-3.4E1,6.E0,-3.5E1));
#6580=VERTEX_POINT('',#6578);
#6581=VERTEX_POINT('',#6579);
#6582=CARTESIAN_POINT('',(3.4E1,6.E0,-3.5E1));
#6583=CARTESIAN_POINT('',(4.45E1,6.E0,-3.5E1));
#6584=VERTEX_POINT('',#6582);
#6585=VERTEX_POINT('',#6583);
#6586=CARTESIAN_POINT('',(-3.4E1,-2.205771365939E0,-3.5E1));
#6587=VERTEX_POINT('',#6586);
#6588=CARTESIAN_POINT('',(3.4E1,-2.205771365940E0,-3.5E1));
#6589=VERTEX_POINT('',#6588);
#6590=CARTESIAN_POINT('',(-4.5E1,6.E0,3.5E1));
#6591=CARTESIAN_POINT('',(-3.4E1,6.E0,3.5E1));
#6592=VERTEX_POINT('',#6590);
#6593=VERTEX_POINT('',#6591);
#6594=CARTESIAN_POINT('',(3.4E1,6.E0,3.5E1));
#6595=CARTESIAN_POINT('',(4.45E1,6.E0,3.5E1));
#6596=VERTEX_POINT('',#6594);
#6597=VERTEX_POINT('',#6595);
#6598=CARTESIAN_POINT('',(-3.4E1,-2.205771365939E0,3.5E1));
#6599=VERTEX_POINT('',#6598);
#6600=CARTESIAN_POINT('',(3.4E1,-2.205771365940E0,3.5E1));
#6601=VERTEX_POINT('',#6600);
#6602=VERTEX_POINT('',#371);
#6603=VERTEX_POINT('',#375);
#6604=VERTEX_POINT('',#377);
#6605=VERTEX_POINT('',#381);
#6606=CARTESIAN_POINT('',(3.4E1,-2.205771365940E0,3.270820393250E1));
#6607=VERTEX_POINT('',#6606);
#6608=VERTEX_POINT('',#407);
#6609=VERTEX_POINT('',#409);
#6610=VERTEX_POINT('',#425);
#6611=VERTEX_POINT('',#329);
#6612=CARTESIAN_POINT('',(3.650935212614E1,-1.127986593019E-13,1.9E1));
#6613=VERTEX_POINT('',#6612);
#6614=CARTESIAN_POINT('',(3.650935212614E1,-1.127986593019E-13,-1.9E1));
#6615=CARTESIAN_POINT('',(3.6E1,-5.243786358802E-2,-1.9E1));
#6616=VERTEX_POINT('',#6614);
#6617=VERTEX_POINT('',#6615);
#6618=CARTESIAN_POINT('',(4.35E1,-1.136956125739E-13,1.9E1));
#6619=VERTEX_POINT('',#6618);
#6620=CARTESIAN_POINT('',(4.35E1,-1.136956125739E-13,-1.9E1));
#6621=VERTEX_POINT('',#6620);
#6622=CARTESIAN_POINT('',(4.45E1,9.999999999999E-1,1.9E1));
#6623=VERTEX_POINT('',#6622);
#6624=CARTESIAN_POINT('',(4.45E1,9.999999999999E-1,-1.9E1));
#6625=VERTEX_POINT('',#6624);
#6626=CARTESIAN_POINT('',(4.45E1,6.E0,-1.9E1));
#6627=VERTEX_POINT('',#6626);
#6628=CARTESIAN_POINT('',(4.45E1,6.E0,1.9E1));
#6629=VERTEX_POINT('',#6628);
#6630=CARTESIAN_POINT('',(-4.5E1,6.E0,-1.9E1));
#6631=VERTEX_POINT('',#6630);
#6632=CARTESIAN_POINT('',(-4.5E1,6.E0,1.9E1));
#6633=VERTEX_POINT('',#6632);
#6634=CARTESIAN_POINT('',(-4.5E1,9.999999999999E-1,1.9E1));
#6635=VERTEX_POINT('',#6634);
#6636=CARTESIAN_POINT('',(-4.5E1,9.999999999999E-1,-1.9E1));
#6637=VERTEX_POINT('',#6636);
#6638=CARTESIAN_POINT('',(-4.4E1,-1.137978600241E-13,1.9E1));
#6639=VERTEX_POINT('',#6638);
#6640=CARTESIAN_POINT('',(-4.4E1,-1.137978600241E-13,-1.9E1));
#6641=VERTEX_POINT('',#6640);
#6642=CARTESIAN_POINT('',(-3.650935212614E1,-1.133951656745E-13,1.9E1));
#6643=VERTEX_POINT('',#6642);
#6644=CARTESIAN_POINT('',(-3.650935212614E1,-1.133951656745E-13,-1.9E1));
#6645=VERTEX_POINT('',#6644);
#6646=CARTESIAN_POINT('',(-3.6E1,-5.243786358802E-2,1.9E1));
#6647=VERTEX_POINT('',#6646);
#6648=VERTEX_POINT('',#4985);
#6649=VERTEX_POINT('',#4997);
#6650=VERTEX_POINT('',#5007);
#6651=VERTEX_POINT('',#5055);
#6652=VERTEX_POINT('',#5068);
#6653=VERTEX_POINT('',#5073);
#6654=CARTESIAN_POINT('',(-3.4E1,-2.205771365939E0,-3.270820393250E1));
#6655=VERTEX_POINT('',#6654);
#6656=VERTEX_POINT('',#5088);
#6657=VERTEX_POINT('',#5057);
#6658=CARTESIAN_POINT('',(-3.1E1,6.E0,2.6E1));
#6659=CARTESIAN_POINT('',(-4.1E1,6.E0,2.6E1));
#6660=VERTEX_POINT('',#6658);
#6661=VERTEX_POINT('',#6659);
#6662=CARTESIAN_POINT('',(-3.1E1,6.E0,-2.6E1));
#6663=CARTESIAN_POINT('',(-4.1E1,6.E0,-2.6E1));
#6664=VERTEX_POINT('',#6662);
#6665=VERTEX_POINT('',#6663);
#6666=CARTESIAN_POINT('',(4.1E1,6.E0,2.6E1));
#6667=CARTESIAN_POINT('',(3.1E1,6.E0,2.6E1));
#6668=VERTEX_POINT('',#6666);
#6669=VERTEX_POINT('',#6667);
#6670=CARTESIAN_POINT('',(4.1E1,6.E0,-2.6E1));
#6671=CARTESIAN_POINT('',(3.1E1,6.E0,-2.6E1));
#6672=VERTEX_POINT('',#6670);
#6673=VERTEX_POINT('',#6671);
#6674=CARTESIAN_POINT('',(0.E0,0.E0,-3.5E1));
#6675=DIRECTION('',(0.E0,0.E0,1.E0));
#6676=DIRECTION('',(1.E0,0.E0,0.E0));
#6677=AXIS2_PLACEMENT_3D('',#6674,#6675,#6676);
#6678=PLANE('',#6677);
#6680=ORIENTED_EDGE('',*,*,#6679,.T.);
#6682=ORIENTED_EDGE('',*,*,#6681,.F.);
#6684=ORIENTED_EDGE('',*,*,#6683,.T.);
#6686=ORIENTED_EDGE('',*,*,#6685,.T.);
#6688=ORIENTED_EDGE('',*,*,#6687,.T.);
#6690=ORIENTED_EDGE('',*,*,#6689,.F.);
#6692=ORIENTED_EDGE('',*,*,#6691,.F.);
#6694=ORIENTED_EDGE('',*,*,#6693,.F.);
#6696=ORIENTED_EDGE('',*,*,#6695,.F.);
#6698=ORIENTED_EDGE('',*,*,#6697,.F.);
#6700=ORIENTED_EDGE('',*,*,#6699,.F.);
#6702=ORIENTED_EDGE('',*,*,#6701,.F.);
#6704=ORIENTED_EDGE('',*,*,#6703,.F.);
#6706=ORIENTED_EDGE('',*,*,#6705,.F.);
#6708=ORIENTED_EDGE('',*,*,#6707,.F.);
#6710=ORIENTED_EDGE('',*,*,#6709,.F.);
#6712=ORIENTED_EDGE('',*,*,#6711,.T.);
#6714=ORIENTED_EDGE('',*,*,#6713,.T.);
#6716=ORIENTED_EDGE('',*,*,#6715,.T.);
#6718=ORIENTED_EDGE('',*,*,#6717,.T.);
#6720=ORIENTED_EDGE('',*,*,#6719,.T.);
#6722=ORIENTED_EDGE('',*,*,#6721,.T.);
#6724=ORIENTED_EDGE('',*,*,#6723,.T.);
#6726=ORIENTED_EDGE('',*,*,#6725,.T.);
#6728=ORIENTED_EDGE('',*,*,#6727,.T.);
#6730=ORIENTED_EDGE('',*,*,#6729,.T.);
#6732=ORIENTED_EDGE('',*,*,#6731,.T.);
#6734=ORIENTED_EDGE('',*,*,#6733,.T.);
#6736=ORIENTED_EDGE('',*,*,#6735,.T.);
#6738=ORIENTED_EDGE('',*,*,#6737,.T.);
#6740=ORIENTED_EDGE('',*,*,#6739,.T.);
#6742=ORIENTED_EDGE('',*,*,#6741,.T.);
#6744=ORIENTED_EDGE('',*,*,#6743,.T.);
#6746=ORIENTED_EDGE('',*,*,#6745,.T.);
#6748=ORIENTED_EDGE('',*,*,#6747,.T.);
#6750=ORIENTED_EDGE('',*,*,#6749,.T.);
#6751=EDGE_LOOP('',(#6680,#6682,#6684,#6686,#6688,#6690,#6692,#6694,#6696,#6698,
#6700,#6702,#6704,#6706,#6708,#6710,#6712,#6714,#6716,#6718,#6720,#6722,#6724,
#6726,#6728,#6730,#6732,#6734,#6736,#6738,#6740,#6742,#6744,#6746,#6748,#6750));
#6752=FACE_OUTER_BOUND('',#6751,.F.);
#6753=ADVANCED_FACE('',(#6752),#6678,.F.);
#6754=CARTESIAN_POINT('',(0.E0,6.E0,0.E0));
#6755=DIRECTION('',(0.E0,-1.E0,0.E0));
#6756=DIRECTION('',(1.E0,0.E0,0.E0));
#6757=AXIS2_PLACEMENT_3D('',#6754,#6755,#6756);
#6758=PLANE('',#6757);
#6759=ORIENTED_EDGE('',*,*,#6679,.F.);
#6761=ORIENTED_EDGE('',*,*,#6760,.T.);
#6763=ORIENTED_EDGE('',*,*,#6762,.F.);
#6765=ORIENTED_EDGE('',*,*,#6764,.F.);
#6767=ORIENTED_EDGE('',*,*,#6766,.F.);
#6768=EDGE_LOOP('',(#6759,#6761,#6763,#6765,#6767));
#6769=FACE_OUTER_BOUND('',#6768,.F.);
#6771=ORIENTED_EDGE('',*,*,#6770,.T.);
#6773=ORIENTED_EDGE('',*,*,#6772,.T.);
#6774=EDGE_LOOP('',(#6771,#6773));
#6775=FACE_BOUND('',#6774,.F.);
#6776=ADVANCED_FACE('',(#6769,#6775),#6758,.T.);
#6777=CARTESIAN_POINT('',(0.E0,6.E0,0.E0));
#6778=DIRECTION('',(0.E0,-1.E0,0.E0));
#6779=DIRECTION('',(1.E0,0.E0,0.E0));
#6780=AXIS2_PLACEMENT_3D('',#6777,#6778,#6779);
#6781=PLANE('',#6780);
#6782=ORIENTED_EDGE('',*,*,#6719,.F.);
#6784=ORIENTED_EDGE('',*,*,#6783,.F.);
#6786=ORIENTED_EDGE('',*,*,#6785,.F.);
#6788=ORIENTED_EDGE('',*,*,#6787,.F.);
#6790=ORIENTED_EDGE('',*,*,#6789,.F.);
#6791=EDGE_LOOP('',(#6782,#6784,#6786,#6788,#6790));
#6792=FACE_OUTER_BOUND('',#6791,.F.);
#6794=ORIENTED_EDGE('',*,*,#6793,.T.);
#6796=ORIENTED_EDGE('',*,*,#6795,.T.);
#6797=EDGE_LOOP('',(#6794,#6796));
#6798=FACE_BOUND('',#6797,.F.);
#6799=ADVANCED_FACE('',(#6792,#6798),#6781,.T.);
#6800=CARTESIAN_POINT('',(0.E0,6.E0,0.E0));
#6801=DIRECTION('',(0.E0,-1.E0,0.E0));
#6802=DIRECTION('',(1.E0,0.E0,0.E0));
#6803=AXIS2_PLACEMENT_3D('',#6800,#6801,#6802);
#6804=PLANE('',#6803);
#6806=ORIENTED_EDGE('',*,*,#6805,.T.);
#6808=ORIENTED_EDGE('',*,*,#6807,.F.);
#6810=ORIENTED_EDGE('',*,*,#6809,.F.);
#6812=ORIENTED_EDGE('',*,*,#6811,.F.);
#6814=ORIENTED_EDGE('',*,*,#6813,.T.);
#6815=EDGE_LOOP('',(#6806,#6808,#6810,#6812,#6814));
#6816=FACE_OUTER_BOUND('',#6815,.F.);
#6818=ORIENTED_EDGE('',*,*,#6817,.T.);
#6820=ORIENTED_EDGE('',*,*,#6819,.T.);
#6821=EDGE_LOOP('',(#6818,#6820));
#6822=FACE_BOUND('',#6821,.F.);
#6823=ADVANCED_FACE('',(#6816,#6822),#6804,.T.);
#6824=CARTESIAN_POINT('',(0.E0,6.E0,0.E0));
#6825=DIRECTION('',(0.E0,-1.E0,0.E0));
#6826=DIRECTION('',(1.E0,0.E0,0.E0));
#6827=AXIS2_PLACEMENT_3D('',#6824,#6825,#6826);
#6828=PLANE('',#6827);
#6830=ORIENTED_EDGE('',*,*,#6829,.T.);
#6832=ORIENTED_EDGE('',*,*,#6831,.F.);
#6834=ORIENTED_EDGE('',*,*,#6833,.F.);
#6836=ORIENTED_EDGE('',*,*,#6835,.F.);
#6838=ORIENTED_EDGE('',*,*,#6837,.F.);
#6839=EDGE_LOOP('',(#6830,#6832,#6834,#6836,#6838));
#6840=FACE_OUTER_BOUND('',#6839,.F.);
#6842=ORIENTED_EDGE('',*,*,#6841,.T.);
#6844=ORIENTED_EDGE('',*,*,#6843,.T.);
#6845=EDGE_LOOP('',(#6842,#6844));
#6846=FACE_BOUND('',#6845,.F.);
#6847=ADVANCED_FACE('',(#6840,#6846),#6828,.T.);
#6848=CARTESIAN_POINT('',(-4.5E1,1.45E1,-3.5E1));
#6849=DIRECTION('',(-1.E0,0.E0,0.E0));
#6850=DIRECTION('',(0.E0,-1.E0,0.E0));
#6851=AXIS2_PLACEMENT_3D('',#6848,#6849,#6850);
#6852=PLANE('',#6851);
#6853=ORIENTED_EDGE('',*,*,#6760,.F.);
#6854=ORIENTED_EDGE('',*,*,#6749,.F.);
#6856=ORIENTED_EDGE('',*,*,#6855,.T.);
#6858=ORIENTED_EDGE('',*,*,#6857,.T.);
#6859=ORIENTED_EDGE('',*,*,#6813,.F.);
#6861=ORIENTED_EDGE('',*,*,#6860,.F.);
#6863=ORIENTED_EDGE('',*,*,#6862,.F.);
#6865=ORIENTED_EDGE('',*,*,#6864,.T.);
#6866=EDGE_LOOP('',(#6853,#6854,#6856,#6858,#6859,#6861,#6863,#6865));
#6867=FACE_OUTER_BOUND('',#6866,.F.);
#6868=ADVANCED_FACE('',(#6867),#6852,.T.);
#6869=CARTESIAN_POINT('',(-4.35E1,1.6E1,-3.5E1));
#6870=DIRECTION('',(-7.071067811865E-1,7.071067811865E-1,0.E0));
#6871=DIRECTION('',(-7.071067811865E-1,-7.071067811865E-1,0.E0));
#6872=AXIS2_PLACEMENT_3D('',#6869,#6870,#6871);
#6873=PLANE('',#6872);
#6874=ORIENTED_EDGE('',*,*,#6747,.F.);
#6876=ORIENTED_EDGE('',*,*,#6875,.T.);
#6878=ORIENTED_EDGE('',*,*,#6877,.T.);
#6879=ORIENTED_EDGE('',*,*,#6855,.F.);
#6880=EDGE_LOOP('',(#6874,#6876,#6878,#6879));
#6881=FACE_OUTER_BOUND('',#6880,.F.);
#6882=ADVANCED_FACE('',(#6881),#6873,.T.);
#6883=CARTESIAN_POINT('',(-2.7E1,1.6E1,-3.5E1));
#6884=DIRECTION('',(0.E0,1.E0,0.E0));
#6885=DIRECTION('',(-1.E0,0.E0,0.E0));
#6886=AXIS2_PLACEMENT_3D('',#6883,#6884,#6885);
#6887=PLANE('',#6886);
#6888=ORIENTED_EDGE('',*,*,#6745,.F.);
#6890=ORIENTED_EDGE('',*,*,#6889,.T.);
#6892=ORIENTED_EDGE('',*,*,#6891,.T.);
#6893=ORIENTED_EDGE('',*,*,#6875,.F.);
#6894=EDGE_LOOP('',(#6888,#6890,#6892,#6893));
#6895=FACE_OUTER_BOUND('',#6894,.F.);
#6897=ORIENTED_EDGE('',*,*,#6896,.F.);
#6899=ORIENTED_EDGE('',*,*,#6898,.F.);
#6900=EDGE_LOOP('',(#6897,#6899));
#6901=FACE_BOUND('',#6900,.F.);
#6903=ORIENTED_EDGE('',*,*,#6902,.F.);
#6905=ORIENTED_EDGE('',*,*,#6904,.F.);
#6906=EDGE_LOOP('',(#6903,#6905));
#6907=FACE_BOUND('',#6906,.F.);
#6908=ADVANCED_FACE('',(#6895,#6901,#6907),#6887,.T.);
#6909=CARTESIAN_POINT('',(-2.65E1,1.55E1,-3.5E1));
#6910=DIRECTION('',(7.071067811865E-1,7.071067811865E-1,0.E0));
#6911=DIRECTION('',(-7.071067811865E-1,7.071067811865E-1,0.E0));
#6912=AXIS2_PLACEMENT_3D('',#6909,#6910,#6911);
#6913=PLANE('',#6912);
#6914=ORIENTED_EDGE('',*,*,#6743,.F.);
#6916=ORIENTED_EDGE('',*,*,#6915,.T.);
#6918=ORIENTED_EDGE('',*,*,#6917,.T.);
#6919=ORIENTED_EDGE('',*,*,#6889,.F.);
#6920=EDGE_LOOP('',(#6914,#6916,#6918,#6919));
#6921=FACE_OUTER_BOUND('',#6920,.F.);
#6922=ADVANCED_FACE('',(#6921),#6913,.T.);
#6923=CARTESIAN_POINT('',(-7.5E0,1.55E1,-3.5E1));
#6924=DIRECTION('',(0.E0,1.E0,0.E0));
#6925=DIRECTION('',(-1.E0,0.E0,0.E0));
#6926=AXIS2_PLACEMENT_3D('',#6923,#6924,#6925);
#6927=PLANE('',#6926);
#6928=ORIENTED_EDGE('',*,*,#6741,.F.);
#6930=ORIENTED_EDGE('',*,*,#6929,.T.);
#6932=ORIENTED_EDGE('',*,*,#6931,.T.);
#6933=ORIENTED_EDGE('',*,*,#6915,.F.);
#6934=EDGE_LOOP('',(#6928,#6930,#6932,#6933));
#6935=FACE_OUTER_BOUND('',#6934,.F.);
#6936=ADVANCED_FACE('',(#6935),#6927,.T.);
#6937=CARTESIAN_POINT('',(-7.E0,1.6E1,-3.5E1));
#6938=DIRECTION('',(-7.071067811865E-1,7.071067811865E-1,0.E0));
#6939=DIRECTION('',(-7.071067811865E-1,-7.071067811865E-1,0.E0));
#6940=AXIS2_PLACEMENT_3D('',#6937,#6938,#6939);
#6941=PLANE('',#6940);
#6942=ORIENTED_EDGE('',*,*,#6739,.F.);
#6944=ORIENTED_EDGE('',*,*,#6943,.T.);
#6946=ORIENTED_EDGE('',*,*,#6945,.T.);
#6947=ORIENTED_EDGE('',*,*,#6929,.F.);
#6948=EDGE_LOOP('',(#6942,#6944,#6946,#6947));
#6949=FACE_OUTER_BOUND('',#6948,.F.);
#6950=ADVANCED_FACE('',(#6949),#6941,.T.);
#6951=CARTESIAN_POINT('',(7.E0,1.6E1,-3.5E1));
#6952=DIRECTION('',(0.E0,1.E0,0.E0));
#6953=DIRECTION('',(-1.E0,0.E0,0.E0));
#6954=AXIS2_PLACEMENT_3D('',#6951,#6952,#6953);
#6955=PLANE('',#6954);
#6956=ORIENTED_EDGE('',*,*,#6737,.F.);
#6958=ORIENTED_EDGE('',*,*,#6957,.T.);
#6960=ORIENTED_EDGE('',*,*,#6959,.T.);
#6961=ORIENTED_EDGE('',*,*,#6943,.F.);
#6962=EDGE_LOOP('',(#6956,#6958,#6960,#6961));
#6963=FACE_OUTER_BOUND('',#6962,.F.);
#6964=ADVANCED_FACE('',(#6963),#6955,.T.);
#6965=CARTESIAN_POINT('',(7.5E0,1.55E1,-3.5E1));
#6966=DIRECTION('',(7.071067811865E-1,7.071067811865E-1,0.E0));
#6967=DIRECTION('',(-7.071067811865E-1,7.071067811865E-1,0.E0));
#6968=AXIS2_PLACEMENT_3D('',#6965,#6966,#6967);
#6969=PLANE('',#6968);
#6970=ORIENTED_EDGE('',*,*,#6735,.F.);
#6972=ORIENTED_EDGE('',*,*,#6971,.T.);
#6974=ORIENTED_EDGE('',*,*,#6973,.T.);
#6975=ORIENTED_EDGE('',*,*,#6957,.F.);
#6976=EDGE_LOOP('',(#6970,#6972,#6974,#6975));
#6977=FACE_OUTER_BOUND('',#6976,.F.);
#6978=ADVANCED_FACE('',(#6977),#6969,.T.);
#6979=CARTESIAN_POINT('',(2.65E1,1.55E1,-3.5E1));
#6980=DIRECTION('',(0.E0,1.E0,0.E0));
#6981=DIRECTION('',(-1.E0,0.E0,0.E0));
#6982=AXIS2_PLACEMENT_3D('',#6979,#6980,#6981);
#6983=PLANE('',#6982);
#6984=ORIENTED_EDGE('',*,*,#6733,.F.);
#6986=ORIENTED_EDGE('',*,*,#6985,.T.);
#6988=ORIENTED_EDGE('',*,*,#6987,.T.);
#6989=ORIENTED_EDGE('',*,*,#6971,.F.);
#6990=EDGE_LOOP('',(#6984,#6986,#6988,#6989));
#6991=FACE_OUTER_BOUND('',#6990,.F.);
#6992=ADVANCED_FACE('',(#6991),#6983,.T.);
#6993=CARTESIAN_POINT('',(2.7E1,1.6E1,-3.5E1));
#6994=DIRECTION('',(-7.071067811865E-1,7.071067811865E-1,0.E0));
#6995=DIRECTION('',(-7.071067811865E-1,-7.071067811865E-1,0.E0));
#6996=AXIS2_PLACEMENT_3D('',#6993,#6994,#6995);
#6997=PLANE('',#6996);
#6998=ORIENTED_EDGE('',*,*,#6731,.F.);
#7000=ORIENTED_EDGE('',*,*,#6999,.T.);
#7002=ORIENTED_EDGE('',*,*,#7001,.T.);
#7003=ORIENTED_EDGE('',*,*,#6985,.F.);
#7004=EDGE_LOOP('',(#6998,#7000,#7002,#7003));
#7005=FACE_OUTER_BOUND('',#7004,.F.);
#7006=ADVANCED_FACE('',(#7005),#6997,.T.);
#7007=CARTESIAN_POINT('',(4.35E1,1.6E1,-3.5E1));
#7008=DIRECTION('',(0.E0,1.E0,0.E0));
#7009=DIRECTION('',(-1.E0,0.E0,0.E0));
#7010=AXIS2_PLACEMENT_3D('',#7007,#7008,#7009);
#7011=PLANE('',#7010);
#7012=ORIENTED_EDGE('',*,*,#6729,.F.);
#7014=ORIENTED_EDGE('',*,*,#7013,.T.);
#7016=ORIENTED_EDGE('',*,*,#7015,.T.);
#7017=ORIENTED_EDGE('',*,*,#6999,.F.);
#7018=EDGE_LOOP('',(#7012,#7014,#7016,#7017));
#7019=FACE_OUTER_BOUND('',#7018,.F.);
#7021=ORIENTED_EDGE('',*,*,#7020,.F.);
#7023=ORIENTED_EDGE('',*,*,#7022,.F.);
#7024=EDGE_LOOP('',(#7021,#7023));
#7025=FACE_BOUND('',#7024,.F.);
#7027=ORIENTED_EDGE('',*,*,#7026,.F.);
#7029=ORIENTED_EDGE('',*,*,#7028,.F.);
#7030=EDGE_LOOP('',(#7027,#7029));
#7031=FACE_BOUND('',#7030,.F.);
#7032=ADVANCED_FACE('',(#7019,#7025,#7031),#7011,.T.);
#7033=CARTESIAN_POINT('',(4.5E1,1.45E1,-3.5E1));
#7034=DIRECTION('',(7.071067811865E-1,7.071067811865E-1,0.E0));
#7035=DIRECTION('',(-7.071067811865E-1,7.071067811865E-1,0.E0));
#7036=AXIS2_PLACEMENT_3D('',#7033,#7034,#7035);
#7037=PLANE('',#7036);
#7038=ORIENTED_EDGE('',*,*,#6727,.F.);
#7040=ORIENTED_EDGE('',*,*,#7039,.T.);
#7042=ORIENTED_EDGE('',*,*,#7041,.T.);
#7043=ORIENTED_EDGE('',*,*,#7013,.F.);
#7044=EDGE_LOOP('',(#7038,#7040,#7042,#7043));
#7045=FACE_OUTER_BOUND('',#7044,.F.);
#7046=ADVANCED_FACE('',(#7045),#7037,.T.);
#7047=CARTESIAN_POINT('',(4.5E1,7.5E0,-3.5E1));
#7048=DIRECTION('',(1.E0,0.E0,0.E0));
#7049=DIRECTION('',(0.E0,1.E0,0.E0));
#7050=AXIS2_PLACEMENT_3D('',#7047,#7048,#7049);
#7051=PLANE('',#7050);
#7052=ORIENTED_EDGE('',*,*,#6725,.F.);
#7054=ORIENTED_EDGE('',*,*,#7053,.T.);
#7056=ORIENTED_EDGE('',*,*,#7055,.T.);
#7057=ORIENTED_EDGE('',*,*,#7039,.F.);
#7058=EDGE_LOOP('',(#7052,#7054,#7056,#7057));
#7059=FACE_OUTER_BOUND('',#7058,.F.);
#7060=ADVANCED_FACE('',(#7059),#7051,.T.);
#7061=CARTESIAN_POINT('',(4.45E1,7.E0,-3.5E1));
#7062=DIRECTION('',(7.071067811866E-1,-7.071067811865E-1,0.E0));
#7063=DIRECTION('',(7.071067811865E-1,7.071067811866E-1,0.E0));
#7064=AXIS2_PLACEMENT_3D('',#7061,#7062,#7063);
#7065=PLANE('',#7064);
#7066=ORIENTED_EDGE('',*,*,#6723,.F.);
#7068=ORIENTED_EDGE('',*,*,#7067,.T.);
#7070=ORIENTED_EDGE('',*,*,#7069,.T.);
#7071=ORIENTED_EDGE('',*,*,#7053,.F.);
#7072=EDGE_LOOP('',(#7066,#7068,#7070,#7071));
#7073=FACE_OUTER_BOUND('',#7072,.F.);
#7074=ADVANCED_FACE('',(#7073),#7065,.T.);
#7075=CARTESIAN_POINT('',(4.45E1,9.999999999999E-1,-3.5E1));
#7076=DIRECTION('',(1.E0,0.E0,0.E0));
#7077=DIRECTION('',(0.E0,1.E0,0.E0));
#7078=AXIS2_PLACEMENT_3D('',#7075,#7076,#7077);
#7079=PLANE('',#7078);
#7080=ORIENTED_EDGE('',*,*,#6789,.T.);
#7082=ORIENTED_EDGE('',*,*,#7081,.F.);
#7084=ORIENTED_EDGE('',*,*,#7083,.T.);
#7086=ORIENTED_EDGE('',*,*,#7085,.T.);
#7087=ORIENTED_EDGE('',*,*,#6831,.T.);
#7089=ORIENTED_EDGE('',*,*,#7088,.T.);
#7090=ORIENTED_EDGE('',*,*,#7067,.F.);
#7091=ORIENTED_EDGE('',*,*,#6721,.F.);
#7092=EDGE_LOOP('',(#7080,#7082,#7084,#7086,#7087,#7089,#7090,#7091));
#7093=FACE_OUTER_BOUND('',#7092,.F.);
#7094=ADVANCED_FACE('',(#7093),#7079,.T.);
#7095=CARTESIAN_POINT('',(4.5E1,-2.E1,-1.9E1));
#7096=DIRECTION('',(0.E0,0.E0,1.E0));
#7097=DIRECTION('',(-1.E0,0.E0,0.E0));
#7098=AXIS2_PLACEMENT_3D('',#7095,#7096,#7097);
#7099=PLANE('',#7098);
#7101=ORIENTED_EDGE('',*,*,#7100,.F.);
#7103=ORIENTED_EDGE('',*,*,#7102,.T.);
#7105=ORIENTED_EDGE('',*,*,#7104,.T.);
#7106=ORIENTED_EDGE('',*,*,#7081,.T.);
#7107=ORIENTED_EDGE('',*,*,#6787,.T.);
#7109=ORIENTED_EDGE('',*,*,#7108,.F.);
#7110=EDGE_LOOP('',(#7101,#7103,#7105,#7106,#7107,#7109));
#7111=FACE_OUTER_BOUND('',#7110,.F.);
#7112=ADVANCED_FACE('',(#7111),#7099,.F.);
#7113=CARTESIAN_POINT('',(3.650935212614E1,-2.5E0,-3.5E1));
#7114=DIRECTION('',(0.E0,0.E0,1.E0));
#7115=DIRECTION('',(1.E0,0.E0,0.E0));
#7116=AXIS2_PLACEMENT_3D('',#7113,#7114,#7115);
#7117=CYLINDRICAL_SURFACE('',#7116,2.5E0);
#7119=ORIENTED_EDGE('',*,*,#7118,.F.);
#7121=ORIENTED_EDGE('',*,*,#7120,.F.);
#7123=ORIENTED_EDGE('',*,*,#7122,.F.);
#7124=ORIENTED_EDGE('',*,*,#7100,.T.);
#7126=ORIENTED_EDGE('',*,*,#7125,.F.);
#7128=ORIENTED_EDGE('',*,*,#7127,.T.);
#7129=EDGE_LOOP('',(#7119,#7121,#7123,#7124,#7126,#7128));
#7130=FACE_OUTER_BOUND('',#7129,.F.);
#7131=ADVANCED_FACE('',(#7130),#7117,.F.);
#7132=CARTESIAN_POINT('',(3.6E1,-2.E1,2.6E1));
#7133=DIRECTION('',(0.E0,-1.E0,0.E0));
#7134=DIRECTION('',(1.E0,0.E0,0.E0));
#7135=AXIS2_PLACEMENT_3D('',#7132,#7133,#7134);
#7136=CYLINDRICAL_SURFACE('',#7135,7.E0);
#7138=ORIENTED_EDGE('',*,*,#7137,.F.);
#7140=ORIENTED_EDGE('',*,*,#7139,.F.);
#7142=ORIENTED_EDGE('',*,*,#7141,.T.);
#7143=ORIENTED_EDGE('',*,*,#6835,.T.);
#7145=ORIENTED_EDGE('',*,*,#7144,.F.);
#7146=ORIENTED_EDGE('',*,*,#7118,.T.);
#7148=ORIENTED_EDGE('',*,*,#7147,.F.);
#7149=EDGE_LOOP('',(#7138,#7140,#7142,#7143,#7145,#7146,#7148));
#7150=FACE_OUTER_BOUND('',#7149,.F.);
#7151=ADVANCED_FACE('',(#7150),#7136,.F.);
#7152=CARTESIAN_POINT('',(2.723181944288E1,-2.000086346477E1,-3.5E1));
#7153=DIRECTION('',(6.087614290087E-1,-7.933533402912E-1,0.E0));
#7154=DIRECTION('',(7.933533402912E-1,6.087614290087E-1,0.E0));
#7155=AXIS2_PLACEMENT_3D('',#7152,#7153,#7154);
#7156=PLANE('',#7155);
#7157=ORIENTED_EDGE('',*,*,#7137,.T.);
#7159=ORIENTED_EDGE('',*,*,#7158,.F.);
#7161=ORIENTED_EDGE('',*,*,#7160,.T.);
#7163=ORIENTED_EDGE('',*,*,#7162,.F.);
#7164=ORIENTED_EDGE('',*,*,#6713,.F.);
#7166=ORIENTED_EDGE('',*,*,#7165,.T.);
#7168=ORIENTED_EDGE('',*,*,#7167,.T.);
#7170=ORIENTED_EDGE('',*,*,#7169,.F.);
#7171=EDGE_LOOP('',(#7157,#7159,#7161,#7163,#7164,#7166,#7168,#7170));
#7172=FACE_OUTER_BOUND('',#7171,.F.);
#7173=ADVANCED_FACE('',(#7172),#7156,.T.);
#7174=CARTESIAN_POINT('',(2.974968889777E1,-1.806814834742E1,-3.5E1));
#7175=DIRECTION('',(9.659258262891E-1,-2.588190451025E-1,0.E0));
#7176=DIRECTION('',(2.588190451025E-1,9.659258262891E-1,0.E0));
#7177=AXIS2_PLACEMENT_3D('',#7174,#7175,#7176);
#7178=PLANE('',#7177);
#7180=ORIENTED_EDGE('',*,*,#7179,.T.);
#7181=ORIENTED_EDGE('',*,*,#7139,.T.);
#7182=ORIENTED_EDGE('',*,*,#7169,.T.);
#7184=ORIENTED_EDGE('',*,*,#7183,.T.);
#7185=EDGE_LOOP('',(#7180,#7181,#7182,#7184));
#7186=FACE_OUTER_BOUND('',#7185,.F.);
#7187=ADVANCED_FACE('',(#7186),#7178,.T.);
#7188=CARTESIAN_POINT('',(2.974968889777E1,-1.806814834742E1,-3.5E1));
#7189=DIRECTION('',(9.659258262891E-1,-2.588190451025E-1,0.E0));
#7190=DIRECTION('',(2.588190451025E-1,9.659258262891E-1,0.E0));
#7191=AXIS2_PLACEMENT_3D('',#7188,#7189,#7190);
#7192=PLANE('',#7191);
#7193=ORIENTED_EDGE('',*,*,#7147,.T.);
#7194=ORIENTED_EDGE('',*,*,#7127,.F.);
#7196=ORIENTED_EDGE('',*,*,#7195,.T.);
#7197=ORIENTED_EDGE('',*,*,#7158,.T.);
#7198=EDGE_LOOP('',(#7193,#7194,#7196,#7197));
#7199=FACE_OUTER_BOUND('',#7198,.F.);
#7200=ADVANCED_FACE('',(#7199),#7192,.T.);
#7201=CARTESIAN_POINT('',(2.974968889777E1,-1.806814834742E1,-3.5E1));
#7202=DIRECTION('',(9.659258262891E-1,-2.588190451025E-1,0.E0));
#7203=DIRECTION('',(2.588190451025E-1,9.659258262891E-1,0.E0));
#7204=AXIS2_PLACEMENT_3D('',#7201,#7202,#7203);
#7205=PLANE('',#7204);
#7207=ORIENTED_EDGE('',*,*,#7206,.T.);
#7209=ORIENTED_EDGE('',*,*,#7208,.F.);
#7210=ORIENTED_EDGE('',*,*,#6715,.F.);
#7211=ORIENTED_EDGE('',*,*,#7162,.T.);
#7212=EDGE_LOOP('',(#7207,#7209,#7210,#7211));
#7213=FACE_OUTER_BOUND('',#7212,.F.);
#7214=ADVANCED_FACE('',(#7213),#7205,.T.);
#7215=CARTESIAN_POINT('',(3.4E1,-2.E1,3.5E1));
#7216=DIRECTION('',(-1.E0,0.E0,0.E0));
#7217=DIRECTION('',(0.E0,0.E0,-1.E0));
#7218=AXIS2_PLACEMENT_3D('',#7215,#7216,#7217);
#7219=PLANE('',#7218);
#7221=ORIENTED_EDGE('',*,*,#7220,.T.);
#7222=ORIENTED_EDGE('',*,*,#6837,.T.);
#7223=ORIENTED_EDGE('',*,*,#7141,.F.);
#7224=ORIENTED_EDGE('',*,*,#7179,.F.);
#7225=EDGE_LOOP('',(#7221,#7222,#7223,#7224));
#7226=FACE_OUTER_BOUND('',#7225,.F.);
#7227=ADVANCED_FACE('',(#7226),#7219,.F.);
#7228=CARTESIAN_POINT('',(0.E0,0.E0,3.5E1));
#7229=DIRECTION('',(0.E0,0.E0,1.E0));
#7230=DIRECTION('',(1.E0,0.E0,0.E0));
#7231=AXIS2_PLACEMENT_3D('',#7228,#7229,#7230);
#7232=PLANE('',#7231);
#7233=ORIENTED_EDGE('',*,*,#6805,.F.);
#7234=ORIENTED_EDGE('',*,*,#6857,.F.);
#7235=ORIENTED_EDGE('',*,*,#6877,.F.);
#7236=ORIENTED_EDGE('',*,*,#6891,.F.);
#7237=ORIENTED_EDGE('',*,*,#6917,.F.);
#7238=ORIENTED_EDGE('',*,*,#6931,.F.);
#7239=ORIENTED_EDGE('',*,*,#6945,.F.);
#7240=ORIENTED_EDGE('',*,*,#6959,.F.);
#7241=ORIENTED_EDGE('',*,*,#6973,.F.);
#7242=ORIENTED_EDGE('',*,*,#6987,.F.);
#7243=ORIENTED_EDGE('',*,*,#7001,.F.);
#7244=ORIENTED_EDGE('',*,*,#7015,.F.);
#7245=ORIENTED_EDGE('',*,*,#7041,.F.);
#7246=ORIENTED_EDGE('',*,*,#7055,.F.);
#7247=ORIENTED_EDGE('',*,*,#7069,.F.);
#7248=ORIENTED_EDGE('',*,*,#7088,.F.);
#7249=ORIENTED_EDGE('',*,*,#6829,.F.);
#7250=ORIENTED_EDGE('',*,*,#7220,.F.);
#7251=ORIENTED_EDGE('',*,*,#7183,.F.);
#7252=ORIENTED_EDGE('',*,*,#7167,.F.);
#7254=ORIENTED_EDGE('',*,*,#7253,.F.);
#7256=ORIENTED_EDGE('',*,*,#7255,.T.);
#7258=ORIENTED_EDGE('',*,*,#7257,.T.);
#7260=ORIENTED_EDGE('',*,*,#7259,.T.);
#7262=ORIENTED_EDGE('',*,*,#7261,.T.);
#7264=ORIENTED_EDGE('',*,*,#7263,.T.);
#7266=ORIENTED_EDGE('',*,*,#7265,.T.);
#7268=ORIENTED_EDGE('',*,*,#7267,.T.);
#7270=ORIENTED_EDGE('',*,*,#7269,.T.);
#7272=ORIENTED_EDGE('',*,*,#7271,.T.);
#7274=ORIENTED_EDGE('',*,*,#7273,.T.);
#7276=ORIENTED_EDGE('',*,*,#7275,.T.);
#7278=ORIENTED_EDGE('',*,*,#7277,.F.);
#7280=ORIENTED_EDGE('',*,*,#7279,.F.);
#7282=ORIENTED_EDGE('',*,*,#7281,.F.);
#7284=ORIENTED_EDGE('',*,*,#7283,.T.);
#7285=EDGE_LOOP('',(#7233,#7234,#7235,#7236,#7237,#7238,#7239,#7240,#7241,#7242,
#7243,#7244,#7245,#7246,#7247,#7248,#7249,#7250,#7251,#7252,#7254,#7256,#7258,
#7260,#7262,#7264,#7266,#7268,#7270,#7272,#7274,#7276,#7278,#7280,#7282,#7284));
#7286=FACE_OUTER_BOUND('',#7285,.F.);
#7287=ADVANCED_FACE('',(#7286),#7232,.T.);
#7288=CARTESIAN_POINT('',(1.344109965474E1,-2.E1,-3.5E1));
#7289=DIRECTION('',(0.E0,-1.E0,0.E0));
#7290=DIRECTION('',(1.E0,0.E0,0.E0));
#7291=AXIS2_PLACEMENT_3D('',#7288,#7289,#7290);
#7292=PLANE('',#7291);
#7293=ORIENTED_EDGE('',*,*,#6711,.F.);
#7295=ORIENTED_EDGE('',*,*,#7294,.T.);
#7297=ORIENTED_EDGE('',*,*,#7296,.F.);
#7299=ORIENTED_EDGE('',*,*,#7298,.T.);
#7301=ORIENTED_EDGE('',*,*,#7300,.T.);
#7303=ORIENTED_EDGE('',*,*,#7302,.F.);
#7304=ORIENTED_EDGE('',*,*,#7253,.T.);
#7305=ORIENTED_EDGE('',*,*,#7165,.F.);
#7306=EDGE_LOOP('',(#7293,#7295,#7297,#7299,#7301,#7303,#7304,#7305));
#7307=FACE_OUTER_BOUND('',#7306,.F.);
#7308=ADVANCED_FACE('',(#7307),#7292,.T.);
#7309=CARTESIAN_POINT('',(2.692406598465E1,-2.E1,-3.5E1));
#7310=DIRECTION('',(-7.071067811865E-1,7.071067811865E-1,0.E0));
#7311=DIRECTION('',(7.071067811865E-1,7.071067811865E-1,0.E0));
#7312=AXIS2_PLACEMENT_3D('',#7309,#7310,#7311);
#7313=PLANE('',#7312);
#7314=ORIENTED_EDGE('',*,*,#6709,.T.);
#7316=ORIENTED_EDGE('',*,*,#7315,.T.);
#7318=ORIENTED_EDGE('',*,*,#7317,.F.);
#7319=ORIENTED_EDGE('',*,*,#7294,.F.);
#7320=EDGE_LOOP('',(#7314,#7316,#7318,#7319));
#7321=FACE_OUTER_BOUND('',#7320,.F.);
#7322=ADVANCED_FACE('',(#7321),#7313,.F.);
#7323=CARTESIAN_POINT('',(2.896328498261E1,-1.796078100204E1,-3.5E1));
#7324=DIRECTION('',(-1.E0,0.E0,0.E0));
#7325=DIRECTION('',(0.E0,1.E0,0.E0));
#7326=AXIS2_PLACEMENT_3D('',#7323,#7324,#7325);
#7327=PLANE('',#7326);
#7328=ORIENTED_EDGE('',*,*,#6707,.T.);
#7330=ORIENTED_EDGE('',*,*,#7329,.T.);
#7332=ORIENTED_EDGE('',*,*,#7331,.F.);
#7333=ORIENTED_EDGE('',*,*,#7315,.F.);
#7334=EDGE_LOOP('',(#7328,#7330,#7332,#7333));
#7335=FACE_OUTER_BOUND('',#7334,.F.);
#7336=ADVANCED_FACE('',(#7335),#7327,.F.);
#7337=CARTESIAN_POINT('',(2.896328498261E1,1.303921899796E1,-3.5E1));
#7338=DIRECTION('',(-7.071067811865E-1,-7.071067811865E-1,0.E0));
#7339=DIRECTION('',(-7.071067811865E-1,7.071067811865E-1,0.E0));
#7340=AXIS2_PLACEMENT_3D('',#7337,#7338,#7339);
#7341=PLANE('',#7340);
#7342=ORIENTED_EDGE('',*,*,#6705,.T.);
#7344=ORIENTED_EDGE('',*,*,#7343,.T.);
#7346=ORIENTED_EDGE('',*,*,#7345,.F.);
#7347=ORIENTED_EDGE('',*,*,#7329,.F.);
#7348=EDGE_LOOP('',(#7342,#7344,#7346,#7347));
#7349=FACE_OUTER_BOUND('',#7348,.F.);
#7350=ADVANCED_FACE('',(#7349),#7341,.F.);
#7351=CARTESIAN_POINT('',(2.696328498261E1,1.503921899796E1,-3.5E1));
#7352=DIRECTION('',(0.E0,-1.E0,0.E0));
#7353=DIRECTION('',(-1.E0,0.E0,0.E0));
#7354=AXIS2_PLACEMENT_3D('',#7351,#7352,#7353);
#7355=PLANE('',#7354);
#7356=ORIENTED_EDGE('',*,*,#6703,.T.);
#7358=ORIENTED_EDGE('',*,*,#7357,.T.);
#7360=ORIENTED_EDGE('',*,*,#7359,.F.);
#7361=ORIENTED_EDGE('',*,*,#7343,.F.);
#7362=EDGE_LOOP('',(#7356,#7358,#7360,#7361));
#7363=FACE_OUTER_BOUND('',#7362,.F.);
#7364=ADVANCED_FACE('',(#7363),#7355,.F.);
#7365=CARTESIAN_POINT('',(5.263284982607E0,1.503921899796E1,-3.5E1));
#7366=DIRECTION('',(-7.071067811865E-1,-7.071067811865E-1,0.E0));
#7367=DIRECTION('',(-7.071067811865E-1,7.071067811865E-1,0.E0));
#7368=AXIS2_PLACEMENT_3D('',#7365,#7366,#7367);
#7369=PLANE('',#7368);
#7370=ORIENTED_EDGE('',*,*,#6701,.T.);
#7372=ORIENTED_EDGE('',*,*,#7371,.T.);
#7374=ORIENTED_EDGE('',*,*,#7373,.F.);
#7375=ORIENTED_EDGE('',*,*,#7357,.F.);
#7376=EDGE_LOOP('',(#7370,#7372,#7374,#7375));
#7377=FACE_OUTER_BOUND('',#7376,.F.);
#7378=ADVANCED_FACE('',(#7377),#7369,.F.);
#7379=CARTESIAN_POINT('',(4.463284982607E0,1.583921899796E1,-3.5E1));
#7380=DIRECTION('',(0.E0,-1.E0,0.E0));
#7381=DIRECTION('',(-1.E0,0.E0,0.E0));
#7382=AXIS2_PLACEMENT_3D('',#7379,#7380,#7381);
#7383=PLANE('',#7382);
#7384=ORIENTED_EDGE('',*,*,#6699,.T.);
#7386=ORIENTED_EDGE('',*,*,#7385,.T.);
#7388=ORIENTED_EDGE('',*,*,#7387,.F.);
#7389=ORIENTED_EDGE('',*,*,#7371,.F.);
#7390=EDGE_LOOP('',(#7384,#7386,#7388,#7389));
#7391=FACE_OUTER_BOUND('',#7390,.F.);
#7392=ADVANCED_FACE('',(#7391),#7383,.F.);
#7393=CARTESIAN_POINT('',(-4.536715017393E0,1.583921899796E1,-3.5E1));
#7394=DIRECTION('',(7.071067811865E-1,-7.071067811865E-1,0.E0));
#7395=DIRECTION('',(-7.071067811865E-1,-7.071067811865E-1,0.E0));
#7396=AXIS2_PLACEMENT_3D('',#7393,#7394,#7395);
#7397=PLANE('',#7396);
#7398=ORIENTED_EDGE('',*,*,#6697,.T.);
#7400=ORIENTED_EDGE('',*,*,#7399,.T.);
#7402=ORIENTED_EDGE('',*,*,#7401,.F.);
#7403=ORIENTED_EDGE('',*,*,#7385,.F.);
#7404=EDGE_LOOP('',(#7398,#7400,#7402,#7403));
#7405=FACE_OUTER_BOUND('',#7404,.F.);
#7406=ADVANCED_FACE('',(#7405),#7397,.F.);
#7407=CARTESIAN_POINT('',(-5.336715017393E0,1.503921899796E1,-3.5E1));
#7408=DIRECTION('',(0.E0,-1.E0,0.E0));
#7409=DIRECTION('',(-1.E0,0.E0,0.E0));
#7410=AXIS2_PLACEMENT_3D('',#7407,#7408,#7409);
#7411=PLANE('',#7410);
#7412=ORIENTED_EDGE('',*,*,#6695,.T.);
#7414=ORIENTED_EDGE('',*,*,#7413,.T.);
#7416=ORIENTED_EDGE('',*,*,#7415,.F.);
#7417=ORIENTED_EDGE('',*,*,#7399,.F.);
#7418=EDGE_LOOP('',(#7412,#7414,#7416,#7417));
#7419=FACE_OUTER_BOUND('',#7418,.F.);
#7420=ADVANCED_FACE('',(#7419),#7411,.F.);
#7421=CARTESIAN_POINT('',(-2.703671501739E1,1.503921899796E1,-3.5E1));
#7422=DIRECTION('',(7.071067811865E-1,-7.071067811865E-1,0.E0));
#7423=DIRECTION('',(-7.071067811865E-1,-7.071067811865E-1,0.E0));
#7424=AXIS2_PLACEMENT_3D('',#7421,#7422,#7423);
#7425=PLANE('',#7424);
#7426=ORIENTED_EDGE('',*,*,#6693,.T.);
#7428=ORIENTED_EDGE('',*,*,#7427,.T.);
#7430=ORIENTED_EDGE('',*,*,#7429,.F.);
#7431=ORIENTED_EDGE('',*,*,#7413,.F.);
#7432=EDGE_LOOP('',(#7426,#7428,#7430,#7431));
#7433=FACE_OUTER_BOUND('',#7432,.F.);
#7434=ADVANCED_FACE('',(#7433),#7425,.F.);
#7435=CARTESIAN_POINT('',(-2.903671501739E1,1.303921899796E1,-3.5E1));
#7436=DIRECTION('',(1.E0,0.E0,0.E0));
#7437=DIRECTION('',(0.E0,-1.E0,0.E0));
#7438=AXIS2_PLACEMENT_3D('',#7435,#7436,#7437);
#7439=PLANE('',#7438);
#7440=ORIENTED_EDGE('',*,*,#6691,.T.);
#7442=ORIENTED_EDGE('',*,*,#7441,.T.);
#7444=ORIENTED_EDGE('',*,*,#7443,.F.);
#7445=ORIENTED_EDGE('',*,*,#7427,.F.);
#7446=EDGE_LOOP('',(#7440,#7442,#7444,#7445));
#7447=FACE_OUTER_BOUND('',#7446,.F.);
#7448=ADVANCED_FACE('',(#7447),#7439,.F.);
#7449=CARTESIAN_POINT('',(-2.903671501739E1,-1.796078100204E1,-3.5E1));
#7450=DIRECTION('',(7.071067811865E-1,7.071067811865E-1,0.E0));
#7451=DIRECTION('',(7.071067811865E-1,-7.071067811865E-1,0.E0));
#7452=AXIS2_PLACEMENT_3D('',#7449,#7450,#7451);
#7453=PLANE('',#7452);
#7454=ORIENTED_EDGE('',*,*,#6689,.T.);
#7456=ORIENTED_EDGE('',*,*,#7455,.T.);
#7458=ORIENTED_EDGE('',*,*,#7457,.F.);
#7459=ORIENTED_EDGE('',*,*,#7441,.F.);
#7460=EDGE_LOOP('',(#7454,#7456,#7458,#7459));
#7461=FACE_OUTER_BOUND('',#7460,.F.);
#7462=ADVANCED_FACE('',(#7461),#7453,.F.);
#7463=CARTESIAN_POINT('',(-2.723205080757E1,-2.E1,-3.5E1));
#7464=DIRECTION('',(0.E0,-1.E0,0.E0));
#7465=DIRECTION('',(1.E0,0.E0,0.E0));
#7466=AXIS2_PLACEMENT_3D('',#7463,#7464,#7465);
#7467=PLANE('',#7466);
#7469=ORIENTED_EDGE('',*,*,#7468,.F.);
#7471=ORIENTED_EDGE('',*,*,#7470,.F.);
#7472=ORIENTED_EDGE('',*,*,#7455,.F.);
#7473=ORIENTED_EDGE('',*,*,#6687,.F.);
#7475=ORIENTED_EDGE('',*,*,#7474,.T.);
#7476=ORIENTED_EDGE('',*,*,#7277,.T.);
#7478=ORIENTED_EDGE('',*,*,#7477,.T.);
#7480=ORIENTED_EDGE('',*,*,#7479,.T.);
#7481=EDGE_LOOP('',(#7469,#7471,#7472,#7473,#7475,#7476,#7478,#7480));
#7482=FACE_OUTER_BOUND('',#7481,.F.);
#7483=ADVANCED_FACE('',(#7482),#7467,.T.);
#7484=CARTESIAN_POINT('',(-1.344109965474E1,-2.E1,-3.5E1));
#7485=DIRECTION('',(7.071067811865E-1,-7.071067811866E-1,0.E0));
#7486=DIRECTION('',(7.071067811866E-1,7.071067811865E-1,0.E0));
#7487=AXIS2_PLACEMENT_3D('',#7484,#7485,#7486);
#7488=PLANE('',#7487);
#7490=ORIENTED_EDGE('',*,*,#7489,.F.);
#7492=ORIENTED_EDGE('',*,*,#7491,.F.);
#7493=ORIENTED_EDGE('',*,*,#7468,.T.);
#7495=ORIENTED_EDGE('',*,*,#7494,.T.);
#7496=EDGE_LOOP('',(#7490,#7492,#7493,#7495));
#7497=FACE_OUTER_BOUND('',#7496,.F.);
#7498=ADVANCED_FACE('',(#7497),#7488,.T.);
#7499=CARTESIAN_POINT('',(-1.01E1,-1.552752949536E1,-3.5E1));
#7500=DIRECTION('',(0.E0,0.E0,1.E0));
#7501=DIRECTION('',(1.E0,0.E0,0.E0));
#7502=AXIS2_PLACEMENT_3D('',#7499,#7500,#7501);
#7503=CYLINDRICAL_SURFACE('',#7502,8.E-1);
#7505=ORIENTED_EDGE('',*,*,#7504,.F.);
#7507=ORIENTED_EDGE('',*,*,#7506,.F.);
#7508=ORIENTED_EDGE('',*,*,#7489,.T.);
#7510=ORIENTED_EDGE('',*,*,#7509,.T.);
#7511=EDGE_LOOP('',(#7505,#7507,#7508,#7510));
#7512=FACE_OUTER_BOUND('',#7511,.F.);
#7513=ADVANCED_FACE('',(#7512),#7503,.T.);
#7514=CARTESIAN_POINT('',(-9.3E0,-1.552752949536E1,-3.5E1));
#7515=DIRECTION('',(1.E0,0.E0,0.E0));
#7516=DIRECTION('',(0.E0,1.E0,0.E0));
#7517=AXIS2_PLACEMENT_3D('',#7514,#7515,#7516);
#7518=PLANE('',#7517);
#7520=ORIENTED_EDGE('',*,*,#7519,.F.);
#7522=ORIENTED_EDGE('',*,*,#7521,.F.);
#7523=ORIENTED_EDGE('',*,*,#7504,.T.);
#7525=ORIENTED_EDGE('',*,*,#7524,.T.);
#7526=EDGE_LOOP('',(#7520,#7522,#7523,#7525));
#7527=FACE_OUTER_BOUND('',#7526,.F.);
#7528=ADVANCED_FACE('',(#7527),#7518,.T.);
#7529=CARTESIAN_POINT('',(-1.01E1,-1.229305139510E1,-3.5E1));
#7530=DIRECTION('',(0.E0,0.E0,1.E0));
#7531=DIRECTION('',(1.E0,0.E0,0.E0));
#7532=AXIS2_PLACEMENT_3D('',#7529,#7530,#7531);
#7533=CYLINDRICAL_SURFACE('',#7532,8.E-1);
#7535=ORIENTED_EDGE('',*,*,#7534,.F.);
#7537=ORIENTED_EDGE('',*,*,#7536,.F.);
#7538=ORIENTED_EDGE('',*,*,#7519,.T.);
#7540=ORIENTED_EDGE('',*,*,#7539,.T.);
#7541=EDGE_LOOP('',(#7535,#7537,#7538,#7540));
#7542=FACE_OUTER_BOUND('',#7541,.F.);
#7543=ADVANCED_FACE('',(#7542),#7533,.T.);
#7544=CARTESIAN_POINT('',(-9.534314575051E0,-1.172736597015E1,-3.5E1));
#7545=DIRECTION('',(7.071067811867E-1,7.071067811864E-1,0.E0));
#7546=DIRECTION('',(-7.071067811864E-1,7.071067811867E-1,0.E0));
#7547=AXIS2_PLACEMENT_3D('',#7544,#7545,#7546);
#7548=PLANE('',#7547);
#7550=ORIENTED_EDGE('',*,*,#7549,.F.);
#7552=ORIENTED_EDGE('',*,*,#7551,.F.);
#7553=ORIENTED_EDGE('',*,*,#7534,.T.);
#7555=ORIENTED_EDGE('',*,*,#7554,.T.);
#7556=EDGE_LOOP('',(#7550,#7552,#7553,#7555));
#7557=FACE_OUTER_BOUND('',#7556,.F.);
#7558=ADVANCED_FACE('',(#7557),#7548,.T.);
#7559=CARTESIAN_POINT('',(-9.323523503670E0,-1.108962890411E1,-3.5E1));
#7560=DIRECTION('',(0.E0,0.E0,1.E0));
#7561=DIRECTION('',(1.E0,0.E0,0.E0));
#7562=AXIS2_PLACEMENT_3D('',#7559,#7560,#7561);
#7563=CYLINDRICAL_SURFACE('',#7562,6.E-1);
#7565=ORIENTED_EDGE('',*,*,#7564,.F.);
#7567=ORIENTED_EDGE('',*,*,#7566,.F.);
#7568=ORIENTED_EDGE('',*,*,#7549,.T.);
#7570=ORIENTED_EDGE('',*,*,#7569,.T.);
#7571=EDGE_LOOP('',(#7565,#7567,#7568,#7570));
#7572=FACE_OUTER_BOUND('',#7571,.F.);
#7573=ADVANCED_FACE('',(#7572),#7563,.F.);
#7574=CARTESIAN_POINT('',(-1.272671501739E1,-1.151763301739E1,-3.5E1));
#7575=DIRECTION('',(0.E0,0.E0,1.E0));
#7576=DIRECTION('',(1.E0,0.E0,0.E0));
#7577=AXIS2_PLACEMENT_3D('',#7574,#7575,#7576);
#7578=CYLINDRICAL_SURFACE('',#7577,2.83E0);
#7580=ORIENTED_EDGE('',*,*,#7579,.F.);
#7582=ORIENTED_EDGE('',*,*,#7581,.F.);
#7583=ORIENTED_EDGE('',*,*,#7564,.T.);
#7585=ORIENTED_EDGE('',*,*,#7584,.T.);
#7586=EDGE_LOOP('',(#7580,#7582,#7583,#7585));
#7587=FACE_OUTER_BOUND('',#7586,.F.);
#7588=ADVANCED_FACE('',(#7587),#7578,.T.);
#7589=CARTESIAN_POINT('',(-1.229871090411E1,-8.114441503670E0,-3.5E1));
#7590=DIRECTION('',(0.E0,0.E0,1.E0));
#7591=DIRECTION('',(1.E0,0.E0,0.E0));
#7592=AXIS2_PLACEMENT_3D('',#7589,#7590,#7591);
#7593=CYLINDRICAL_SURFACE('',#7592,6.E-1);
#7595=ORIENTED_EDGE('',*,*,#7594,.F.);
#7597=ORIENTED_EDGE('',*,*,#7596,.F.);
#7598=ORIENTED_EDGE('',*,*,#7579,.T.);
#7600=ORIENTED_EDGE('',*,*,#7599,.T.);
#7601=EDGE_LOOP('',(#7595,#7597,#7598,#7600));
#7602=FACE_OUTER_BOUND('',#7601,.F.);
#7603=ADVANCED_FACE('',(#7602),#7593,.F.);
#7604=CARTESIAN_POINT('',(-1.272297497282E1,-8.538705572381E0,-3.5E1));
#7605=DIRECTION('',(7.071067811867E-1,7.071067811864E-1,0.E0));
#7606=DIRECTION('',(-7.071067811864E-1,7.071067811867E-1,0.E0));
#7607=AXIS2_PLACEMENT_3D('',#7604,#7605,#7606);
#7608=PLANE('',#7607);
#7610=ORIENTED_EDGE('',*,*,#7609,.F.);
#7612=ORIENTED_EDGE('',*,*,#7611,.F.);
#7613=ORIENTED_EDGE('',*,*,#7594,.T.);
#7615=ORIENTED_EDGE('',*,*,#7614,.T.);
#7616=EDGE_LOOP('',(#7610,#7612,#7613,#7615));
#7617=FACE_OUTER_BOUND('',#7616,.F.);
#7618=ADVANCED_FACE('',(#7617),#7608,.T.);
#7619=CARTESIAN_POINT('',(-1.34E1,-7.013152407778E0,-3.5E1));
#7620=DIRECTION('',(0.E0,0.E0,1.E0));
#7621=DIRECTION('',(1.E0,0.E0,0.E0));
#7622=AXIS2_PLACEMENT_3D('',#7619,#7620,#7621);
#7623=CYLINDRICAL_SURFACE('',#7622,6.E-1);
#7625=ORIENTED_EDGE('',*,*,#7624,.F.);
#7627=ORIENTED_EDGE('',*,*,#7626,.F.);
#7628=ORIENTED_EDGE('',*,*,#7609,.T.);
#7630=ORIENTED_EDGE('',*,*,#7629,.T.);
#7631=EDGE_LOOP('',(#7625,#7627,#7628,#7630));
#7632=FACE_OUTER_BOUND('',#7631,.F.);
#7633=ADVANCED_FACE('',(#7632),#7623,.F.);
#7634=CARTESIAN_POINT('',(-1.4E1,-7.013152407778E0,-3.5E1));
#7635=DIRECTION('',(1.E0,0.E0,0.E0));
#7636=DIRECTION('',(0.E0,1.E0,0.E0));
#7637=AXIS2_PLACEMENT_3D('',#7634,#7635,#7636);
#7638=PLANE('',#7637);
#7640=ORIENTED_EDGE('',*,*,#7639,.F.);
#7642=ORIENTED_EDGE('',*,*,#7641,.F.);
#7643=ORIENTED_EDGE('',*,*,#7624,.T.);
#7645=ORIENTED_EDGE('',*,*,#7644,.T.);
#7646=EDGE_LOOP('',(#7640,#7642,#7643,#7645));
#7647=FACE_OUTER_BOUND('',#7646,.F.);
#7648=ADVANCED_FACE('',(#7647),#7638,.T.);
#7649=CARTESIAN_POINT('',(-1.34E1,-4.992697616537E0,-3.5E1));
#7650=DIRECTION('',(0.E0,0.E0,1.E0));
#7651=DIRECTION('',(1.E0,0.E0,0.E0));
#7652=AXIS2_PLACEMENT_3D('',#7649,#7650,#7651);
#7653=CYLINDRICAL_SURFACE('',#7652,6.E-1);
#7655=ORIENTED_EDGE('',*,*,#7654,.F.);
#7657=ORIENTED_EDGE('',*,*,#7656,.F.);
#7658=ORIENTED_EDGE('',*,*,#7639,.T.);
#7660=ORIENTED_EDGE('',*,*,#7659,.T.);
#7661=EDGE_LOOP('',(#7655,#7657,#7658,#7660));
#7662=FACE_OUTER_BOUND('',#7661,.F.);
#7663=ADVANCED_FACE('',(#7662),#7653,.F.);
#7664=CARTESIAN_POINT('',(-1.382426406871E1,-4.568433547825E0,-3.5E1));
#7665=DIRECTION('',(7.071067811867E-1,-7.071067811864E-1,0.E0));
#7666=DIRECTION('',(7.071067811864E-1,7.071067811867E-1,0.E0));
#7667=AXIS2_PLACEMENT_3D('',#7664,#7665,#7666);
#7668=PLANE('',#7667);
#7670=ORIENTED_EDGE('',*,*,#7669,.F.);
#7672=ORIENTED_EDGE('',*,*,#7671,.F.);
#7673=ORIENTED_EDGE('',*,*,#7654,.T.);
#7675=ORIENTED_EDGE('',*,*,#7674,.T.);
#7676=EDGE_LOOP('',(#7670,#7672,#7673,#7675));
#7677=FACE_OUTER_BOUND('',#7676,.F.);
#7678=ADVANCED_FACE('',(#7677),#7668,.T.);
#7679=CARTESIAN_POINT('',(-1.229229251857E1,-3.884990135103E0,-3.5E1));
#7680=DIRECTION('',(0.E0,0.E0,1.E0));
#7681=DIRECTION('',(1.E0,0.E0,0.E0));
#7682=AXIS2_PLACEMENT_3D('',#7679,#7680,#7681);
#7683=CYLINDRICAL_SURFACE('',#7682,6.E-1);
#7685=ORIENTED_EDGE('',*,*,#7684,.F.);
#7687=ORIENTED_EDGE('',*,*,#7686,.F.);
#7688=ORIENTED_EDGE('',*,*,#7669,.T.);
#7690=ORIENTED_EDGE('',*,*,#7689,.T.);
#7691=EDGE_LOOP('',(#7685,#7687,#7688,#7690));
#7692=FACE_OUTER_BOUND('',#7691,.F.);
#7693=ADVANCED_FACE('',(#7692),#7683,.F.);
#7694=CARTESIAN_POINT('',(-1.272671501739E1,-4.826119826073E-1,-3.5E1));
#7695=DIRECTION('',(0.E0,0.E0,1.E0));
#7696=DIRECTION('',(1.E0,0.E0,0.E0));
#7697=AXIS2_PLACEMENT_3D('',#7694,#7695,#7696);
#7698=CYLINDRICAL_SURFACE('',#7697,2.83E0);
#7700=ORIENTED_EDGE('',*,*,#7699,.F.);
#7702=ORIENTED_EDGE('',*,*,#7701,.F.);
#7703=ORIENTED_EDGE('',*,*,#7684,.T.);
#7705=ORIENTED_EDGE('',*,*,#7704,.T.);
#7706=EDGE_LOOP('',(#7700,#7702,#7703,#7705));
#7707=FACE_OUTER_BOUND('',#7706,.F.);
#7708=ADVANCED_FACE('',(#7707),#7698,.T.);
#7709=CARTESIAN_POINT('',(-9.324336864897E0,-9.170344814344E-1,-3.5E1));
#7710=DIRECTION('',(0.E0,0.E0,1.E0));
#7711=DIRECTION('',(1.E0,0.E0,0.E0));
#7712=AXIS2_PLACEMENT_3D('',#7709,#7710,#7711);
#7713=CYLINDRICAL_SURFACE('',#7712,6.E-1);
#7715=ORIENTED_EDGE('',*,*,#7714,.F.);
#7717=ORIENTED_EDGE('',*,*,#7716,.F.);
#7718=ORIENTED_EDGE('',*,*,#7699,.T.);
#7720=ORIENTED_EDGE('',*,*,#7719,.T.);
#7721=EDGE_LOOP('',(#7715,#7717,#7718,#7720));
#7722=FACE_OUTER_BOUND('',#7721,.F.);
#7723=ADVANCED_FACE('',(#7722),#7713,.F.);
#7724=CARTESIAN_POINT('',(-9.748600933609E0,-4.927704127226E-1,-3.5E1));
#7725=DIRECTION('',(7.071067811868E-1,-7.071067811863E-1,0.E0));
#7726=DIRECTION('',(7.071067811863E-1,7.071067811868E-1,0.E0));
#7727=AXIS2_PLACEMENT_3D('',#7724,#7725,#7726);
#7728=PLANE('',#7727);
#7730=ORIENTED_EDGE('',*,*,#7729,.F.);
#7732=ORIENTED_EDGE('',*,*,#7731,.F.);
#7733=ORIENTED_EDGE('',*,*,#7714,.T.);
#7735=ORIENTED_EDGE('',*,*,#7734,.T.);
#7736=EDGE_LOOP('',(#7730,#7732,#7733,#7735));
#7737=FACE_OUTER_BOUND('',#7736,.F.);
#7738=ADVANCED_FACE('',(#7737),#7728,.T.);
#7739=CARTESIAN_POINT('',(-9.255830520887E0,-1.137E-13,-3.5E1));
#7740=DIRECTION('',(1.228414886632E-14,-1.E0,0.E0));
#7741=DIRECTION('',(1.E0,1.228414886632E-14,0.E0));
#7742=AXIS2_PLACEMENT_3D('',#7739,#7740,#7741);
#7743=PLANE('',#7742);
#7745=ORIENTED_EDGE('',*,*,#7744,.F.);
#7747=ORIENTED_EDGE('',*,*,#7746,.F.);
#7748=ORIENTED_EDGE('',*,*,#7729,.T.);
#7750=ORIENTED_EDGE('',*,*,#7749,.T.);
#7751=EDGE_LOOP('',(#7745,#7747,#7748,#7750));
#7752=FACE_OUTER_BOUND('',#7751,.F.);
#7753=ADVANCED_FACE('',(#7752),#7743,.T.);
#7754=CARTESIAN_POINT('',(9.255830520887E0,1.137E-13,-3.5E1));
#7755=DIRECTION('',(-7.071067811867E-1,-7.071067811864E-1,0.E0));
#7756=DIRECTION('',(7.071067811864E-1,-7.071067811867E-1,0.E0));
#7757=AXIS2_PLACEMENT_3D('',#7754,#7755,#7756);
#7758=PLANE('',#7757);
#7760=ORIENTED_EDGE('',*,*,#7759,.F.);
#7762=ORIENTED_EDGE('',*,*,#7761,.F.);
#7763=ORIENTED_EDGE('',*,*,#7744,.T.);
#7765=ORIENTED_EDGE('',*,*,#7764,.T.);
#7766=EDGE_LOOP('',(#7760,#7762,#7763,#7765));
#7767=FACE_OUTER_BOUND('',#7766,.F.);
#7768=ADVANCED_FACE('',(#7767),#7758,.T.);
#7769=CARTESIAN_POINT('',(9.324336864897E0,-9.170344814348E-1,-3.5E1));
#7770=DIRECTION('',(0.E0,0.E0,1.E0));
#7771=DIRECTION('',(1.E0,0.E0,0.E0));
#7772=AXIS2_PLACEMENT_3D('',#7769,#7770,#7771);
#7773=CYLINDRICAL_SURFACE('',#7772,6.E-1);
#7775=ORIENTED_EDGE('',*,*,#7774,.F.);
#7777=ORIENTED_EDGE('',*,*,#7776,.F.);
#7778=ORIENTED_EDGE('',*,*,#7759,.T.);
#7780=ORIENTED_EDGE('',*,*,#7779,.T.);
#7781=EDGE_LOOP('',(#7775,#7777,#7778,#7780));
#7782=FACE_OUTER_BOUND('',#7781,.F.);
#7783=ADVANCED_FACE('',(#7782),#7773,.F.);
#7784=CARTESIAN_POINT('',(1.272671501739E1,-4.826119826073E-1,-3.5E1));
#7785=DIRECTION('',(0.E0,0.E0,1.E0));
#7786=DIRECTION('',(1.E0,0.E0,0.E0));
#7787=AXIS2_PLACEMENT_3D('',#7784,#7785,#7786);
#7788=CYLINDRICAL_SURFACE('',#7787,2.83E0);
#7790=ORIENTED_EDGE('',*,*,#7789,.F.);
#7792=ORIENTED_EDGE('',*,*,#7791,.F.);
#7793=ORIENTED_EDGE('',*,*,#7774,.T.);
#7795=ORIENTED_EDGE('',*,*,#7794,.T.);
#7796=EDGE_LOOP('',(#7790,#7792,#7793,#7795));
#7797=FACE_OUTER_BOUND('',#7796,.F.);
#7798=ADVANCED_FACE('',(#7797),#7788,.T.);
#7799=CARTESIAN_POINT('',(1.229229251857E1,-3.884990135103E0,-3.5E1));
#7800=DIRECTION('',(0.E0,0.E0,1.E0));
#7801=DIRECTION('',(1.E0,0.E0,0.E0));
#7802=AXIS2_PLACEMENT_3D('',#7799,#7800,#7801);
#7803=CYLINDRICAL_SURFACE('',#7802,6.E-1);
#7805=ORIENTED_EDGE('',*,*,#7804,.F.);
#7807=ORIENTED_EDGE('',*,*,#7806,.F.);
#7808=ORIENTED_EDGE('',*,*,#7789,.T.);
#7810=ORIENTED_EDGE('',*,*,#7809,.T.);
#7811=EDGE_LOOP('',(#7805,#7807,#7808,#7810));
#7812=FACE_OUTER_BOUND('',#7811,.F.);
#7813=ADVANCED_FACE('',(#7812),#7803,.F.);
#7814=CARTESIAN_POINT('',(1.271655658728E1,-3.460726066391E0,-3.5E1));
#7815=DIRECTION('',(-7.071067811865E-1,-7.071067811865E-1,0.E0));
#7816=DIRECTION('',(7.071067811865E-1,-7.071067811865E-1,0.E0));
#7817=AXIS2_PLACEMENT_3D('',#7814,#7815,#7816);
#7818=PLANE('',#7817);
#7820=ORIENTED_EDGE('',*,*,#7819,.F.);
#7822=ORIENTED_EDGE('',*,*,#7821,.F.);
#7823=ORIENTED_EDGE('',*,*,#7804,.T.);
#7825=ORIENTED_EDGE('',*,*,#7824,.T.);
#7826=EDGE_LOOP('',(#7820,#7822,#7823,#7825));
#7827=FACE_OUTER_BOUND('',#7826,.F.);
#7828=ADVANCED_FACE('',(#7827),#7818,.T.);
#7829=CARTESIAN_POINT('',(1.34E1,-4.992697616537E0,-3.5E1));
#7830=DIRECTION('',(0.E0,0.E0,1.E0));
#7831=DIRECTION('',(1.E0,0.E0,0.E0));
#7832=AXIS2_PLACEMENT_3D('',#7829,#7830,#7831);
#7833=CYLINDRICAL_SURFACE('',#7832,6.E-1);
#7835=ORIENTED_EDGE('',*,*,#7834,.F.);
#7837=ORIENTED_EDGE('',*,*,#7836,.F.);
#7838=ORIENTED_EDGE('',*,*,#7819,.T.);
#7840=ORIENTED_EDGE('',*,*,#7839,.T.);
#7841=EDGE_LOOP('',(#7835,#7837,#7838,#7840));
#7842=FACE_OUTER_BOUND('',#7841,.F.);
#7843=ADVANCED_FACE('',(#7842),#7833,.F.);
#7844=CARTESIAN_POINT('',(1.4E1,-4.992697616537E0,-3.5E1));
#7845=DIRECTION('',(-1.E0,0.E0,0.E0));
#7846=DIRECTION('',(0.E0,-1.E0,0.E0));
#7847=AXIS2_PLACEMENT_3D('',#7844,#7845,#7846);
#7848=PLANE('',#7847);
#7850=ORIENTED_EDGE('',*,*,#7849,.F.);
#7852=ORIENTED_EDGE('',*,*,#7851,.F.);
#7853=ORIENTED_EDGE('',*,*,#7834,.T.);
#7855=ORIENTED_EDGE('',*,*,#7854,.T.);
#7856=EDGE_LOOP('',(#7850,#7852,#7853,#7855));
#7857=FACE_OUTER_BOUND('',#7856,.F.);
#7858=ADVANCED_FACE('',(#7857),#7848,.T.);
#7859=CARTESIAN_POINT('',(1.34E1,-7.013152407778E0,-3.5E1));
#7860=DIRECTION('',(0.E0,0.E0,1.E0));
#7861=DIRECTION('',(1.E0,0.E0,0.E0));
#7862=AXIS2_PLACEMENT_3D('',#7859,#7860,#7861);
#7863=CYLINDRICAL_SURFACE('',#7862,6.E-1);
#7865=ORIENTED_EDGE('',*,*,#7864,.F.);
#7867=ORIENTED_EDGE('',*,*,#7866,.F.);
#7868=ORIENTED_EDGE('',*,*,#7849,.T.);
#7870=ORIENTED_EDGE('',*,*,#7869,.T.);
#7871=EDGE_LOOP('',(#7865,#7867,#7868,#7870));
#7872=FACE_OUTER_BOUND('',#7871,.F.);
#7873=ADVANCED_FACE('',(#7872),#7863,.F.);
#7874=CARTESIAN_POINT('',(1.382426406871E1,-7.437416476490E0,-3.5E1));
#7875=DIRECTION('',(-7.071067811865E-1,7.071067811865E-1,0.E0));
#7876=DIRECTION('',(-7.071067811865E-1,-7.071067811865E-1,0.E0));
#7877=AXIS2_PLACEMENT_3D('',#7874,#7875,#7876);
#7878=PLANE('',#7877);
#7880=ORIENTED_EDGE('',*,*,#7879,.F.);
#7882=ORIENTED_EDGE('',*,*,#7881,.F.);
#7883=ORIENTED_EDGE('',*,*,#7864,.T.);
#7885=ORIENTED_EDGE('',*,*,#7884,.T.);
#7886=EDGE_LOOP('',(#7880,#7882,#7883,#7885));
#7887=FACE_OUTER_BOUND('',#7886,.F.);
#7888=ADVANCED_FACE('',(#7887),#7878,.T.);
#7889=CARTESIAN_POINT('',(1.229871090411E1,-8.114441503670E0,-3.5E1));
#7890=DIRECTION('',(0.E0,0.E0,1.E0));
#7891=DIRECTION('',(1.E0,0.E0,0.E0));
#7892=AXIS2_PLACEMENT_3D('',#7889,#7890,#7891);
#7893=CYLINDRICAL_SURFACE('',#7892,6.E-1);
#7895=ORIENTED_EDGE('',*,*,#7894,.F.);
#7897=ORIENTED_EDGE('',*,*,#7896,.F.);
#7898=ORIENTED_EDGE('',*,*,#7879,.T.);
#7900=ORIENTED_EDGE('',*,*,#7899,.T.);
#7901=EDGE_LOOP('',(#7895,#7897,#7898,#7900));
#7902=FACE_OUTER_BOUND('',#7901,.F.);
#7903=ADVANCED_FACE('',(#7902),#7893,.F.);
#7904=CARTESIAN_POINT('',(1.272671501739E1,-1.151763301739E1,-3.5E1));
#7905=DIRECTION('',(0.E0,0.E0,1.E0));
#7906=DIRECTION('',(1.E0,0.E0,0.E0));
#7907=AXIS2_PLACEMENT_3D('',#7904,#7905,#7906);
#7908=CYLINDRICAL_SURFACE('',#7907,2.83E0);
#7910=ORIENTED_EDGE('',*,*,#7909,.F.);
#7912=ORIENTED_EDGE('',*,*,#7911,.F.);
#7913=ORIENTED_EDGE('',*,*,#7894,.T.);
#7915=ORIENTED_EDGE('',*,*,#7914,.T.);
#7916=EDGE_LOOP('',(#7910,#7912,#7913,#7915));
#7917=FACE_OUTER_BOUND('',#7916,.F.);
#7918=ADVANCED_FACE('',(#7917),#7908,.T.);
#7919=CARTESIAN_POINT('',(9.323523503670E0,-1.108962890411E1,-3.5E1));
#7920=DIRECTION('',(0.E0,0.E0,1.E0));
#7921=DIRECTION('',(1.E0,0.E0,0.E0));
#7922=AXIS2_PLACEMENT_3D('',#7919,#7920,#7921);
#7923=CYLINDRICAL_SURFACE('',#7922,6.E-1);
#7925=ORIENTED_EDGE('',*,*,#7924,.F.);
#7927=ORIENTED_EDGE('',*,*,#7926,.F.);
#7928=ORIENTED_EDGE('',*,*,#7909,.T.);
#7930=ORIENTED_EDGE('',*,*,#7929,.T.);
#7931=EDGE_LOOP('',(#7925,#7927,#7928,#7930));
#7932=FACE_OUTER_BOUND('',#7931,.F.);
#7933=ADVANCED_FACE('',(#7932),#7923,.F.);
#7934=CARTESIAN_POINT('',(9.747787572381E0,-1.151389297282E1,-3.5E1));
#7935=DIRECTION('',(-7.071067811858E-1,7.071067811873E-1,0.E0));
#7936=DIRECTION('',(-7.071067811873E-1,-7.071067811858E-1,0.E0));
#7937=AXIS2_PLACEMENT_3D('',#7934,#7935,#7936);
#7938=PLANE('',#7937);
#7940=ORIENTED_EDGE('',*,*,#7939,.F.);
#7942=ORIENTED_EDGE('',*,*,#7941,.F.);
#7943=ORIENTED_EDGE('',*,*,#7924,.T.);
#7945=ORIENTED_EDGE('',*,*,#7944,.T.);
#7946=EDGE_LOOP('',(#7940,#7942,#7943,#7945));
#7947=FACE_OUTER_BOUND('',#7946,.F.);
#7948=ADVANCED_FACE('',(#7947),#7938,.T.);
#7949=CARTESIAN_POINT('',(1.01E1,-1.229305139510E1,-3.5E1));
#7950=DIRECTION('',(0.E0,0.E0,1.E0));
#7951=DIRECTION('',(1.E0,0.E0,0.E0));
#7952=AXIS2_PLACEMENT_3D('',#7949,#7950,#7951);
#7953=CYLINDRICAL_SURFACE('',#7952,8.E-1);
#7955=ORIENTED_EDGE('',*,*,#7954,.F.);
#7957=ORIENTED_EDGE('',*,*,#7956,.F.);
#7958=ORIENTED_EDGE('',*,*,#7939,.T.);
#7960=ORIENTED_EDGE('',*,*,#7959,.T.);
#7961=EDGE_LOOP('',(#7955,#7957,#7958,#7960));
#7962=FACE_OUTER_BOUND('',#7961,.F.);
#7963=ADVANCED_FACE('',(#7962),#7953,.T.);
#7964=CARTESIAN_POINT('',(9.3E0,-1.229305139510E1,-3.5E1));
#7965=DIRECTION('',(-1.E0,-1.400445388732E-13,0.E0));
#7966=DIRECTION('',(1.400445388732E-13,-1.E0,0.E0));
#7967=AXIS2_PLACEMENT_3D('',#7964,#7965,#7966);
#7968=PLANE('',#7967);
#7970=ORIENTED_EDGE('',*,*,#7969,.F.);
#7972=ORIENTED_EDGE('',*,*,#7971,.F.);
#7973=ORIENTED_EDGE('',*,*,#7954,.T.);
#7975=ORIENTED_EDGE('',*,*,#7974,.T.);
#7976=EDGE_LOOP('',(#7970,#7972,#7973,#7975));
#7977=FACE_OUTER_BOUND('',#7976,.F.);
#7978=ADVANCED_FACE('',(#7977),#7968,.T.);
#7979=CARTESIAN_POINT('',(1.01E1,-1.552752949536E1,-3.5E1));
#7980=DIRECTION('',(0.E0,0.E0,1.E0));
#7981=DIRECTION('',(1.E0,0.E0,0.E0));
#7982=AXIS2_PLACEMENT_3D('',#7979,#7980,#7981);
#7983=CYLINDRICAL_SURFACE('',#7982,8.E-1);
#7985=ORIENTED_EDGE('',*,*,#7984,.F.);
#7987=ORIENTED_EDGE('',*,*,#7986,.F.);
#7988=ORIENTED_EDGE('',*,*,#7969,.T.);
#7990=ORIENTED_EDGE('',*,*,#7989,.T.);
#7991=EDGE_LOOP('',(#7985,#7987,#7988,#7990));
#7992=FACE_OUTER_BOUND('',#7991,.F.);
#7993=ADVANCED_FACE('',(#7992),#7983,.T.);
#7994=CARTESIAN_POINT('',(9.534314575051E0,-1.609321492031E1,-3.5E1));
#7995=DIRECTION('',(-7.071067811865E-1,-7.071067811866E-1,0.E0));
#7996=DIRECTION('',(7.071067811866E-1,-7.071067811865E-1,0.E0));
#7997=AXIS2_PLACEMENT_3D('',#7994,#7995,#7996);
#7998=PLANE('',#7997);
#7999=ORIENTED_EDGE('',*,*,#7298,.F.);
#8001=ORIENTED_EDGE('',*,*,#8000,.F.);
#8002=ORIENTED_EDGE('',*,*,#7984,.T.);
#8004=ORIENTED_EDGE('',*,*,#8003,.T.);
#8005=EDGE_LOOP('',(#7999,#8001,#8002,#8004));
#8006=FACE_OUTER_BOUND('',#8005,.F.);
#8007=ADVANCED_FACE('',(#8006),#7998,.T.);
#8008=CARTESIAN_POINT('',(0.E0,0.E0,-4.87E1));
#8009=DIRECTION('',(0.E0,0.E0,1.E0));
#8010=DIRECTION('',(1.E0,0.E0,0.E0));
#8011=AXIS2_PLACEMENT_3D('',#8008,#8009,#8010);
#8012=PLANE('',#8011);
#8013=ORIENTED_EDGE('',*,*,#7457,.T.);
#8014=ORIENTED_EDGE('',*,*,#7470,.T.);
#8015=ORIENTED_EDGE('',*,*,#7491,.T.);
#8016=ORIENTED_EDGE('',*,*,#7506,.T.);
#8017=ORIENTED_EDGE('',*,*,#7521,.T.);
#8018=ORIENTED_EDGE('',*,*,#7536,.T.);
#8019=ORIENTED_EDGE('',*,*,#7551,.T.);
#8020=ORIENTED_EDGE('',*,*,#7566,.T.);
#8021=ORIENTED_EDGE('',*,*,#7581,.T.);
#8022=ORIENTED_EDGE('',*,*,#7596,.T.);
#8023=ORIENTED_EDGE('',*,*,#7611,.T.);
#8024=ORIENTED_EDGE('',*,*,#7626,.T.);
#8025=ORIENTED_EDGE('',*,*,#7641,.T.);
#8026=ORIENTED_EDGE('',*,*,#7656,.T.);
#8027=ORIENTED_EDGE('',*,*,#7671,.T.);
#8028=ORIENTED_EDGE('',*,*,#7686,.T.);
#8029=ORIENTED_EDGE('',*,*,#7701,.T.);
#8030=ORIENTED_EDGE('',*,*,#7716,.T.);
#8031=ORIENTED_EDGE('',*,*,#7731,.T.);
#8032=ORIENTED_EDGE('',*,*,#7746,.T.);
#8033=ORIENTED_EDGE('',*,*,#7761,.T.);
#8034=ORIENTED_EDGE('',*,*,#7776,.T.);
#8035=ORIENTED_EDGE('',*,*,#7791,.T.);
#8036=ORIENTED_EDGE('',*,*,#7806,.T.);
#8037=ORIENTED_EDGE('',*,*,#7821,.T.);
#8038=ORIENTED_EDGE('',*,*,#7836,.T.);
#8039=ORIENTED_EDGE('',*,*,#7851,.T.);
#8040=ORIENTED_EDGE('',*,*,#7866,.T.);
#8041=ORIENTED_EDGE('',*,*,#7881,.T.);
#8042=ORIENTED_EDGE('',*,*,#7896,.T.);
#8043=ORIENTED_EDGE('',*,*,#7911,.T.);
#8044=ORIENTED_EDGE('',*,*,#7926,.T.);
#8045=ORIENTED_EDGE('',*,*,#7941,.T.);
#8046=ORIENTED_EDGE('',*,*,#7956,.T.);
#8047=ORIENTED_EDGE('',*,*,#7971,.T.);
#8048=ORIENTED_EDGE('',*,*,#7986,.T.);
#8049=ORIENTED_EDGE('',*,*,#8000,.T.);
#8050=ORIENTED_EDGE('',*,*,#7296,.T.);
#8051=ORIENTED_EDGE('',*,*,#7317,.T.);
#8052=ORIENTED_EDGE('',*,*,#7331,.T.);
#8053=ORIENTED_EDGE('',*,*,#7345,.T.);
#8054=ORIENTED_EDGE('',*,*,#7359,.T.);
#8055=ORIENTED_EDGE('',*,*,#7373,.T.);
#8056=ORIENTED_EDGE('',*,*,#7387,.T.);
#8057=ORIENTED_EDGE('',*,*,#7401,.T.);
#8058=ORIENTED_EDGE('',*,*,#7415,.T.);
#8059=ORIENTED_EDGE('',*,*,#7429,.T.);
#8060=ORIENTED_EDGE('',*,*,#7443,.T.);
#8061=EDGE_LOOP('',(#8013,#8014,#8015,#8016,#8017,#8018,#8019,#8020,#8021,#8022,
#8023,#8024,#8025,#8026,#8027,#8028,#8029,#8030,#8031,#8032,#8033,#8034,#8035,
#8036,#8037,#8038,#8039,#8040,#8041,#8042,#8043,#8044,#8045,#8046,#8047,#8048,
#8049,#8050,#8051,#8052,#8053,#8054,#8055,#8056,#8057,#8058,#8059,#8060));
#8062=FACE_OUTER_BOUND('',#8061,.F.);
#8063=ADVANCED_FACE('',(#8062),#8012,.F.);
#8064=CARTESIAN_POINT('',(0.E0,0.E0,4.87E1));
#8065=DIRECTION('',(0.E0,0.E0,1.E0));
#8066=DIRECTION('',(1.E0,0.E0,0.E0));
#8067=AXIS2_PLACEMENT_3D('',#8064,#8065,#8066);
#8068=PLANE('',#8067);
#8070=ORIENTED_EDGE('',*,*,#8069,.F.);
#8072=ORIENTED_EDGE('',*,*,#8071,.F.);
#8074=ORIENTED_EDGE('',*,*,#8073,.F.);
#8076=ORIENTED_EDGE('',*,*,#8075,.F.);
#8078=ORIENTED_EDGE('',*,*,#8077,.F.);
#8080=ORIENTED_EDGE('',*,*,#8079,.F.);
#8082=ORIENTED_EDGE('',*,*,#8081,.F.);
#8084=ORIENTED_EDGE('',*,*,#8083,.F.);
#8086=ORIENTED_EDGE('',*,*,#8085,.F.);
#8088=ORIENTED_EDGE('',*,*,#8087,.F.);
#8090=ORIENTED_EDGE('',*,*,#8089,.F.);
#8091=ORIENTED_EDGE('',*,*,#7300,.F.);
#8092=ORIENTED_EDGE('',*,*,#8003,.F.);
#8093=ORIENTED_EDGE('',*,*,#7989,.F.);
#8094=ORIENTED_EDGE('',*,*,#7974,.F.);
#8095=ORIENTED_EDGE('',*,*,#7959,.F.);
#8096=ORIENTED_EDGE('',*,*,#7944,.F.);
#8097=ORIENTED_EDGE('',*,*,#7929,.F.);
#8098=ORIENTED_EDGE('',*,*,#7914,.F.);
#8099=ORIENTED_EDGE('',*,*,#7899,.F.);
#8100=ORIENTED_EDGE('',*,*,#7884,.F.);
#8101=ORIENTED_EDGE('',*,*,#7869,.F.);
#8102=ORIENTED_EDGE('',*,*,#7854,.F.);
#8103=ORIENTED_EDGE('',*,*,#7839,.F.);
#8104=ORIENTED_EDGE('',*,*,#7824,.F.);
#8105=ORIENTED_EDGE('',*,*,#7809,.F.);
#8106=ORIENTED_EDGE('',*,*,#7794,.F.);
#8107=ORIENTED_EDGE('',*,*,#7779,.F.);
#8108=ORIENTED_EDGE('',*,*,#7764,.F.);
#8109=ORIENTED_EDGE('',*,*,#7749,.F.);
#8110=ORIENTED_EDGE('',*,*,#7734,.F.);
#8111=ORIENTED_EDGE('',*,*,#7719,.F.);
#8112=ORIENTED_EDGE('',*,*,#7704,.F.);
#8113=ORIENTED_EDGE('',*,*,#7689,.F.);
#8114=ORIENTED_EDGE('',*,*,#7674,.F.);
#8115=ORIENTED_EDGE('',*,*,#7659,.F.);
#8116=ORIENTED_EDGE('',*,*,#7644,.F.);
#8117=ORIENTED_EDGE('',*,*,#7629,.F.);
#8118=ORIENTED_EDGE('',*,*,#7614,.F.);
#8119=ORIENTED_EDGE('',*,*,#7599,.F.);
#8120=ORIENTED_EDGE('',*,*,#7584,.F.);
#8121=ORIENTED_EDGE('',*,*,#7569,.F.);
#8122=ORIENTED_EDGE('',*,*,#7554,.F.);
#8123=ORIENTED_EDGE('',*,*,#7539,.F.);
#8124=ORIENTED_EDGE('',*,*,#7524,.F.);
#8125=ORIENTED_EDGE('',*,*,#7509,.F.);
#8126=ORIENTED_EDGE('',*,*,#7494,.F.);
#8127=ORIENTED_EDGE('',*,*,#7479,.F.);
#8128=EDGE_LOOP('',(#8070,#8072,#8074,#8076,#8078,#8080,#8082,#8084,#8086,#8088,
#8090,#8091,#8092,#8093,#8094,#8095,#8096,#8097,#8098,#8099,#8100,#8101,#8102,
#8103,#8104,#8105,#8106,#8107,#8108,#8109,#8110,#8111,#8112,#8113,#8114,#8115,
#8116,#8117,#8118,#8119,#8120,#8121,#8122,#8123,#8124,#8125,#8126,#8127));
#8129=FACE_OUTER_BOUND('',#8128,.F.);
#8131=ORIENTED_EDGE('',*,*,#8130,.T.);
#8133=ORIENTED_EDGE('',*,*,#8132,.T.);
#8135=ORIENTED_EDGE('',*,*,#8134,.T.);
#8137=ORIENTED_EDGE('',*,*,#8136,.T.);
#8139=ORIENTED_EDGE('',*,*,#8138,.T.);
#8141=ORIENTED_EDGE('',*,*,#8140,.T.);
#8143=ORIENTED_EDGE('',*,*,#8142,.T.);
#8145=ORIENTED_EDGE('',*,*,#8144,.T.);
#8147=ORIENTED_EDGE('',*,*,#8146,.T.);
#8149=ORIENTED_EDGE('',*,*,#8148,.T.);
#8151=ORIENTED_EDGE('',*,*,#8150,.T.);
#8153=ORIENTED_EDGE('',*,*,#8152,.T.);
#8155=ORIENTED_EDGE('',*,*,#8154,.T.);
#8157=ORIENTED_EDGE('',*,*,#8156,.T.);
#8159=ORIENTED_EDGE('',*,*,#8158,.T.);
#8161=ORIENTED_EDGE('',*,*,#8160,.T.);
#8163=ORIENTED_EDGE('',*,*,#8162,.T.);
#8165=ORIENTED_EDGE('',*,*,#8164,.T.);
#8167=ORIENTED_EDGE('',*,*,#8166,.T.);
#8169=ORIENTED_EDGE('',*,*,#8168,.T.);
#8171=ORIENTED_EDGE('',*,*,#8170,.T.);
#8173=ORIENTED_EDGE('',*,*,#8172,.T.);
#8175=ORIENTED_EDGE('',*,*,#8174,.T.);
#8177=ORIENTED_EDGE('',*,*,#8176,.T.);
#8179=ORIENTED_EDGE('',*,*,#8178,.T.);
#8181=ORIENTED_EDGE('',*,*,#8180,.T.);
#8183=ORIENTED_EDGE('',*,*,#8182,.T.);
#8185=ORIENTED_EDGE('',*,*,#8184,.T.);
#8187=ORIENTED_EDGE('',*,*,#8186,.T.);
#8189=ORIENTED_EDGE('',*,*,#8188,.T.);
#8191=ORIENTED_EDGE('',*,*,#8190,.T.);
#8193=ORIENTED_EDGE('',*,*,#8192,.T.);
#8195=ORIENTED_EDGE('',*,*,#8194,.T.);
#8197=ORIENTED_EDGE('',*,*,#8196,.T.);
#8199=ORIENTED_EDGE('',*,*,#8198,.T.);
#8201=ORIENTED_EDGE('',*,*,#8200,.T.);
#8202=EDGE_LOOP('',(#8131,#8133,#8135,#8137,#8139,#8141,#8143,#8145,#8147,#8149,
#8151,#8153,#8155,#8157,#8159,#8161,#8163,#8165,#8167,#8169,#8171,#8173,#8175,
#8177,#8179,#8181,#8183,#8185,#8187,#8189,#8191,#8193,#8195,#8197,#8199,#8201));
#8203=FACE_BOUND('',#8202,.F.);
#8205=ORIENTED_EDGE('',*,*,#8204,.T.);
#8207=ORIENTED_EDGE('',*,*,#8206,.T.);
#8209=ORIENTED_EDGE('',*,*,#8208,.T.);
#8211=ORIENTED_EDGE('',*,*,#8210,.T.);
#8213=ORIENTED_EDGE('',*,*,#8212,.T.);
#8215=ORIENTED_EDGE('',*,*,#8214,.T.);
#8217=ORIENTED_EDGE('',*,*,#8216,.T.);
#8219=ORIENTED_EDGE('',*,*,#8218,.T.);
#8221=ORIENTED_EDGE('',*,*,#8220,.T.);
#8223=ORIENTED_EDGE('',*,*,#8222,.T.);
#8225=ORIENTED_EDGE('',*,*,#8224,.T.);
#8227=ORIENTED_EDGE('',*,*,#8226,.T.);
#8229=ORIENTED_EDGE('',*,*,#8228,.T.);
#8231=ORIENTED_EDGE('',*,*,#8230,.T.);
#8233=ORIENTED_EDGE('',*,*,#8232,.T.);
#8235=ORIENTED_EDGE('',*,*,#8234,.T.);
#8236=EDGE_LOOP('',(#8205,#8207,#8209,#8211,#8213,#8215,#8217,#8219,#8221,#8223,
#8225,#8227,#8229,#8231,#8233,#8235));
#8237=FACE_BOUND('',#8236,.F.);
#8239=ORIENTED_EDGE('',*,*,#8238,.T.);
#8241=ORIENTED_EDGE('',*,*,#8240,.T.);
#8243=ORIENTED_EDGE('',*,*,#8242,.T.);
#8245=ORIENTED_EDGE('',*,*,#8244,.T.);
#8247=ORIENTED_EDGE('',*,*,#8246,.T.);
#8249=ORIENTED_EDGE('',*,*,#8248,.T.);
#8251=ORIENTED_EDGE('',*,*,#8250,.T.);
#8253=ORIENTED_EDGE('',*,*,#8252,.T.);
#8255=ORIENTED_EDGE('',*,*,#8254,.T.);
#8257=ORIENTED_EDGE('',*,*,#8256,.T.);
#8259=ORIENTED_EDGE('',*,*,#8258,.T.);
#8261=ORIENTED_EDGE('',*,*,#8260,.T.);
#8263=ORIENTED_EDGE('',*,*,#8262,.T.);
#8265=ORIENTED_EDGE('',*,*,#8264,.T.);
#8267=ORIENTED_EDGE('',*,*,#8266,.T.);
#8269=ORIENTED_EDGE('',*,*,#8268,.T.);
#8271=ORIENTED_EDGE('',*,*,#8270,.T.);
#8273=ORIENTED_EDGE('',*,*,#8272,.T.);
#8275=ORIENTED_EDGE('',*,*,#8274,.T.);
#8277=ORIENTED_EDGE('',*,*,#8276,.T.);
#8279=ORIENTED_EDGE('',*,*,#8278,.T.);
#8281=ORIENTED_EDGE('',*,*,#8280,.T.);
#8283=ORIENTED_EDGE('',*,*,#8282,.T.);
#8285=ORIENTED_EDGE('',*,*,#8284,.T.);
#8287=ORIENTED_EDGE('',*,*,#8286,.T.);
#8289=ORIENTED_EDGE('',*,*,#8288,.T.);
#8291=ORIENTED_EDGE('',*,*,#8290,.T.);
#8293=ORIENTED_EDGE('',*,*,#8292,.T.);
#8295=ORIENTED_EDGE('',*,*,#8294,.T.);
#8297=ORIENTED_EDGE('',*,*,#8296,.T.);
#8299=ORIENTED_EDGE('',*,*,#8298,.T.);
#8301=ORIENTED_EDGE('',*,*,#8300,.T.);
#8303=ORIENTED_EDGE('',*,*,#8302,.T.);
#8305=ORIENTED_EDGE('',*,*,#8304,.T.);
#8307=ORIENTED_EDGE('',*,*,#8306,.T.);
#8309=ORIENTED_EDGE('',*,*,#8308,.T.);
#8311=ORIENTED_EDGE('',*,*,#8310,.T.);
#8313=ORIENTED_EDGE('',*,*,#8312,.T.);
#8314=EDGE_LOOP('',(#8239,#8241,#8243,#8245,#8247,#8249,#8251,#8253,#8255,#8257,
#8259,#8261,#8263,#8265,#8267,#8269,#8271,#8273,#8275,#8277,#8279,#8281,#8283,
#8285,#8287,#8289,#8291,#8293,#8295,#8297,#8299,#8301,#8303,#8305,#8307,#8309,
#8311,#8313));
#8315=FACE_BOUND('',#8314,.F.);
#8317=ORIENTED_EDGE('',*,*,#8316,.T.);
#8319=ORIENTED_EDGE('',*,*,#8318,.T.);
#8321=ORIENTED_EDGE('',*,*,#8320,.T.);
#8323=ORIENTED_EDGE('',*,*,#8322,.T.);
#8325=ORIENTED_EDGE('',*,*,#8324,.T.);
#8327=ORIENTED_EDGE('',*,*,#8326,.T.);
#8329=ORIENTED_EDGE('',*,*,#8328,.T.);
#8331=ORIENTED_EDGE('',*,*,#8330,.T.);
#8333=ORIENTED_EDGE('',*,*,#8332,.T.);
#8335=ORIENTED_EDGE('',*,*,#8334,.T.);
#8337=ORIENTED_EDGE('',*,*,#8336,.T.);
#8339=ORIENTED_EDGE('',*,*,#8338,.T.);
#8341=ORIENTED_EDGE('',*,*,#8340,.T.);
#8343=ORIENTED_EDGE('',*,*,#8342,.T.);
#8345=ORIENTED_EDGE('',*,*,#8344,.T.);
#8347=ORIENTED_EDGE('',*,*,#8346,.T.);
#8348=EDGE_LOOP('',(#8317,#8319,#8321,#8323,#8325,#8327,#8329,#8331,#8333,#8335,
#8337,#8339,#8341,#8343,#8345,#8347));
#8349=FACE_BOUND('',#8348,.F.);
#8351=ORIENTED_EDGE('',*,*,#8350,.T.);
#8353=ORIENTED_EDGE('',*,*,#8352,.T.);
#8355=ORIENTED_EDGE('',*,*,#8354,.T.);
#8357=ORIENTED_EDGE('',*,*,#8356,.T.);
#8359=ORIENTED_EDGE('',*,*,#8358,.T.);
#8361=ORIENTED_EDGE('',*,*,#8360,.T.);
#8363=ORIENTED_EDGE('',*,*,#8362,.T.);
#8365=ORIENTED_EDGE('',*,*,#8364,.T.);
#8367=ORIENTED_EDGE('',*,*,#8366,.T.);
#8369=ORIENTED_EDGE('',*,*,#8368,.T.);
#8371=ORIENTED_EDGE('',*,*,#8370,.T.);
#8373=ORIENTED_EDGE('',*,*,#8372,.T.);
#8375=ORIENTED_EDGE('',*,*,#8374,.T.);
#8377=ORIENTED_EDGE('',*,*,#8376,.T.);
#8379=ORIENTED_EDGE('',*,*,#8378,.T.);
#8381=ORIENTED_EDGE('',*,*,#8380,.T.);
#8383=ORIENTED_EDGE('',*,*,#8382,.T.);
#8385=ORIENTED_EDGE('',*,*,#8384,.T.);
#8387=ORIENTED_EDGE('',*,*,#8386,.T.);
#8389=ORIENTED_EDGE('',*,*,#8388,.T.);
#8391=ORIENTED_EDGE('',*,*,#8390,.T.);
#8393=ORIENTED_EDGE('',*,*,#8392,.T.);
#8395=ORIENTED_EDGE('',*,*,#8394,.T.);
#8397=ORIENTED_EDGE('',*,*,#8396,.T.);
#8399=ORIENTED_EDGE('',*,*,#8398,.T.);
#8400=EDGE_LOOP('',(#8351,#8353,#8355,#8357,#8359,#8361,#8363,#8365,#8367,#8369,
#8371,#8373,#8375,#8377,#8379,#8381,#8383,#8385,#8387,#8389,#8391,#8393,#8395,
#8397,#8399));
#8401=FACE_BOUND('',#8400,.F.);
#8403=ORIENTED_EDGE('',*,*,#8402,.T.);
#8405=ORIENTED_EDGE('',*,*,#8404,.T.);
#8407=ORIENTED_EDGE('',*,*,#8406,.T.);
#8409=ORIENTED_EDGE('',*,*,#8408,.T.);
#8411=ORIENTED_EDGE('',*,*,#8410,.T.);
#8413=ORIENTED_EDGE('',*,*,#8412,.T.);
#8415=ORIENTED_EDGE('',*,*,#8414,.T.);
#8417=ORIENTED_EDGE('',*,*,#8416,.T.);
#8419=ORIENTED_EDGE('',*,*,#8418,.T.);
#8421=ORIENTED_EDGE('',*,*,#8420,.T.);
#8423=ORIENTED_EDGE('',*,*,#8422,.T.);
#8425=ORIENTED_EDGE('',*,*,#8424,.T.);
#8426=EDGE_LOOP('',(#8403,#8405,#8407,#8409,#8411,#8413,#8415,#8417,#8419,#8421,
#8423,#8425));
#8427=FACE_BOUND('',#8426,.F.);
#8429=ORIENTED_EDGE('',*,*,#8428,.T.);
#8431=ORIENTED_EDGE('',*,*,#8430,.T.);
#8433=ORIENTED_EDGE('',*,*,#8432,.T.);
#8435=ORIENTED_EDGE('',*,*,#8434,.T.);
#8437=ORIENTED_EDGE('',*,*,#8436,.T.);
#8439=ORIENTED_EDGE('',*,*,#8438,.T.);
#8441=ORIENTED_EDGE('',*,*,#8440,.T.);
#8443=ORIENTED_EDGE('',*,*,#8442,.T.);
#8445=ORIENTED_EDGE('',*,*,#8444,.T.);
#8447=ORIENTED_EDGE('',*,*,#8446,.T.);
#8449=ORIENTED_EDGE('',*,*,#8448,.T.);
#8451=ORIENTED_EDGE('',*,*,#8450,.T.);
#8453=ORIENTED_EDGE('',*,*,#8452,.T.);
#8455=ORIENTED_EDGE('',*,*,#8454,.T.);
#8457=ORIENTED_EDGE('',*,*,#8456,.T.);
#8459=ORIENTED_EDGE('',*,*,#8458,.T.);
#8461=ORIENTED_EDGE('',*,*,#8460,.T.);
#8463=ORIENTED_EDGE('',*,*,#8462,.T.);
#8465=ORIENTED_EDGE('',*,*,#8464,.T.);
#8467=ORIENTED_EDGE('',*,*,#8466,.T.);
#8469=ORIENTED_EDGE('',*,*,#8468,.T.);
#8471=ORIENTED_EDGE('',*,*,#8470,.T.);
#8473=ORIENTED_EDGE('',*,*,#8472,.T.);
#8475=ORIENTED_EDGE('',*,*,#8474,.T.);
#8477=ORIENTED_EDGE('',*,*,#8476,.T.);
#8479=ORIENTED_EDGE('',*,*,#8478,.T.);
#8481=ORIENTED_EDGE('',*,*,#8480,.T.);
#8483=ORIENTED_EDGE('',*,*,#8482,.T.);
#8485=ORIENTED_EDGE('',*,*,#8484,.T.);
#8487=ORIENTED_EDGE('',*,*,#8486,.T.);
#8489=ORIENTED_EDGE('',*,*,#8488,.T.);
#8491=ORIENTED_EDGE('',*,*,#8490,.T.);
#8493=ORIENTED_EDGE('',*,*,#8492,.T.);
#8495=ORIENTED_EDGE('',*,*,#8494,.T.);
#8497=ORIENTED_EDGE('',*,*,#8496,.T.);
#8499=ORIENTED_EDGE('',*,*,#8498,.T.);
#8501=ORIENTED_EDGE('',*,*,#8500,.T.);
#8503=ORIENTED_EDGE('',*,*,#8502,.T.);
#8505=ORIENTED_EDGE('',*,*,#8504,.T.);
#8507=ORIENTED_EDGE('',*,*,#8506,.T.);
#8509=ORIENTED_EDGE('',*,*,#8508,.T.);
#8511=ORIENTED_EDGE('',*,*,#8510,.T.);
#8513=ORIENTED_EDGE('',*,*,#8512,.T.);
#8515=ORIENTED_EDGE('',*,*,#8514,.T.);
#8516=EDGE_LOOP('',(#8429,#8431,#8433,#8435,#8437,#8439,#8441,#8443,#8445,#8447,
#8449,#8451,#8453,#8455,#8457,#8459,#8461,#8463,#8465,#8467,#8469,#8471,#8473,
#8475,#8477,#8479,#8481,#8483,#8485,#8487,#8489,#8491,#8493,#8495,#8497,#8499,
#8501,#8503,#8505,#8507,#8509,#8511,#8513,#8515));
#8517=FACE_BOUND('',#8516,.F.);
#8519=ORIENTED_EDGE('',*,*,#8518,.T.);
#8521=ORIENTED_EDGE('',*,*,#8520,.T.);
#8523=ORIENTED_EDGE('',*,*,#8522,.T.);
#8525=ORIENTED_EDGE('',*,*,#8524,.T.);
#8527=ORIENTED_EDGE('',*,*,#8526,.T.);
#8529=ORIENTED_EDGE('',*,*,#8528,.T.);
#8531=ORIENTED_EDGE('',*,*,#8530,.T.);
#8533=ORIENTED_EDGE('',*,*,#8532,.T.);
#8535=ORIENTED_EDGE('',*,*,#8534,.T.);
#8537=ORIENTED_EDGE('',*,*,#8536,.T.);
#8539=ORIENTED_EDGE('',*,*,#8538,.T.);
#8541=ORIENTED_EDGE('',*,*,#8540,.T.);
#8543=ORIENTED_EDGE('',*,*,#8542,.T.);
#8545=ORIENTED_EDGE('',*,*,#8544,.T.);
#8547=ORIENTED_EDGE('',*,*,#8546,.T.);
#8549=ORIENTED_EDGE('',*,*,#8548,.T.);
#8551=ORIENTED_EDGE('',*,*,#8550,.T.);
#8553=ORIENTED_EDGE('',*,*,#8552,.T.);
#8555=ORIENTED_EDGE('',*,*,#8554,.T.);
#8557=ORIENTED_EDGE('',*,*,#8556,.T.);
#8559=ORIENTED_EDGE('',*,*,#8558,.T.);
#8561=ORIENTED_EDGE('',*,*,#8560,.T.);
#8563=ORIENTED_EDGE('',*,*,#8562,.T.);
#8565=ORIENTED_EDGE('',*,*,#8564,.T.);
#8567=ORIENTED_EDGE('',*,*,#8566,.T.);
#8569=ORIENTED_EDGE('',*,*,#8568,.T.);
#8571=ORIENTED_EDGE('',*,*,#8570,.T.);
#8573=ORIENTED_EDGE('',*,*,#8572,.T.);
#8575=ORIENTED_EDGE('',*,*,#8574,.T.);
#8577=ORIENTED_EDGE('',*,*,#8576,.T.);
#8579=ORIENTED_EDGE('',*,*,#8578,.T.);
#8581=ORIENTED_EDGE('',*,*,#8580,.T.);
#8583=ORIENTED_EDGE('',*,*,#8582,.T.);
#8585=ORIENTED_EDGE('',*,*,#8584,.T.);
#8587=ORIENTED_EDGE('',*,*,#8586,.T.);
#8589=ORIENTED_EDGE('',*,*,#8588,.T.);
#8591=ORIENTED_EDGE('',*,*,#8590,.T.);
#8593=ORIENTED_EDGE('',*,*,#8592,.T.);
#8595=ORIENTED_EDGE('',*,*,#8594,.T.);
#8597=ORIENTED_EDGE('',*,*,#8596,.T.);
#8599=ORIENTED_EDGE('',*,*,#8598,.T.);
#8601=ORIENTED_EDGE('',*,*,#8600,.T.);
#8603=ORIENTED_EDGE('',*,*,#8602,.T.);
#8605=ORIENTED_EDGE('',*,*,#8604,.T.);
#8607=ORIENTED_EDGE('',*,*,#8606,.T.);
#8609=ORIENTED_EDGE('',*,*,#8608,.T.);
#8611=ORIENTED_EDGE('',*,*,#8610,.T.);
#8613=ORIENTED_EDGE('',*,*,#8612,.T.);
#8615=ORIENTED_EDGE('',*,*,#8614,.T.);
#8617=ORIENTED_EDGE('',*,*,#8616,.T.);
#8619=ORIENTED_EDGE('',*,*,#8618,.T.);
#8621=ORIENTED_EDGE('',*,*,#8620,.T.);
#8623=ORIENTED_EDGE('',*,*,#8622,.T.);
#8625=ORIENTED_EDGE('',*,*,#8624,.T.);
#8627=ORIENTED_EDGE('',*,*,#8626,.T.);
#8629=ORIENTED_EDGE('',*,*,#8628,.T.);
#8631=ORIENTED_EDGE('',*,*,#8630,.T.);
#8632=EDGE_LOOP('',(#8519,#8521,#8523,#8525,#8527,#8529,#8531,#8533,#8535,#8537,
#8539,#8541,#8543,#8545,#8547,#8549,#8551,#8553,#8555,#8557,#8559,#8561,#8563,
#8565,#8567,#8569,#8571,#8573,#8575,#8577,#8579,#8581,#8583,#8585,#8587,#8589,
#8591,#8593,#8595,#8597,#8599,#8601,#8603,#8605,#8607,#8609,#8611,#8613,#8615,
#8617,#8619,#8621,#8623,#8625,#8627,#8629,#8631));
#8633=FACE_BOUND('',#8632,.F.);
#8635=ORIENTED_EDGE('',*,*,#8634,.T.);
#8637=ORIENTED_EDGE('',*,*,#8636,.T.);
#8639=ORIENTED_EDGE('',*,*,#8638,.T.);
#8641=ORIENTED_EDGE('',*,*,#8640,.T.);
#8643=ORIENTED_EDGE('',*,*,#8642,.T.);
#8645=ORIENTED_EDGE('',*,*,#8644,.T.);
#8647=ORIENTED_EDGE('',*,*,#8646,.T.);
#8649=ORIENTED_EDGE('',*,*,#8648,.T.);
#8651=ORIENTED_EDGE('',*,*,#8650,.T.);
#8653=ORIENTED_EDGE('',*,*,#8652,.T.);
#8655=ORIENTED_EDGE('',*,*,#8654,.T.);
#8657=ORIENTED_EDGE('',*,*,#8656,.T.);
#8659=ORIENTED_EDGE('',*,*,#8658,.T.);
#8661=ORIENTED_EDGE('',*,*,#8660,.T.);
#8663=ORIENTED_EDGE('',*,*,#8662,.T.);
#8665=ORIENTED_EDGE('',*,*,#8664,.T.);
#8667=ORIENTED_EDGE('',*,*,#8666,.T.);
#8669=ORIENTED_EDGE('',*,*,#8668,.T.);
#8671=ORIENTED_EDGE('',*,*,#8670,.T.);
#8673=ORIENTED_EDGE('',*,*,#8672,.T.);
#8675=ORIENTED_EDGE('',*,*,#8674,.T.);
#8677=ORIENTED_EDGE('',*,*,#8676,.T.);
#8679=ORIENTED_EDGE('',*,*,#8678,.T.);
#8681=ORIENTED_EDGE('',*,*,#8680,.T.);
#8683=ORIENTED_EDGE('',*,*,#8682,.T.);
#8685=ORIENTED_EDGE('',*,*,#8684,.T.);
#8686=EDGE_LOOP('',(#8635,#8637,#8639,#8641,#8643,#8645,#8647,#8649,#8651,#8653,
#8655,#8657,#8659,#8661,#8663,#8665,#8667,#8669,#8671,#8673,#8675,#8677,#8679,
#8681,#8683,#8685));
#8687=FACE_BOUND('',#8686,.F.);
#8688=ADVANCED_FACE('',(#8129,#8203,#8237,#8315,#8349,#8401,#8427,#8517,#8633,
#8687),#8068,.T.);
#8689=CARTESIAN_POINT('',(0.E0,0.E0,4.87E1));
#8690=DIRECTION('',(0.E0,0.E0,1.E0));
#8691=DIRECTION('',(1.E0,0.E0,0.E0));
#8692=AXIS2_PLACEMENT_3D('',#8689,#8690,#8691);
#8693=PLANE('',#8692);
#8695=ORIENTED_EDGE('',*,*,#8694,.T.);
#8697=ORIENTED_EDGE('',*,*,#8696,.T.);
#8699=ORIENTED_EDGE('',*,*,#8698,.T.);
#8701=ORIENTED_EDGE('',*,*,#8700,.T.);
#8703=ORIENTED_EDGE('',*,*,#8702,.T.);
#8705=ORIENTED_EDGE('',*,*,#8704,.T.);
#8707=ORIENTED_EDGE('',*,*,#8706,.T.);
#8709=ORIENTED_EDGE('',*,*,#8708,.T.);
#8711=ORIENTED_EDGE('',*,*,#8710,.T.);
#8713=ORIENTED_EDGE('',*,*,#8712,.T.);
#8715=ORIENTED_EDGE('',*,*,#8714,.T.);
#8717=ORIENTED_EDGE('',*,*,#8716,.T.);
#8719=ORIENTED_EDGE('',*,*,#8718,.T.);
#8721=ORIENTED_EDGE('',*,*,#8720,.T.);
#8723=ORIENTED_EDGE('',*,*,#8722,.T.);
#8725=ORIENTED_EDGE('',*,*,#8724,.T.);
#8727=ORIENTED_EDGE('',*,*,#8726,.T.);
#8729=ORIENTED_EDGE('',*,*,#8728,.T.);
#8730=EDGE_LOOP('',(#8695,#8697,#8699,#8701,#8703,#8705,#8707,#8709,#8711,#8713,
#8715,#8717,#8719,#8721,#8723,#8725,#8727,#8729));
#8731=FACE_OUTER_BOUND('',#8730,.F.);
#8732=ADVANCED_FACE('',(#8731),#8693,.T.);
#8733=CARTESIAN_POINT('',(-2.903671501739E1,-1.796078100204E1,3.5E1));
#8734=DIRECTION('',(-7.071067811865E-1,-7.071067811865E-1,0.E0));
#8735=DIRECTION('',(7.071067811865E-1,-7.071067811865E-1,0.E0));
#8736=AXIS2_PLACEMENT_3D('',#8733,#8734,#8735);
#8737=PLANE('',#8736);
#8738=ORIENTED_EDGE('',*,*,#7275,.F.);
#8740=ORIENTED_EDGE('',*,*,#8739,.T.);
#8741=ORIENTED_EDGE('',*,*,#8069,.T.);
#8742=ORIENTED_EDGE('',*,*,#7477,.F.);
#8743=EDGE_LOOP('',(#8738,#8740,#8741,#8742));
#8744=FACE_OUTER_BOUND('',#8743,.F.);
#8745=ADVANCED_FACE('',(#8744),#8737,.T.);
#8746=CARTESIAN_POINT('',(-2.903671501739E1,1.303921899796E1,3.5E1));
#8747=DIRECTION('',(-1.E0,0.E0,0.E0));
#8748=DIRECTION('',(0.E0,-1.E0,0.E0));
#8749=AXIS2_PLACEMENT_3D('',#8746,#8747,#8748);
#8750=PLANE('',#8749);
#8751=ORIENTED_EDGE('',*,*,#7273,.F.);
#8753=ORIENTED_EDGE('',*,*,#8752,.T.);
#8754=ORIENTED_EDGE('',*,*,#8071,.T.);
#8755=ORIENTED_EDGE('',*,*,#8739,.F.);
#8756=EDGE_LOOP('',(#8751,#8753,#8754,#8755));
#8757=FACE_OUTER_BOUND('',#8756,.F.);
#8758=ADVANCED_FACE('',(#8757),#8750,.T.);
#8759=CARTESIAN_POINT('',(-2.703671501739E1,1.503921899796E1,3.5E1));
#8760=DIRECTION('',(-7.071067811865E-1,7.071067811865E-1,0.E0));
#8761=DIRECTION('',(-7.071067811865E-1,-7.071067811865E-1,0.E0));
#8762=AXIS2_PLACEMENT_3D('',#8759,#8760,#8761);
#8763=PLANE('',#8762);
#8764=ORIENTED_EDGE('',*,*,#7271,.F.);
#8766=ORIENTED_EDGE('',*,*,#8765,.T.);
#8767=ORIENTED_EDGE('',*,*,#8073,.T.);
#8768=ORIENTED_EDGE('',*,*,#8752,.F.);
#8769=EDGE_LOOP('',(#8764,#8766,#8767,#8768));
#8770=FACE_OUTER_BOUND('',#8769,.F.);
#8771=ADVANCED_FACE('',(#8770),#8763,.T.);
#8772=CARTESIAN_POINT('',(-5.336715017393E0,1.503921899796E1,3.5E1));
#8773=DIRECTION('',(0.E0,1.E0,0.E0));
#8774=DIRECTION('',(-1.E0,0.E0,0.E0));
#8775=AXIS2_PLACEMENT_3D('',#8772,#8773,#8774);
#8776=PLANE('',#8775);
#8777=ORIENTED_EDGE('',*,*,#7269,.F.);
#8779=ORIENTED_EDGE('',*,*,#8778,.T.);
#8780=ORIENTED_EDGE('',*,*,#8075,.T.);
#8781=ORIENTED_EDGE('',*,*,#8765,.F.);
#8782=EDGE_LOOP('',(#8777,#8779,#8780,#8781));
#8783=FACE_OUTER_BOUND('',#8782,.F.);
#8784=ADVANCED_FACE('',(#8783),#8776,.T.);
#8785=CARTESIAN_POINT('',(-4.536715017393E0,1.583921899796E1,3.5E1));
#8786=DIRECTION('',(-7.071067811865E-1,7.071067811865E-1,0.E0));
#8787=DIRECTION('',(-7.071067811865E-1,-7.071067811865E-1,0.E0));
#8788=AXIS2_PLACEMENT_3D('',#8785,#8786,#8787);
#8789=PLANE('',#8788);
#8790=ORIENTED_EDGE('',*,*,#7267,.F.);
#8792=ORIENTED_EDGE('',*,*,#8791,.T.);
#8793=ORIENTED_EDGE('',*,*,#8077,.T.);
#8794=ORIENTED_EDGE('',*,*,#8778,.F.);
#8795=EDGE_LOOP('',(#8790,#8792,#8793,#8794));
#8796=FACE_OUTER_BOUND('',#8795,.F.);
#8797=ADVANCED_FACE('',(#8796),#8789,.T.);
#8798=CARTESIAN_POINT('',(4.463284982607E0,1.583921899796E1,3.5E1));
#8799=DIRECTION('',(0.E0,1.E0,0.E0));
#8800=DIRECTION('',(-1.E0,0.E0,0.E0));
#8801=AXIS2_PLACEMENT_3D('',#8798,#8799,#8800);
#8802=PLANE('',#8801);
#8803=ORIENTED_EDGE('',*,*,#7265,.F.);
#8805=ORIENTED_EDGE('',*,*,#8804,.T.);
#8806=ORIENTED_EDGE('',*,*,#8079,.T.);
#8807=ORIENTED_EDGE('',*,*,#8791,.F.);
#8808=EDGE_LOOP('',(#8803,#8805,#8806,#8807));
#8809=FACE_OUTER_BOUND('',#8808,.F.);
#8810=ADVANCED_FACE('',(#8809),#8802,.T.);
#8811=CARTESIAN_POINT('',(5.263284982607E0,1.503921899796E1,3.5E1));
#8812=DIRECTION('',(7.071067811865E-1,7.071067811865E-1,0.E0));
#8813=DIRECTION('',(-7.071067811865E-1,7.071067811865E-1,0.E0));
#8814=AXIS2_PLACEMENT_3D('',#8811,#8812,#8813);
#8815=PLANE('',#8814);
#8816=ORIENTED_EDGE('',*,*,#7263,.F.);
#8818=ORIENTED_EDGE('',*,*,#8817,.T.);
#8819=ORIENTED_EDGE('',*,*,#8081,.T.);
#8820=ORIENTED_EDGE('',*,*,#8804,.F.);
#8821=EDGE_LOOP('',(#8816,#8818,#8819,#8820));
#8822=FACE_OUTER_BOUND('',#8821,.F.);
#8823=ADVANCED_FACE('',(#8822),#8815,.T.);
#8824=CARTESIAN_POINT('',(2.696328498261E1,1.503921899796E1,3.5E1));
#8825=DIRECTION('',(0.E0,1.E0,0.E0));
#8826=DIRECTION('',(-1.E0,0.E0,0.E0));
#8827=AXIS2_PLACEMENT_3D('',#8824,#8825,#8826);
#8828=PLANE('',#8827);
#8829=ORIENTED_EDGE('',*,*,#7261,.F.);
#8831=ORIENTED_EDGE('',*,*,#8830,.T.);
#8832=ORIENTED_EDGE('',*,*,#8083,.T.);
#8833=ORIENTED_EDGE('',*,*,#8817,.F.);
#8834=EDGE_LOOP('',(#8829,#8831,#8832,#8833));
#8835=FACE_OUTER_BOUND('',#8834,.F.);
#8836=ADVANCED_FACE('',(#8835),#8828,.T.);
#8837=CARTESIAN_POINT('',(2.896328498261E1,1.303921899796E1,3.5E1));
#8838=DIRECTION('',(7.071067811865E-1,7.071067811865E-1,0.E0));
#8839=DIRECTION('',(-7.071067811865E-1,7.071067811865E-1,0.E0));
#8840=AXIS2_PLACEMENT_3D('',#8837,#8838,#8839);
#8841=PLANE('',#8840);
#8842=ORIENTED_EDGE('',*,*,#7259,.F.);
#8844=ORIENTED_EDGE('',*,*,#8843,.T.);
#8845=ORIENTED_EDGE('',*,*,#8085,.T.);
#8846=ORIENTED_EDGE('',*,*,#8830,.F.);
#8847=EDGE_LOOP('',(#8842,#8844,#8845,#8846));
#8848=FACE_OUTER_BOUND('',#8847,.F.);
#8849=ADVANCED_FACE('',(#8848),#8841,.T.);
#8850=CARTESIAN_POINT('',(2.896328498261E1,-1.796078100204E1,3.5E1));
#8851=DIRECTION('',(1.E0,0.E0,0.E0));
#8852=DIRECTION('',(0.E0,1.E0,0.E0));
#8853=AXIS2_PLACEMENT_3D('',#8850,#8851,#8852);
#8854=PLANE('',#8853);
#8855=ORIENTED_EDGE('',*,*,#7257,.F.);
#8857=ORIENTED_EDGE('',*,*,#8856,.T.);
#8858=ORIENTED_EDGE('',*,*,#8087,.T.);
#8859=ORIENTED_EDGE('',*,*,#8843,.F.);
#8860=EDGE_LOOP('',(#8855,#8857,#8858,#8859));
#8861=FACE_OUTER_BOUND('',#8860,.F.);
#8862=ADVANCED_FACE('',(#8861),#8854,.T.);
#8863=CARTESIAN_POINT('',(2.692406598465E1,-2.E1,3.5E1));
#8864=DIRECTION('',(7.071067811865E-1,-7.071067811865E-1,0.E0));
#8865=DIRECTION('',(7.071067811865E-1,7.071067811865E-1,0.E0));
#8866=AXIS2_PLACEMENT_3D('',#8863,#8864,#8865);
#8867=PLANE('',#8866);
#8868=ORIENTED_EDGE('',*,*,#7255,.F.);
#8869=ORIENTED_EDGE('',*,*,#7302,.T.);
#8870=ORIENTED_EDGE('',*,*,#8089,.T.);
#8871=ORIENTED_EDGE('',*,*,#8856,.F.);
#8872=EDGE_LOOP('',(#8868,#8869,#8870,#8871));
#8873=FACE_OUTER_BOUND('',#8872,.F.);
#8874=ADVANCED_FACE('',(#8873),#8867,.T.);
#8875=CARTESIAN_POINT('',(-2.368967972696E1,9.898220598698E0,4.87E1));
#8876=DIRECTION('',(9.627219626765E-1,-2.704929251945E-1,0.E0));
#8877=DIRECTION('',(2.704929251945E-1,9.627219626765E-1,0.E0));
#8878=AXIS2_PLACEMENT_3D('',#8875,#8876,#8877);
#8879=PLANE('',#8878);
#8880=ORIENTED_EDGE('',*,*,#8130,.F.);
#8882=ORIENTED_EDGE('',*,*,#8881,.T.);
#8884=ORIENTED_EDGE('',*,*,#8883,.T.);
#8886=ORIENTED_EDGE('',*,*,#8885,.F.);
#8887=EDGE_LOOP('',(#8880,#8882,#8884,#8886));
#8888=FACE_OUTER_BOUND('',#8887,.F.);
#8889=ADVANCED_FACE('',(#8888),#8879,.T.);
#8890=CARTESIAN_POINT('',(-2.226227754354E1,9.898220598698E0,4.87E1));
#8891=DIRECTION('',(0.E0,1.E0,0.E0));
#8892=DIRECTION('',(-1.E0,0.E0,0.E0));
#8893=AXIS2_PLACEMENT_3D('',#8890,#8891,#8892);
#8894=PLANE('',#8893);
#8895=ORIENTED_EDGE('',*,*,#8200,.F.);
#8897=ORIENTED_EDGE('',*,*,#8896,.T.);
#8899=ORIENTED_EDGE('',*,*,#8898,.T.);
#8900=ORIENTED_EDGE('',*,*,#8881,.F.);
#8901=EDGE_LOOP('',(#8895,#8897,#8899,#8900));
#8902=FACE_OUTER_BOUND('',#8901,.F.);
#8903=ADVANCED_FACE('',(#8902),#8894,.T.);
#8904=CARTESIAN_POINT('',(-2.203309610486E1,1.072277572751E1,4.87E1));
#8905=DIRECTION('',(-9.634762101190E-1,2.677939367029E-1,0.E0));
#8906=DIRECTION('',(-2.677939367029E-1,-9.634762101190E-1,0.E0));
#8907=AXIS2_PLACEMENT_3D('',#8904,#8905,#8906);
#8908=PLANE('',#8907);
#8909=ORIENTED_EDGE('',*,*,#8198,.F.);
#8911=ORIENTED_EDGE('',*,*,#8910,.T.);
#8913=ORIENTED_EDGE('',*,*,#8912,.T.);
#8914=ORIENTED_EDGE('',*,*,#8896,.F.);
#8915=EDGE_LOOP('',(#8909,#8911,#8913,#8914));
#8916=FACE_OUTER_BOUND('',#8915,.F.);
#8917=ADVANCED_FACE('',(#8916),#8908,.T.);
#8918=CARTESIAN_POINT('',(-2.198496903351E1,1.119111835689E1,4.87E1));
#8919=CARTESIAN_POINT('',(-2.195470513103E1,1.110596194222E1,4.87E1));
#8920=CARTESIAN_POINT('',(-2.197029888544E1,1.094462912744E1,4.87E1));
#8921=CARTESIAN_POINT('',(-2.203688083810E1,1.070928002892E1,4.87E1));
#8923=DIRECTION('',(0.E0,0.E0,1.E0));
#8924=VECTOR('',#8923,1.E0);
#8925=SURFACE_OF_LINEAR_EXTRUSION('',#8922,#8924);
#8926=ORIENTED_EDGE('',*,*,#8196,.F.);
#8928=ORIENTED_EDGE('',*,*,#8927,.T.);
#8930=ORIENTED_EDGE('',*,*,#8929,.T.);
#8931=ORIENTED_EDGE('',*,*,#8910,.F.);
#8932=EDGE_LOOP('',(#8926,#8928,#8930,#8931));
#8933=FACE_OUTER_BOUND('',#8932,.F.);
#8934=ADVANCED_FACE('',(#8933),#8925,.T.);
#8935=CARTESIAN_POINT('',(-2.232370723849E1,1.131560448334E1,4.87E1));
#8936=CARTESIAN_POINT('',(-2.212079993096E1,1.131747189025E1,4.87E1));
#8937=CARTESIAN_POINT('',(-2.200680693031E1,1.127073283250E1,4.87E1));
#8938=CARTESIAN_POINT('',(-2.198172847123E1,1.118099134297E1,4.87E1));
#8940=DIRECTION('',(0.E0,0.E0,1.E0));
#8941=VECTOR('',#8940,1.E0);
#8942=SURFACE_OF_LINEAR_EXTRUSION('',#8939,#8941);
#8943=ORIENTED_EDGE('',*,*,#8194,.F.);
#8945=ORIENTED_EDGE('',*,*,#8944,.T.);
#8947=ORIENTED_EDGE('',*,*,#8946,.T.);
#8948=ORIENTED_EDGE('',*,*,#8927,.F.);
#8949=EDGE_LOOP('',(#8943,#8945,#8947,#8948));
#8950=FACE_OUTER_BOUND('',#8949,.F.);
#8951=ADVANCED_FACE('',(#8950),#8942,.T.);
#8952=CARTESIAN_POINT('',(-2.227722427249E1,1.144519567490E1,4.87E1));
#8953=DIRECTION('',(-9.656157885501E-1,2.599733619099E-1,0.E0));
#8954=DIRECTION('',(-2.599733619099E-1,-9.656157885501E-1,0.E0));
#8955=AXIS2_PLACEMENT_3D('',#8952,#8953,#8954);
#8956=PLANE('',#8955);
#8957=ORIENTED_EDGE('',*,*,#8192,.F.);
#8959=ORIENTED_EDGE('',*,*,#8958,.T.);
#8961=ORIENTED_EDGE('',*,*,#8960,.T.);
#8962=ORIENTED_EDGE('',*,*,#8944,.F.);
#8963=EDGE_LOOP('',(#8957,#8959,#8961,#8962));
#8964=FACE_OUTER_BOUND('',#8963,.F.);
#8965=ADVANCED_FACE('',(#8964),#8956,.T.);
#8966=CARTESIAN_POINT('',(-2.100676149130E1,1.144519567490E1,4.87E1));
#8967=DIRECTION('',(0.E0,1.E0,0.E0));
#8968=DIRECTION('',(-1.E0,0.E0,0.E0));
#8969=AXIS2_PLACEMENT_3D('',#8966,#8967,#8968);
#8970=PLANE('',#8969);
#8971=ORIENTED_EDGE('',*,*,#8190,.F.);
#8973=ORIENTED_EDGE('',*,*,#8972,.T.);
#8975=ORIENTED_EDGE('',*,*,#8974,.T.);
#8976=ORIENTED_EDGE('',*,*,#8958,.F.);
#8977=EDGE_LOOP('',(#8971,#8973,#8975,#8976));
#8978=FACE_OUTER_BOUND('',#8977,.F.);
#8979=ADVANCED_FACE('',(#8978),#8970,.T.);
#8980=CARTESIAN_POINT('',(-2.104412800074E1,1.131565833092E1,4.87E1));
#8981=DIRECTION('',(9.608236545764E-1,-2.771604315310E-1,0.E0));
#8982=DIRECTION('',(2.771604315310E-1,9.608236545764E-1,0.E0));
#8983=AXIS2_PLACEMENT_3D('',#8980,#8981,#8982);
#8984=PLANE('',#8983);
#8985=ORIENTED_EDGE('',*,*,#8188,.F.);
#8987=ORIENTED_EDGE('',*,*,#8986,.T.);
#8989=ORIENTED_EDGE('',*,*,#8988,.T.);
#8990=ORIENTED_EDGE('',*,*,#8972,.F.);
#8991=EDGE_LOOP('',(#8985,#8987,#8989,#8990));
#8992=FACE_OUTER_BOUND('',#8991,.F.);
#8993=ADVANCED_FACE('',(#8992),#8984,.T.);
#8994=CARTESIAN_POINT('',(-2.128407075807E1,1.122253601084E1,4.87E1));
#8995=CARTESIAN_POINT('',(-2.122808173631E1,1.128323458435E1,4.87E1));
#8996=CARTESIAN_POINT('',(-2.114512522388E1,1.131432412408E1,4.87E1));
#8997=CARTESIAN_POINT('',(-2.103797300608E1,1.131577491331E1,4.87E1));
#8999=DIRECTION('',(0.E0,0.E0,1.E0));
#9000=VECTOR('',#8999,1.E0);
#9001=SURFACE_OF_LINEAR_EXTRUSION('',#8998,#9000);
#9002=ORIENTED_EDGE('',*,*,#8186,.F.);
#9004=ORIENTED_EDGE('',*,*,#9003,.T.);
#9006=ORIENTED_EDGE('',*,*,#9005,.T.);
#9007=ORIENTED_EDGE('',*,*,#8986,.F.);
#9008=EDGE_LOOP('',(#9002,#9004,#9006,#9007));
#9009=FACE_OUTER_BOUND('',#9008,.F.);
#9010=ADVANCED_FACE('',(#9009),#9001,.T.);
#9011=CARTESIAN_POINT('',(-2.154691022284E1,1.054512732029E1,4.87E1));
#9012=CARTESIAN_POINT('',(-2.139569131057E1,1.108575522406E1,4.87E1));
#9013=CARTESIAN_POINT('',(-2.127856830843E1,1.131235461694E1,4.87E1));
#9014=CARTESIAN_POINT('',(-2.120767526457E1,1.123705181809E1,4.87E1));
#9016=DIRECTION('',(0.E0,0.E0,1.E0));
#9017=VECTOR('',#9016,1.E0);
#9018=SURFACE_OF_LINEAR_EXTRUSION('',#9015,#9017);
#9019=ORIENTED_EDGE('',*,*,#8184,.F.);
#9021=ORIENTED_EDGE('',*,*,#9020,.T.);
#9023=ORIENTED_EDGE('',*,*,#9022,.T.);
#9024=ORIENTED_EDGE('',*,*,#9003,.F.);
#9025=EDGE_LOOP('',(#9019,#9021,#9023,#9024));
#9026=FACE_OUTER_BOUND('',#9025,.F.);
#9027=ADVANCED_FACE('',(#9026),#9018,.T.);
#9028=CARTESIAN_POINT('',(-2.205551609397E1,8.722419947386E0,4.87E1));
#9029=DIRECTION('',(9.629141780621E-1,-2.698078680968E-1,0.E0));
#9030=DIRECTION('',(2.698078680968E-1,9.629141780621E-1,0.E0));
#9031=AXIS2_PLACEMENT_3D('',#9028,#9029,#9030);
#9032=PLANE('',#9031);
#9033=ORIENTED_EDGE('',*,*,#8182,.F.);
#9035=ORIENTED_EDGE('',*,*,#9034,.T.);
#9037=ORIENTED_EDGE('',*,*,#9036,.T.);
#9038=ORIENTED_EDGE('',*,*,#9020,.F.);
#9039=EDGE_LOOP('',(#9033,#9035,#9037,#9038));
#9040=FACE_OUTER_BOUND('',#9039,.F.);
#9041=ADVANCED_FACE('',(#9040),#9032,.T.);
#9042=CARTESIAN_POINT('',(-2.209691375350E1,8.243110363766E0,4.87E1));
#9043=CARTESIAN_POINT('',(-2.214164778871E1,8.311442949453E0,4.87E1));
#9044=CARTESIAN_POINT('',(-2.212613457522E1,8.474580005554E0,4.87E1));
#9045=CARTESIAN_POINT('',(-2.205126240907E1,8.737476402719E0,4.87E1));
#9047=DIRECTION('',(0.E0,0.E0,1.E0));
#9048=VECTOR('',#9047,1.E0);
#9049=SURFACE_OF_LINEAR_EXTRUSION('',#9046,#9048);
#9050=ORIENTED_EDGE('',*,*,#8180,.F.);
#9052=ORIENTED_EDGE('',*,*,#9051,.T.);
#9054=ORIENTED_EDGE('',*,*,#9053,.T.);
#9055=ORIENTED_EDGE('',*,*,#9034,.F.);
#9056=EDGE_LOOP('',(#9050,#9052,#9054,#9055));
#9057=FACE_OUTER_BOUND('',#9056,.F.);
#9058=ADVANCED_FACE('',(#9057),#9049,.T.);
#9059=CARTESIAN_POINT('',(-2.171154245095E1,8.129127848140E0,4.87E1));
#9060=CARTESIAN_POINT('',(-2.193268937495E1,8.135552092346E0,4.87E1));
#9061=CARTESIAN_POINT('',(-2.206219359275E1,8.177045470173E0,4.87E1));
#9062=CARTESIAN_POINT('',(-2.210181321093E1,8.251411719580E0,4.87E1));
#9064=DIRECTION('',(0.E0,0.E0,1.E0));
#9065=VECTOR('',#9064,1.E0);
#9066=SURFACE_OF_LINEAR_EXTRUSION('',#9063,#9065);
#9067=ORIENTED_EDGE('',*,*,#8178,.F.);
#9069=ORIENTED_EDGE('',*,*,#9068,.T.);
#9071=ORIENTED_EDGE('',*,*,#9070,.T.);
#9072=ORIENTED_EDGE('',*,*,#9051,.F.);
#9073=EDGE_LOOP('',(#9067,#9069,#9071,#9072));
#9074=FACE_OUTER_BOUND('',#9073,.F.);
#9075=ADVANCED_FACE('',(#9074),#9066,.T.);
#9076=CARTESIAN_POINT('',(-2.176156577468E1,8.E0,4.87E1));
#9077=DIRECTION('',(9.608236694347E-1,-2.771603800221E-1,0.E0));
#9078=DIRECTION('',(2.771603800221E-1,9.608236694347E-1,0.E0));
#9079=AXIS2_PLACEMENT_3D('',#9076,#9077,#9078);
#9080=PLANE('',#9079);
#9081=ORIENTED_EDGE('',*,*,#8176,.F.);
#9083=ORIENTED_EDGE('',*,*,#9082,.T.);
#9085=ORIENTED_EDGE('',*,*,#9084,.T.);
#9086=ORIENTED_EDGE('',*,*,#9068,.F.);
#9087=EDGE_LOOP('',(#9081,#9083,#9085,#9086));
#9088=FACE_OUTER_BOUND('',#9087,.F.);
#9089=ADVANCED_FACE('',(#9088),#9080,.T.);
#9090=CARTESIAN_POINT('',(-2.320391458273E1,8.E0,4.87E1));
#9091=DIRECTION('',(0.E0,-1.E0,0.E0));
#9092=DIRECTION('',(1.E0,0.E0,0.E0));
#9093=AXIS2_PLACEMENT_3D('',#9090,#9091,#9092);
#9094=PLANE('',#9093);
#9095=ORIENTED_EDGE('',*,*,#8174,.F.);
#9097=ORIENTED_EDGE('',*,*,#9096,.T.);
#9099=ORIENTED_EDGE('',*,*,#9098,.T.);
#9100=ORIENTED_EDGE('',*,*,#9082,.F.);
#9101=EDGE_LOOP('',(#9095,#9097,#9099,#9100));
#9102=FACE_OUTER_BOUND('',#9101,.F.);
#9103=ADVANCED_FACE('',(#9102),#9094,.T.);
#9104=CARTESIAN_POINT('',(-2.316903916001E1,8.129537370056E0,4.87E1));
#9105=DIRECTION('',(-9.656158016880E-1,2.599733131120E-1,0.E0));
#9106=DIRECTION('',(-2.599733131120E-1,-9.656158016880E-1,0.E0));
#9107=AXIS2_PLACEMENT_3D('',#9104,#9105,#9106);
#9108=PLANE('',#9107);
#9109=ORIENTED_EDGE('',*,*,#8172,.F.);
#9111=ORIENTED_EDGE('',*,*,#9110,.T.);
#9113=ORIENTED_EDGE('',*,*,#9112,.T.);
#9114=ORIENTED_EDGE('',*,*,#9096,.F.);
#9115=EDGE_LOOP('',(#9109,#9111,#9113,#9114));
#9116=FACE_OUTER_BOUND('',#9115,.F.);
#9117=ADVANCED_FACE('',(#9116),#9108,.T.);
#9118=CARTESIAN_POINT('',(-2.282712426823E1,8.231515826827E0,4.87E1));
#9119=CARTESIAN_POINT('',(-2.290449219565E1,8.166968967677E0,4.87E1));
#9120=CARTESIAN_POINT('',(-2.302105217058E1,8.133313342158E0,4.87E1));
#9121=CARTESIAN_POINT('',(-2.317805198373E1,8.129271311578E0,4.87E1));
#9123=DIRECTION('',(0.E0,0.E0,1.E0));
#9124=VECTOR('',#9123,1.E0);
#9125=SURFACE_OF_LINEAR_EXTRUSION('',#9122,#9124);
#9126=ORIENTED_EDGE('',*,*,#8170,.F.);
#9128=ORIENTED_EDGE('',*,*,#9127,.T.);
#9130=ORIENTED_EDGE('',*,*,#9129,.T.);
#9131=ORIENTED_EDGE('',*,*,#9110,.F.);
#9132=EDGE_LOOP('',(#9126,#9128,#9130,#9131));
#9133=FACE_OUTER_BOUND('',#9132,.F.);
#9134=ADVANCED_FACE('',(#9133),#9125,.T.);
#9135=CARTESIAN_POINT('',(-2.254585506125E1,8.874406153990E0,4.87E1));
#9136=CARTESIAN_POINT('',(-2.268388918756E1,8.386148766964E0,4.87E1));
#9137=CARTESIAN_POINT('',(-2.280861555925E1,8.164952411224E0,4.87E1));
#9138=CARTESIAN_POINT('',(-2.292565003464E1,8.205309440460E0,4.87E1));
#9140=DIRECTION('',(0.E0,0.E0,1.E0));
#9141=VECTOR('',#9140,1.E0);
#9142=SURFACE_OF_LINEAR_EXTRUSION('',#9139,#9141);
#9143=ORIENTED_EDGE('',*,*,#8168,.F.);
#9145=ORIENTED_EDGE('',*,*,#9144,.T.);
#9147=ORIENTED_EDGE('',*,*,#9146,.T.);
#9148=ORIENTED_EDGE('',*,*,#9127,.F.);
#9149=EDGE_LOOP('',(#9143,#9145,#9147,#9148));
#9150=FACE_OUTER_BOUND('',#9149,.F.);
#9151=ADVANCED_FACE('',(#9150),#9142,.T.);
#9152=CARTESIAN_POINT('',(-2.232206404209E1,9.686476871371E0,4.87E1));
#9153=DIRECTION('',(-9.631962749789E-1,2.687990622506E-1,0.E0));
#9154=DIRECTION('',(-2.687990622506E-1,-9.631962749789E-1,0.E0));
#9155=AXIS2_PLACEMENT_3D('',#9152,#9153,#9154);
#9156=PLANE('',#9155);
#9157=ORIENTED_EDGE('',*,*,#8166,.F.);
#9159=ORIENTED_EDGE('',*,*,#9158,.T.);
#9161=ORIENTED_EDGE('',*,*,#9160,.T.);
#9162=ORIENTED_EDGE('',*,*,#9144,.F.);
#9163=EDGE_LOOP('',(#9157,#9159,#9161,#9162));
#9164=FACE_OUTER_BOUND('',#9163,.F.);
#9165=ADVANCED_FACE('',(#9164),#9156,.T.);
#9166=CARTESIAN_POINT('',(-2.374697513878E1,9.686476871371E0,4.87E1));
#9167=DIRECTION('',(0.E0,-1.E0,0.E0));
#9168=DIRECTION('',(1.E0,0.E0,0.E0));
#9169=AXIS2_PLACEMENT_3D('',#9166,#9167,#9168);
#9170=PLANE('',#9169);
#9171=ORIENTED_EDGE('',*,*,#8164,.F.);
#9173=ORIENTED_EDGE('',*,*,#9172,.T.);
#9175=ORIENTED_EDGE('',*,*,#9174,.T.);
#9176=ORIENTED_EDGE('',*,*,#9158,.F.);
#9177=EDGE_LOOP('',(#9171,#9173,#9175,#9176));
#9178=FACE_OUTER_BOUND('',#9177,.F.);
#9179=ADVANCED_FACE('',(#9178),#9170,.T.);
#9180=CARTESIAN_POINT('',(-2.401850536466E1,8.722419947386E0,4.87E1));
#9181=DIRECTION('',(9.625495886808E-1,-2.711056792663E-1,0.E0));
#9182=DIRECTION('',(2.711056792663E-1,9.625495886808E-1,0.E0));
#9183=AXIS2_PLACEMENT_3D('',#9180,#9181,#9182);
#9184=PLANE('',#9183);
#9185=ORIENTED_EDGE('',*,*,#8162,.F.);
#9187=ORIENTED_EDGE('',*,*,#9186,.T.);
#9189=ORIENTED_EDGE('',*,*,#9188,.T.);
#9190=ORIENTED_EDGE('',*,*,#9172,.F.);
#9191=EDGE_LOOP('',(#9185,#9187,#9189,#9190));
#9192=FACE_OUTER_BOUND('',#9191,.F.);
#9193=ADVANCED_FACE('',(#9192),#9184,.T.);
#9194=CARTESIAN_POINT('',(-2.406511969941E1,8.188238055456E0,4.87E1));
#9195=CARTESIAN_POINT('',(-2.411079620147E1,8.312391222717E0,4.87E1));
#9196=CARTESIAN_POINT('',(-2.408308687396E1,8.527099347393E0,4.87E1));
#9197=CARTESIAN_POINT('',(-2.398206935687E1,8.843294519354E0,4.87E1));
#9199=DIRECTION('',(0.E0,0.E0,1.E0));
#9200=VECTOR('',#9199,1.E0);
#9201=SURFACE_OF_LINEAR_EXTRUSION('',#9198,#9200);
#9202=ORIENTED_EDGE('',*,*,#8160,.F.);
#9204=ORIENTED_EDGE('',*,*,#9203,.T.);
#9206=ORIENTED_EDGE('',*,*,#9205,.T.);
#9207=ORIENTED_EDGE('',*,*,#9186,.F.);
#9208=EDGE_LOOP('',(#9202,#9204,#9206,#9207));
#9209=FACE_OUTER_BOUND('',#9208,.F.);
#9210=ADVANCED_FACE('',(#9209),#9201,.T.);
#9211=CARTESIAN_POINT('',(-2.372327775627E1,8.128996302484E0,4.87E1));
#9212=CARTESIAN_POINT('',(-2.396359439710E1,8.137390323078E0,4.87E1));
#9213=CARTESIAN_POINT('',(-2.408541243923E1,8.196977510972E0,4.87E1));
#9214=CARTESIAN_POINT('',(-2.408592951350E1,8.307757851533E0,4.87E1));
#9216=DIRECTION('',(0.E0,0.E0,1.E0));
#9217=VECTOR('',#9216,1.E0);
#9218=SURFACE_OF_LINEAR_EXTRUSION('',#9215,#9217);
#9219=ORIENTED_EDGE('',*,*,#8158,.F.);
#9221=ORIENTED_EDGE('',*,*,#9220,.T.);
#9223=ORIENTED_EDGE('',*,*,#9222,.T.);
#9224=ORIENTED_EDGE('',*,*,#9203,.F.);
#9225=EDGE_LOOP('',(#9219,#9221,#9223,#9224));
#9226=FACE_OUTER_BOUND('',#9225,.F.);
#9227=ADVANCED_FACE('',(#9226),#9218,.T.);
#9228=CARTESIAN_POINT('',(-2.377437719703E1,8.E0,4.87E1));
#9229=DIRECTION('',(9.608236694347E-1,-2.771603800221E-1,0.E0));
#9230=DIRECTION('',(2.771603800221E-1,9.608236694347E-1,0.E0));
#9231=AXIS2_PLACEMENT_3D('',#9228,#9229,#9230);
#9232=PLANE('',#9231);
#9233=ORIENTED_EDGE('',*,*,#8156,.F.);
#9235=ORIENTED_EDGE('',*,*,#9234,.T.);
#9237=ORIENTED_EDGE('',*,*,#9236,.T.);
#9238=ORIENTED_EDGE('',*,*,#9220,.F.);
#9239=EDGE_LOOP('',(#9233,#9235,#9237,#9238));
#9240=FACE_OUTER_BOUND('',#9239,.F.);
#9241=ADVANCED_FACE('',(#9240),#9232,.T.);
#9242=CARTESIAN_POINT('',(-2.505978647899E1,8.E0,4.87E1));
#9243=DIRECTION('',(0.E0,-1.E0,0.E0));
#9244=DIRECTION('',(1.E0,0.E0,0.E0));
#9245=AXIS2_PLACEMENT_3D('',#9242,#9243,#9244);
#9246=PLANE('',#9245);
#9247=ORIENTED_EDGE('',*,*,#8154,.F.);
#9249=ORIENTED_EDGE('',*,*,#9248,.T.);
#9251=ORIENTED_EDGE('',*,*,#9250,.T.);
#9252=ORIENTED_EDGE('',*,*,#9234,.F.);
#9253=EDGE_LOOP('',(#9247,#9249,#9251,#9252));
#9254=FACE_OUTER_BOUND('',#9253,.F.);
#9255=ADVANCED_FACE('',(#9254),#9246,.T.);
#9256=CARTESIAN_POINT('',(-2.502241992881E1,8.129537370056E0,4.87E1));
#9257=DIRECTION('',(-9.608235889521E-1,2.771606590285E-1,0.E0));
#9258=DIRECTION('',(-2.771606590285E-1,-9.608235889521E-1,0.E0));
#9259=AXIS2_PLACEMENT_3D('',#9256,#9257,#9258);
#9260=PLANE('',#9259);
#9261=ORIENTED_EDGE('',*,*,#8152,.F.);
#9263=ORIENTED_EDGE('',*,*,#9262,.T.);
#9265=ORIENTED_EDGE('',*,*,#9264,.T.);
#9266=ORIENTED_EDGE('',*,*,#9248,.F.);
#9267=EDGE_LOOP('',(#9261,#9263,#9265,#9266));
#9268=FACE_OUTER_BOUND('',#9267,.F.);
#9269=ADVANCED_FACE('',(#9268),#9260,.T.);
#9270=CARTESIAN_POINT('',(-2.473720946268E1,8.262996069003E0,4.87E1));
#9271=CARTESIAN_POINT('',(-2.478541471677E1,8.184642386024E0,4.87E1));
#9272=CARTESIAN_POINT('',(-2.488389731800E1,8.137891262919E0,4.87E1));
#9273=CARTESIAN_POINT('',(-2.503084383017E1,8.128981400239E0,4.87E1));
#9275=DIRECTION('',(0.E0,0.E0,1.E0));
#9276=VECTOR('',#9275,1.E0);
#9277=SURFACE_OF_LINEAR_EXTRUSION('',#9274,#9276);
#9278=ORIENTED_EDGE('',*,*,#8150,.F.);
#9280=ORIENTED_EDGE('',*,*,#9279,.T.);
#9282=ORIENTED_EDGE('',*,*,#9281,.T.);
#9283=ORIENTED_EDGE('',*,*,#9262,.F.);
#9284=EDGE_LOOP('',(#9278,#9280,#9282,#9283));
#9285=FACE_OUTER_BOUND('',#9284,.F.);
#9286=ADVANCED_FACE('',(#9285),#9277,.T.);
#9287=CARTESIAN_POINT('',(-2.450823843061E1,8.870908070629E0,4.87E1));
#9288=CARTESIAN_POINT('',(-2.463765532647E1,8.439002089957E0,4.87E1));
#9289=CARTESIAN_POINT('',(-2.473463356059E1,8.217940365983E0,4.87E1));
#9290=CARTESIAN_POINT('',(-2.479540014532E1,8.205301905203E0,4.87E1));
#9292=DIRECTION('',(0.E0,0.E0,1.E0));
#9293=VECTOR('',#9292,1.E0);
#9294=SURFACE_OF_LINEAR_EXTRUSION('',#9291,#9293);
#9295=ORIENTED_EDGE('',*,*,#8148,.F.);
#9297=ORIENTED_EDGE('',*,*,#9296,.T.);
#9299=ORIENTED_EDGE('',*,*,#9298,.T.);
#9300=ORIENTED_EDGE('',*,*,#9279,.F.);
#9301=EDGE_LOOP('',(#9295,#9297,#9299,#9300));
#9302=FACE_OUTER_BOUND('',#9301,.F.);
#9303=ADVANCED_FACE('',(#9302),#9294,.T.);
#9304=CARTESIAN_POINT('',(-2.399608537555E1,1.072277572751E1,4.87E1));
#9305=DIRECTION('',(-9.632251811091E-1,2.686954604703E-1,0.E0));
#9306=DIRECTION('',(-2.686954604703E-1,-9.632251811091E-1,0.E0));
#9307=AXIS2_PLACEMENT_3D('',#9304,#9305,#9306);
#9308=PLANE('',#9307);
#9309=ORIENTED_EDGE('',*,*,#8146,.F.);
#9311=ORIENTED_EDGE('',*,*,#9310,.T.);
#9313=ORIENTED_EDGE('',*,*,#9312,.T.);
#9314=ORIENTED_EDGE('',*,*,#9296,.F.);
#9315=EDGE_LOOP('',(#9309,#9311,#9313,#9314));
#9316=FACE_OUTER_BOUND('',#9315,.F.);
#9317=ADVANCED_FACE('',(#9316),#9308,.T.);
#9318=CARTESIAN_POINT('',(-2.401835054419E1,1.127488702859E1,4.87E1));
#9319=CARTESIAN_POINT('',(-2.390219848579E1,1.123975653185E1,4.87E1));
#9320=CARTESIAN_POINT('',(-2.390138071490E1,1.099890034229E1,4.87E1));
#9321=CARTESIAN_POINT('',(-2.404163891912E1,1.057375010025E1,4.87E1));
#9323=DIRECTION('',(0.E0,0.E0,1.E0));
#9324=VECTOR('',#9323,1.E0);
#9325=SURFACE_OF_LINEAR_EXTRUSION('',#9322,#9324);
#9326=ORIENTED_EDGE('',*,*,#8144,.F.);
#9328=ORIENTED_EDGE('',*,*,#9327,.T.);
#9330=ORIENTED_EDGE('',*,*,#9329,.T.);
#9331=ORIENTED_EDGE('',*,*,#9310,.F.);
#9332=EDGE_LOOP('',(#9326,#9328,#9330,#9331));
#9333=FACE_OUTER_BOUND('',#9332,.F.);
#9334=ADVANCED_FACE('',(#9333),#9325,.T.);
#9335=CARTESIAN_POINT('',(-2.433131415241E1,1.131560151608E1,4.87E1));
#9336=CARTESIAN_POINT('',(-2.408861240364E1,1.131757140601E1,4.87E1));
#9337=CARTESIAN_POINT('',(-2.395910273822E1,1.126830007377E1,4.87E1));
#9338=CARTESIAN_POINT('',(-2.394131588044E1,1.117029225366E1,4.87E1));
#9340=DIRECTION('',(0.E0,0.E0,1.E0));
#9341=VECTOR('',#9340,1.E0);
#9342=SURFACE_OF_LINEAR_EXTRUSION('',#9339,#9341);
#9343=ORIENTED_EDGE('',*,*,#8142,.F.);
#9345=ORIENTED_EDGE('',*,*,#9344,.T.);
#9347=ORIENTED_EDGE('',*,*,#9346,.T.);
#9348=ORIENTED_EDGE('',*,*,#9327,.F.);
#9349=EDGE_LOOP('',(#9343,#9345,#9347,#9348));
#9350=FACE_OUTER_BOUND('',#9349,.F.);
#9351=ADVANCED_FACE('',(#9350),#9342,.T.);
#9352=CARTESIAN_POINT('',(-2.428256227821E1,1.144519567490E1,4.87E1));
#9353=DIRECTION('',(-9.656157885501E-1,2.599733619099E-1,0.E0));
#9354=DIRECTION('',(-2.599733619099E-1,-9.656157885501E-1,0.E0));
#9355=AXIS2_PLACEMENT_3D('',#9352,#9353,#9354);
#9356=PLANE('',#9355);
#9357=ORIENTED_EDGE('',*,*,#8140,.F.);
#9359=ORIENTED_EDGE('',*,*,#9358,.T.);
#9361=ORIENTED_EDGE('',*,*,#9360,.T.);
#9362=ORIENTED_EDGE('',*,*,#9344,.F.);
#9363=EDGE_LOOP('',(#9357,#9359,#9361,#9362));
#9364=FACE_OUTER_BOUND('',#9363,.F.);
#9365=ADVANCED_FACE('',(#9364),#9356,.T.);
#9366=CARTESIAN_POINT('',(-2.284519580007E1,1.144519567490E1,4.87E1));
#9367=DIRECTION('',(0.E0,1.E0,0.E0));
#9368=DIRECTION('',(-1.E0,0.E0,0.E0));
#9369=AXIS2_PLACEMENT_3D('',#9366,#9367,#9368);
#9370=PLANE('',#9369);
#9371=ORIENTED_EDGE('',*,*,#8138,.F.);
#9373=ORIENTED_EDGE('',*,*,#9372,.T.);
#9375=ORIENTED_EDGE('',*,*,#9374,.T.);
#9376=ORIENTED_EDGE('',*,*,#9358,.F.);
#9377=EDGE_LOOP('',(#9371,#9373,#9375,#9376));
#9378=FACE_OUTER_BOUND('',#9377,.F.);
#9379=ADVANCED_FACE('',(#9378),#9370,.T.);
#9380=CARTESIAN_POINT('',(-2.288256230950E1,1.131565833092E1,4.87E1));
#9381=DIRECTION('',(9.608236545764E-1,-2.771604315310E-1,0.E0));
#9382=DIRECTION('',(2.771604315310E-1,9.608236545764E-1,0.E0));
#9383=AXIS2_PLACEMENT_3D('',#9380,#9381,#9382);
#9384=PLANE('',#9383);
#9385=ORIENTED_EDGE('',*,*,#8136,.F.);
#9387=ORIENTED_EDGE('',*,*,#9386,.T.);
#9389=ORIENTED_EDGE('',*,*,#9388,.T.);
#9390=ORIENTED_EDGE('',*,*,#9372,.F.);
#9391=EDGE_LOOP('',(#9385,#9387,#9389,#9390));
#9392=FACE_OUTER_BOUND('',#9391,.F.);
#9393=ADVANCED_FACE('',(#9392),#9384,.T.);
#9394=CARTESIAN_POINT('',(-2.322068197774E1,1.122110768463E1,4.87E1));
#9395=CARTESIAN_POINT('',(-2.315480043678E1,1.127310692840E1,4.87E1));
#9396=CARTESIAN_POINT('',(-2.303817373031E1,1.130415572091E1,4.87E1));
#9397=CARTESIAN_POINT('',(-2.287309214743E1,1.131638474671E1,4.87E1));
#9399=DIRECTION('',(0.E0,0.E0,1.E0));
#9400=VECTOR('',#9399,1.E0);
#9401=SURFACE_OF_LINEAR_EXTRUSION('',#9398,#9400);
#9402=ORIENTED_EDGE('',*,*,#8134,.F.);
#9404=ORIENTED_EDGE('',*,*,#9403,.T.);
#9406=ORIENTED_EDGE('',*,*,#9405,.T.);
#9407=ORIENTED_EDGE('',*,*,#9386,.F.);
#9408=EDGE_LOOP('',(#9402,#9404,#9406,#9407));
#9409=FACE_OUTER_BOUND('',#9408,.F.);
#9410=ADVANCED_FACE('',(#9409),#9401,.T.);
#9411=CARTESIAN_POINT('',(-2.351467419053E1,1.054469357057E1,4.87E1));
#9412=CARTESIAN_POINT('',(-2.334423362914E1,1.110308536826E1,4.87E1));
#9413=CARTESIAN_POINT('',(-2.321789403395E1,1.132456486766E1,4.87E1));
#9414=CARTESIAN_POINT('',(-2.312572980776E1,1.121203949782E1,4.87E1));
#9416=DIRECTION('',(0.E0,0.E0,1.E0));
#9417=VECTOR('',#9416,1.E0);
#9418=SURFACE_OF_LINEAR_EXTRUSION('',#9415,#9417);
#9419=ORIENTED_EDGE('',*,*,#8132,.F.);
#9420=ORIENTED_EDGE('',*,*,#8885,.T.);
#9422=ORIENTED_EDGE('',*,*,#9421,.T.);
#9423=ORIENTED_EDGE('',*,*,#9403,.F.);
#9424=EDGE_LOOP('',(#9419,#9420,#9422,#9423));
#9425=FACE_OUTER_BOUND('',#9424,.F.);
#9426=ADVANCED_FACE('',(#9425),#9418,.T.);
#9427=CARTESIAN_POINT('',(0.E0,0.E0,4.9E1));
#9428=DIRECTION('',(0.E0,0.E0,1.E0));
#9429=DIRECTION('',(1.E0,0.E0,0.E0));
#9430=AXIS2_PLACEMENT_3D('',#9427,#9428,#9429);
#9431=PLANE('',#9430);
#9432=ORIENTED_EDGE('',*,*,#8883,.F.);
#9433=ORIENTED_EDGE('',*,*,#8898,.F.);
#9434=ORIENTED_EDGE('',*,*,#8912,.F.);
#9435=ORIENTED_EDGE('',*,*,#8929,.F.);
#9436=ORIENTED_EDGE('',*,*,#8946,.F.);
#9437=ORIENTED_EDGE('',*,*,#8960,.F.);
#9438=ORIENTED_EDGE('',*,*,#8974,.F.);
#9439=ORIENTED_EDGE('',*,*,#8988,.F.);
#9440=ORIENTED_EDGE('',*,*,#9005,.F.);
#9441=ORIENTED_EDGE('',*,*,#9022,.F.);
#9442=ORIENTED_EDGE('',*,*,#9036,.F.);
#9443=ORIENTED_EDGE('',*,*,#9053,.F.);
#9444=ORIENTED_EDGE('',*,*,#9070,.F.);
#9445=ORIENTED_EDGE('',*,*,#9084,.F.);
#9446=ORIENTED_EDGE('',*,*,#9098,.F.);
#9447=ORIENTED_EDGE('',*,*,#9112,.F.);
#9448=ORIENTED_EDGE('',*,*,#9129,.F.);
#9449=ORIENTED_EDGE('',*,*,#9146,.F.);
#9450=ORIENTED_EDGE('',*,*,#9160,.F.);
#9451=ORIENTED_EDGE('',*,*,#9174,.F.);
#9452=ORIENTED_EDGE('',*,*,#9188,.F.);
#9453=ORIENTED_EDGE('',*,*,#9205,.F.);
#9454=ORIENTED_EDGE('',*,*,#9222,.F.);
#9455=ORIENTED_EDGE('',*,*,#9236,.F.);
#9456=ORIENTED_EDGE('',*,*,#9250,.F.);
#9457=ORIENTED_EDGE('',*,*,#9264,.F.);
#9458=ORIENTED_EDGE('',*,*,#9281,.F.);
#9459=ORIENTED_EDGE('',*,*,#9298,.F.);
#9460=ORIENTED_EDGE('',*,*,#9312,.F.);
#9461=ORIENTED_EDGE('',*,*,#9329,.F.);
#9462=ORIENTED_EDGE('',*,*,#9346,.F.);
#9463=ORIENTED_EDGE('',*,*,#9360,.F.);
#9464=ORIENTED_EDGE('',*,*,#9374,.F.);
#9465=ORIENTED_EDGE('',*,*,#9388,.F.);
#9466=ORIENTED_EDGE('',*,*,#9405,.F.);
#9467=ORIENTED_EDGE('',*,*,#9421,.F.);
#9468=EDGE_LOOP('',(#9432,#9433,#9434,#9435,#9436,#9437,#9438,#9439,#9440,#9441,
#9442,#9443,#9444,#9445,#9446,#9447,#9448,#9449,#9450,#9451,#9452,#9453,#9454,
#9455,#9456,#9457,#9458,#9459,#9460,#9461,#9462,#9463,#9464,#9465,#9466,#9467));
#9469=FACE_OUTER_BOUND('',#9468,.F.);
#9470=ADVANCED_FACE('',(#9469),#9431,.T.);
#9471=CARTESIAN_POINT('',(0.E0,0.E0,4.9E1));
#9472=DIRECTION('',(0.E0,0.E0,1.E0));
#9473=DIRECTION('',(1.E0,0.E0,0.E0));
#9474=AXIS2_PLACEMENT_3D('',#9471,#9472,#9473);
#9475=PLANE('',#9474);
#9477=ORIENTED_EDGE('',*,*,#9476,.F.);
#9479=ORIENTED_EDGE('',*,*,#9478,.F.);
#9481=ORIENTED_EDGE('',*,*,#9480,.F.);
#9483=ORIENTED_EDGE('',*,*,#9482,.F.);
#9485=ORIENTED_EDGE('',*,*,#9484,.F.);
#9487=ORIENTED_EDGE('',*,*,#9486,.F.);
#9489=ORIENTED_EDGE('',*,*,#9488,.F.);
#9491=ORIENTED_EDGE('',*,*,#9490,.F.);
#9493=ORIENTED_EDGE('',*,*,#9492,.F.);
#9495=ORIENTED_EDGE('',*,*,#9494,.F.);
#9497=ORIENTED_EDGE('',*,*,#9496,.F.);
#9499=ORIENTED_EDGE('',*,*,#9498,.F.);
#9501=ORIENTED_EDGE('',*,*,#9500,.F.);
#9503=ORIENTED_EDGE('',*,*,#9502,.F.);
#9505=ORIENTED_EDGE('',*,*,#9504,.F.);
#9507=ORIENTED_EDGE('',*,*,#9506,.F.);
#9508=EDGE_LOOP('',(#9477,#9479,#9481,#9483,#9485,#9487,#9489,#9491,#9493,#9495,
#9497,#9499,#9501,#9503,#9505,#9507));
#9509=FACE_OUTER_BOUND('',#9508,.F.);
#9510=ADVANCED_FACE('',(#9509),#9475,.T.);
#9511=CARTESIAN_POINT('',(0.E0,0.E0,4.9E1));
#9512=DIRECTION('',(0.E0,0.E0,1.E0));
#9513=DIRECTION('',(1.E0,0.E0,0.E0));
#9514=AXIS2_PLACEMENT_3D('',#9511,#9512,#9513);
#9515=PLANE('',#9514);
#9517=ORIENTED_EDGE('',*,*,#9516,.F.);
#9519=ORIENTED_EDGE('',*,*,#9518,.F.);
#9521=ORIENTED_EDGE('',*,*,#9520,.F.);
#9523=ORIENTED_EDGE('',*,*,#9522,.F.);
#9525=ORIENTED_EDGE('',*,*,#9524,.F.);
#9527=ORIENTED_EDGE('',*,*,#9526,.F.);
#9529=ORIENTED_EDGE('',*,*,#9528,.F.);
#9531=ORIENTED_EDGE('',*,*,#9530,.F.);
#9533=ORIENTED_EDGE('',*,*,#9532,.F.);
#9535=ORIENTED_EDGE('',*,*,#9534,.F.);
#9537=ORIENTED_EDGE('',*,*,#9536,.F.);
#9539=ORIENTED_EDGE('',*,*,#9538,.F.);
#9541=ORIENTED_EDGE('',*,*,#9540,.F.);
#9543=ORIENTED_EDGE('',*,*,#9542,.F.);
#9545=ORIENTED_EDGE('',*,*,#9544,.F.);
#9547=ORIENTED_EDGE('',*,*,#9546,.F.);
#9549=ORIENTED_EDGE('',*,*,#9548,.F.);
#9551=ORIENTED_EDGE('',*,*,#9550,.F.);
#9553=ORIENTED_EDGE('',*,*,#9552,.F.);
#9555=ORIENTED_EDGE('',*,*,#9554,.F.);
#9557=ORIENTED_EDGE('',*,*,#9556,.F.);
#9559=ORIENTED_EDGE('',*,*,#9558,.F.);
#9561=ORIENTED_EDGE('',*,*,#9560,.F.);
#9563=ORIENTED_EDGE('',*,*,#9562,.F.);
#9565=ORIENTED_EDGE('',*,*,#9564,.F.);
#9567=ORIENTED_EDGE('',*,*,#9566,.F.);
#9569=ORIENTED_EDGE('',*,*,#9568,.F.);
#9571=ORIENTED_EDGE('',*,*,#9570,.F.);
#9573=ORIENTED_EDGE('',*,*,#9572,.F.);
#9575=ORIENTED_EDGE('',*,*,#9574,.F.);
#9577=ORIENTED_EDGE('',*,*,#9576,.F.);
#9579=ORIENTED_EDGE('',*,*,#9578,.F.);
#9581=ORIENTED_EDGE('',*,*,#9580,.F.);
#9583=ORIENTED_EDGE('',*,*,#9582,.F.);
#9585=ORIENTED_EDGE('',*,*,#9584,.F.);
#9587=ORIENTED_EDGE('',*,*,#9586,.F.);
#9589=ORIENTED_EDGE('',*,*,#9588,.F.);
#9591=ORIENTED_EDGE('',*,*,#9590,.F.);
#9592=EDGE_LOOP('',(#9517,#9519,#9521,#9523,#9525,#9527,#9529,#9531,#9533,#9535,
#9537,#9539,#9541,#9543,#9545,#9547,#9549,#9551,#9553,#9555,#9557,#9559,#9561,
#9563,#9565,#9567,#9569,#9571,#9573,#9575,#9577,#9579,#9581,#9583,#9585,#9587,
#9589,#9591));
#9593=FACE_OUTER_BOUND('',#9592,.F.);
#9594=ADVANCED_FACE('',(#9593),#9515,.T.);
#9595=CARTESIAN_POINT('',(0.E0,0.E0,4.9E1));
#9596=DIRECTION('',(0.E0,0.E0,1.E0));
#9597=DIRECTION('',(1.E0,0.E0,0.E0));
#9598=AXIS2_PLACEMENT_3D('',#9595,#9596,#9597);
#9599=PLANE('',#9598);
#9601=ORIENTED_EDGE('',*,*,#9600,.F.);
#9603=ORIENTED_EDGE('',*,*,#9602,.F.);
#9605=ORIENTED_EDGE('',*,*,#9604,.F.);
#9607=ORIENTED_EDGE('',*,*,#9606,.F.);
#9609=ORIENTED_EDGE('',*,*,#9608,.F.);
#9611=ORIENTED_EDGE('',*,*,#9610,.F.);
#9613=ORIENTED_EDGE('',*,*,#9612,.F.);
#9615=ORIENTED_EDGE('',*,*,#9614,.F.);
#9617=ORIENTED_EDGE('',*,*,#9616,.F.);
#9619=ORIENTED_EDGE('',*,*,#9618,.F.);
#9621=ORIENTED_EDGE('',*,*,#9620,.F.);
#9623=ORIENTED_EDGE('',*,*,#9622,.F.);
#9625=ORIENTED_EDGE('',*,*,#9624,.F.);
#9627=ORIENTED_EDGE('',*,*,#9626,.F.);
#9629=ORIENTED_EDGE('',*,*,#9628,.F.);
#9631=ORIENTED_EDGE('',*,*,#9630,.F.);
#9632=EDGE_LOOP('',(#9601,#9603,#9605,#9607,#9609,#9611,#9613,#9615,#9617,#9619,
#9621,#9623,#9625,#9627,#9629,#9631));
#9633=FACE_OUTER_BOUND('',#9632,.F.);
#9634=ADVANCED_FACE('',(#9633),#9599,.T.);
#9635=CARTESIAN_POINT('',(0.E0,0.E0,4.9E1));
#9636=DIRECTION('',(0.E0,0.E0,1.E0));
#9637=DIRECTION('',(1.E0,0.E0,0.E0));
#9638=AXIS2_PLACEMENT_3D('',#9635,#9636,#9637);
#9639=PLANE('',#9638);
#9641=ORIENTED_EDGE('',*,*,#9640,.F.);
#9643=ORIENTED_EDGE('',*,*,#9642,.F.);
#9645=ORIENTED_EDGE('',*,*,#9644,.F.);
#9647=ORIENTED_EDGE('',*,*,#9646,.F.);
#9649=ORIENTED_EDGE('',*,*,#9648,.F.);
#9651=ORIENTED_EDGE('',*,*,#9650,.F.);
#9653=ORIENTED_EDGE('',*,*,#9652,.F.);
#9655=ORIENTED_EDGE('',*,*,#9654,.F.);
#9657=ORIENTED_EDGE('',*,*,#9656,.F.);
#9659=ORIENTED_EDGE('',*,*,#9658,.F.);
#9661=ORIENTED_EDGE('',*,*,#9660,.F.);
#9663=ORIENTED_EDGE('',*,*,#9662,.F.);
#9665=ORIENTED_EDGE('',*,*,#9664,.F.);
#9667=ORIENTED_EDGE('',*,*,#9666,.F.);
#9669=ORIENTED_EDGE('',*,*,#9668,.F.);
#9671=ORIENTED_EDGE('',*,*,#9670,.F.);
#9673=ORIENTED_EDGE('',*,*,#9672,.F.);
#9675=ORIENTED_EDGE('',*,*,#9674,.F.);
#9677=ORIENTED_EDGE('',*,*,#9676,.F.);
#9679=ORIENTED_EDGE('',*,*,#9678,.F.);
#9681=ORIENTED_EDGE('',*,*,#9680,.F.);
#9683=ORIENTED_EDGE('',*,*,#9682,.F.);
#9685=ORIENTED_EDGE('',*,*,#9684,.F.);
#9687=ORIENTED_EDGE('',*,*,#9686,.F.);
#9689=ORIENTED_EDGE('',*,*,#9688,.F.);
#9690=EDGE_LOOP('',(#9641,#9643,#9645,#9647,#9649,#9651,#9653,#9655,#9657,#9659,
#9661,#9663,#9665,#9667,#9669,#9671,#9673,#9675,#9677,#9679,#9681,#9683,#9685,
#9687,#9689));
#9691=FACE_OUTER_BOUND('',#9690,.F.);
#9692=ADVANCED_FACE('',(#9691),#9639,.T.);
#9693=CARTESIAN_POINT('',(0.E0,0.E0,4.9E1));
#9694=DIRECTION('',(0.E0,0.E0,1.E0));
#9695=DIRECTION('',(1.E0,0.E0,0.E0));
#9696=AXIS2_PLACEMENT_3D('',#9693,#9694,#9695);
#9697=PLANE('',#9696);
#9699=ORIENTED_EDGE('',*,*,#9698,.F.);
#9701=ORIENTED_EDGE('',*,*,#9700,.F.);
#9703=ORIENTED_EDGE('',*,*,#9702,.F.);
#9705=ORIENTED_EDGE('',*,*,#9704,.F.);
#9707=ORIENTED_EDGE('',*,*,#9706,.F.);
#9709=ORIENTED_EDGE('',*,*,#9708,.F.);
#9711=ORIENTED_EDGE('',*,*,#9710,.F.);
#9713=ORIENTED_EDGE('',*,*,#9712,.F.);
#9715=ORIENTED_EDGE('',*,*,#9714,.F.);
#9717=ORIENTED_EDGE('',*,*,#9716,.F.);
#9719=ORIENTED_EDGE('',*,*,#9718,.F.);
#9721=ORIENTED_EDGE('',*,*,#9720,.F.);
#9722=EDGE_LOOP('',(#9699,#9701,#9703,#9705,#9707,#9709,#9711,#9713,#9715,#9717,
#9719,#9721));
#9723=FACE_OUTER_BOUND('',#9722,.F.);
#9724=ADVANCED_FACE('',(#9723),#9697,.T.);
#9725=CARTESIAN_POINT('',(0.E0,0.E0,4.9E1));
#9726=DIRECTION('',(0.E0,0.E0,1.E0));
#9727=DIRECTION('',(1.E0,0.E0,0.E0));
#9728=AXIS2_PLACEMENT_3D('',#9725,#9726,#9727);
#9729=PLANE('',#9728);
#9731=ORIENTED_EDGE('',*,*,#9730,.F.);
#9733=ORIENTED_EDGE('',*,*,#9732,.F.);
#9735=ORIENTED_EDGE('',*,*,#9734,.F.);
#9737=ORIENTED_EDGE('',*,*,#9736,.F.);
#9739=ORIENTED_EDGE('',*,*,#9738,.F.);
#9741=ORIENTED_EDGE('',*,*,#9740,.F.);
#9743=ORIENTED_EDGE('',*,*,#9742,.F.);
#9745=ORIENTED_EDGE('',*,*,#9744,.F.);
#9747=ORIENTED_EDGE('',*,*,#9746,.F.);
#9749=ORIENTED_EDGE('',*,*,#9748,.F.);
#9751=ORIENTED_EDGE('',*,*,#9750,.F.);
#9753=ORIENTED_EDGE('',*,*,#9752,.F.);
#9755=ORIENTED_EDGE('',*,*,#9754,.F.);
#9757=ORIENTED_EDGE('',*,*,#9756,.F.);
#9759=ORIENTED_EDGE('',*,*,#9758,.F.);
#9761=ORIENTED_EDGE('',*,*,#9760,.F.);
#9763=ORIENTED_EDGE('',*,*,#9762,.F.);
#9765=ORIENTED_EDGE('',*,*,#9764,.F.);
#9767=ORIENTED_EDGE('',*,*,#9766,.F.);
#9769=ORIENTED_EDGE('',*,*,#9768,.F.);
#9771=ORIENTED_EDGE('',*,*,#9770,.F.);
#9773=ORIENTED_EDGE('',*,*,#9772,.F.);
#9775=ORIENTED_EDGE('',*,*,#9774,.F.);
#9777=ORIENTED_EDGE('',*,*,#9776,.F.);
#9779=ORIENTED_EDGE('',*,*,#9778,.F.);
#9781=ORIENTED_EDGE('',*,*,#9780,.F.);
#9783=ORIENTED_EDGE('',*,*,#9782,.F.);
#9785=ORIENTED_EDGE('',*,*,#9784,.F.);
#9787=ORIENTED_EDGE('',*,*,#9786,.F.);
#9789=ORIENTED_EDGE('',*,*,#9788,.F.);
#9791=ORIENTED_EDGE('',*,*,#9790,.F.);
#9793=ORIENTED_EDGE('',*,*,#9792,.F.);
#9795=ORIENTED_EDGE('',*,*,#9794,.F.);
#9797=ORIENTED_EDGE('',*,*,#9796,.F.);
#9799=ORIENTED_EDGE('',*,*,#9798,.F.);
#9801=ORIENTED_EDGE('',*,*,#9800,.F.);
#9803=ORIENTED_EDGE('',*,*,#9802,.F.);
#9805=ORIENTED_EDGE('',*,*,#9804,.F.);
#9807=ORIENTED_EDGE('',*,*,#9806,.F.);
#9809=ORIENTED_EDGE('',*,*,#9808,.F.);
#9811=ORIENTED_EDGE('',*,*,#9810,.F.);
#9813=ORIENTED_EDGE('',*,*,#9812,.F.);
#9815=ORIENTED_EDGE('',*,*,#9814,.F.);
#9817=ORIENTED_EDGE('',*,*,#9816,.F.);
#9818=EDGE_LOOP('',(#9731,#9733,#9735,#9737,#9739,#9741,#9743,#9745,#9747,#9749,
#9751,#9753,#9755,#9757,#9759,#9761,#9763,#9765,#9767,#9769,#9771,#9773,#9775,
#9777,#9779,#9781,#9783,#9785,#9787,#9789,#9791,#9793,#9795,#9797,#9799,#9801,
#9803,#9805,#9807,#9809,#9811,#9813,#9815,#9817));
#9819=FACE_OUTER_BOUND('',#9818,.F.);
#9820=ADVANCED_FACE('',(#9819),#9729,.T.);
#9821=CARTESIAN_POINT('',(0.E0,0.E0,4.9E1));
#9822=DIRECTION('',(0.E0,0.E0,1.E0));
#9823=DIRECTION('',(1.E0,0.E0,0.E0));
#9824=AXIS2_PLACEMENT_3D('',#9821,#9822,#9823);
#9825=PLANE('',#9824);
#9827=ORIENTED_EDGE('',*,*,#9826,.F.);
#9829=ORIENTED_EDGE('',*,*,#9828,.F.);
#9831=ORIENTED_EDGE('',*,*,#9830,.F.);
#9833=ORIENTED_EDGE('',*,*,#9832,.F.);
#9835=ORIENTED_EDGE('',*,*,#9834,.F.);
#9837=ORIENTED_EDGE('',*,*,#9836,.F.);
#9839=ORIENTED_EDGE('',*,*,#9838,.F.);
#9841=ORIENTED_EDGE('',*,*,#9840,.F.);
#9843=ORIENTED_EDGE('',*,*,#9842,.F.);
#9845=ORIENTED_EDGE('',*,*,#9844,.F.);
#9847=ORIENTED_EDGE('',*,*,#9846,.F.);
#9849=ORIENTED_EDGE('',*,*,#9848,.F.);
#9851=ORIENTED_EDGE('',*,*,#9850,.F.);
#9853=ORIENTED_EDGE('',*,*,#9852,.F.);
#9855=ORIENTED_EDGE('',*,*,#9854,.F.);
#9857=ORIENTED_EDGE('',*,*,#9856,.F.);
#9859=ORIENTED_EDGE('',*,*,#9858,.F.);
#9861=ORIENTED_EDGE('',*,*,#9860,.F.);
#9863=ORIENTED_EDGE('',*,*,#9862,.F.);
#9865=ORIENTED_EDGE('',*,*,#9864,.F.);
#9867=ORIENTED_EDGE('',*,*,#9866,.F.);
#9869=ORIENTED_EDGE('',*,*,#9868,.F.);
#9871=ORIENTED_EDGE('',*,*,#9870,.F.);
#9873=ORIENTED_EDGE('',*,*,#9872,.F.);
#9875=ORIENTED_EDGE('',*,*,#9874,.F.);
#9877=ORIENTED_EDGE('',*,*,#9876,.F.);
#9879=ORIENTED_EDGE('',*,*,#9878,.F.);
#9881=ORIENTED_EDGE('',*,*,#9880,.F.);
#9883=ORIENTED_EDGE('',*,*,#9882,.F.);
#9885=ORIENTED_EDGE('',*,*,#9884,.F.);
#9887=ORIENTED_EDGE('',*,*,#9886,.F.);
#9889=ORIENTED_EDGE('',*,*,#9888,.F.);
#9891=ORIENTED_EDGE('',*,*,#9890,.F.);
#9893=ORIENTED_EDGE('',*,*,#9892,.F.);
#9895=ORIENTED_EDGE('',*,*,#9894,.F.);
#9897=ORIENTED_EDGE('',*,*,#9896,.F.);
#9899=ORIENTED_EDGE('',*,*,#9898,.F.);
#9901=ORIENTED_EDGE('',*,*,#9900,.F.);
#9903=ORIENTED_EDGE('',*,*,#9902,.F.);
#9905=ORIENTED_EDGE('',*,*,#9904,.F.);
#9907=ORIENTED_EDGE('',*,*,#9906,.F.);
#9909=ORIENTED_EDGE('',*,*,#9908,.F.);
#9911=ORIENTED_EDGE('',*,*,#9910,.F.);
#9913=ORIENTED_EDGE('',*,*,#9912,.F.);
#9915=ORIENTED_EDGE('',*,*,#9914,.F.);
#9917=ORIENTED_EDGE('',*,*,#9916,.F.);
#9919=ORIENTED_EDGE('',*,*,#9918,.F.);
#9921=ORIENTED_EDGE('',*,*,#9920,.F.);
#9923=ORIENTED_EDGE('',*,*,#9922,.F.);
#9925=ORIENTED_EDGE('',*,*,#9924,.F.);
#9927=ORIENTED_EDGE('',*,*,#9926,.F.);
#9929=ORIENTED_EDGE('',*,*,#9928,.F.);
#9931=ORIENTED_EDGE('',*,*,#9930,.F.);
#9933=ORIENTED_EDGE('',*,*,#9932,.F.);
#9935=ORIENTED_EDGE('',*,*,#9934,.F.);
#9937=ORIENTED_EDGE('',*,*,#9936,.F.);
#9939=ORIENTED_EDGE('',*,*,#9938,.F.);
#9940=EDGE_LOOP('',(#9827,#9829,#9831,#9833,#9835,#9837,#9839,#9841,#9843,#9845,
#9847,#9849,#9851,#9853,#9855,#9857,#9859,#9861,#9863,#9865,#9867,#9869,#9871,
#9873,#9875,#9877,#9879,#9881,#9883,#9885,#9887,#9889,#9891,#9893,#9895,#9897,
#9899,#9901,#9903,#9905,#9907,#9909,#9911,#9913,#9915,#9917,#9919,#9921,#9923,
#9925,#9927,#9929,#9931,#9933,#9935,#9937,#9939));
#9941=FACE_OUTER_BOUND('',#9940,.F.);
#9942=ADVANCED_FACE('',(#9941),#9825,.T.);
#9943=CARTESIAN_POINT('',(0.E0,0.E0,4.9E1));
#9944=DIRECTION('',(0.E0,0.E0,1.E0));
#9945=DIRECTION('',(1.E0,0.E0,0.E0));
#9946=AXIS2_PLACEMENT_3D('',#9943,#9944,#9945);
#9947=PLANE('',#9946);
#9949=ORIENTED_EDGE('',*,*,#9948,.F.);
#9951=ORIENTED_EDGE('',*,*,#9950,.F.);
#9953=ORIENTED_EDGE('',*,*,#9952,.F.);
#9955=ORIENTED_EDGE('',*,*,#9954,.F.);
#9957=ORIENTED_EDGE('',*,*,#9956,.F.);
#9959=ORIENTED_EDGE('',*,*,#9958,.F.);
#9961=ORIENTED_EDGE('',*,*,#9960,.F.);
#9963=ORIENTED_EDGE('',*,*,#9962,.F.);
#9965=ORIENTED_EDGE('',*,*,#9964,.F.);
#9967=ORIENTED_EDGE('',*,*,#9966,.F.);
#9969=ORIENTED_EDGE('',*,*,#9968,.F.);
#9971=ORIENTED_EDGE('',*,*,#9970,.F.);
#9973=ORIENTED_EDGE('',*,*,#9972,.F.);
#9975=ORIENTED_EDGE('',*,*,#9974,.F.);
#9977=ORIENTED_EDGE('',*,*,#9976,.F.);
#9979=ORIENTED_EDGE('',*,*,#9978,.F.);
#9981=ORIENTED_EDGE('',*,*,#9980,.F.);
#9983=ORIENTED_EDGE('',*,*,#9982,.F.);
#9985=ORIENTED_EDGE('',*,*,#9984,.F.);
#9987=ORIENTED_EDGE('',*,*,#9986,.F.);
#9989=ORIENTED_EDGE('',*,*,#9988,.F.);
#9991=ORIENTED_EDGE('',*,*,#9990,.F.);
#9993=ORIENTED_EDGE('',*,*,#9992,.F.);
#9995=ORIENTED_EDGE('',*,*,#9994,.F.);
#9997=ORIENTED_EDGE('',*,*,#9996,.F.);
#9999=ORIENTED_EDGE('',*,*,#9998,.F.);
#10000=EDGE_LOOP('',(#9949,#9951,#9953,#9955,#9957,#9959,#9961,#9963,#9965,
#9967,#9969,#9971,#9973,#9975,#9977,#9979,#9981,#9983,#9985,#9987,#9989,#9991,
#9993,#9995,#9997,#9999));
#10001=FACE_OUTER_BOUND('',#10000,.F.);
#10003=ORIENTED_EDGE('',*,*,#10002,.F.);
#10005=ORIENTED_EDGE('',*,*,#10004,.F.);
#10007=ORIENTED_EDGE('',*,*,#10006,.F.);
#10009=ORIENTED_EDGE('',*,*,#10008,.F.);
#10011=ORIENTED_EDGE('',*,*,#10010,.F.);
#10013=ORIENTED_EDGE('',*,*,#10012,.F.);
#10015=ORIENTED_EDGE('',*,*,#10014,.F.);
#10017=ORIENTED_EDGE('',*,*,#10016,.F.);
#10019=ORIENTED_EDGE('',*,*,#10018,.F.);
#10021=ORIENTED_EDGE('',*,*,#10020,.F.);
#10023=ORIENTED_EDGE('',*,*,#10022,.F.);
#10025=ORIENTED_EDGE('',*,*,#10024,.F.);
#10027=ORIENTED_EDGE('',*,*,#10026,.F.);
#10029=ORIENTED_EDGE('',*,*,#10028,.F.);
#10031=ORIENTED_EDGE('',*,*,#10030,.F.);
#10033=ORIENTED_EDGE('',*,*,#10032,.F.);
#10035=ORIENTED_EDGE('',*,*,#10034,.F.);
#10037=ORIENTED_EDGE('',*,*,#10036,.F.);
#10038=EDGE_LOOP('',(#10003,#10005,#10007,#10009,#10011,#10013,#10015,#10017,
#10019,#10021,#10023,#10025,#10027,#10029,#10031,#10033,#10035,#10037));
#10039=FACE_BOUND('',#10038,.F.);
#10040=ADVANCED_FACE('',(#10001,#10039),#9947,.T.);
#10041=CARTESIAN_POINT('',(-2.140782916546E1,8.E0,4.87E1));
#10042=DIRECTION('',(0.E0,-1.E0,0.E0));
#10043=DIRECTION('',(1.E0,0.E0,0.E0));
#10044=AXIS2_PLACEMENT_3D('',#10041,#10042,#10043);
#10045=PLANE('',#10044);
#10046=ORIENTED_EDGE('',*,*,#8204,.F.);
#10048=ORIENTED_EDGE('',*,*,#10047,.T.);
#10049=ORIENTED_EDGE('',*,*,#9476,.T.);
#10051=ORIENTED_EDGE('',*,*,#10050,.F.);
#10052=EDGE_LOOP('',(#10046,#10048,#10049,#10051));
#10053=FACE_OUTER_BOUND('',#10052,.F.);
#10054=ADVANCED_FACE('',(#10053),#10045,.T.);
#10055=CARTESIAN_POINT('',(-2.137046265602E1,8.129537370056E0,4.87E1));
#10056=DIRECTION('',(-9.608236694347E-1,2.771603800221E-1,0.E0));
#10057=DIRECTION('',(-2.771603800221E-1,-9.608236694347E-1,0.E0));
#10058=AXIS2_PLACEMENT_3D('',#10055,#10056,#10057);
#10059=PLANE('',#10058);
#10060=ORIENTED_EDGE('',*,*,#8234,.F.);
#10062=ORIENTED_EDGE('',*,*,#10061,.T.);
#10063=ORIENTED_EDGE('',*,*,#9478,.T.);
#10064=ORIENTED_EDGE('',*,*,#10047,.F.);
#10065=EDGE_LOOP('',(#10060,#10062,#10063,#10064));
#10066=FACE_OUTER_BOUND('',#10065,.F.);
#10067=ADVANCED_FACE('',(#10066),#10059,.T.);
#10068=CARTESIAN_POINT('',(-2.104254992126E1,8.375794858601E0,4.87E1));
#10069=CARTESIAN_POINT('',(-2.105140185762E1,8.215478346167E0,4.87E1));
#10070=CARTESIAN_POINT('',(-2.120807460783E1,8.129206328377E0,4.87E1));
#10071=CARTESIAN_POINT('',(-2.149352260034E1,8.119596825008E0,4.87E1));
#10073=DIRECTION('',(0.E0,0.E0,1.E0));
#10074=VECTOR('',#10073,1.E0);
#10075=SURFACE_OF_LINEAR_EXTRUSION('',#10072,#10074);
#10076=ORIENTED_EDGE('',*,*,#8232,.F.);
#10078=ORIENTED_EDGE('',*,*,#10077,.T.);
#10079=ORIENTED_EDGE('',*,*,#9480,.T.);
#10080=ORIENTED_EDGE('',*,*,#10061,.F.);
#10081=EDGE_LOOP('',(#10076,#10078,#10079,#10080));
#10082=FACE_OUTER_BOUND('',#10081,.F.);
#10083=ADVANCED_FACE('',(#10082),#10075,.T.);
#10084=CARTESIAN_POINT('',(-2.086020936380E1,8.866856462341E0,4.87E1));
#10085=CARTESIAN_POINT('',(-2.097604414537E1,8.455825764176E0,4.87E1));
#10086=CARTESIAN_POINT('',(-2.106475499046E1,8.232880751787E0,4.87E1));
#10087=CARTESIAN_POINT('',(-2.113324286253E1,8.216930994032E0,4.87E1));
#10089=DIRECTION('',(0.E0,0.E0,1.E0));
#10090=VECTOR('',#10089,1.E0);
#10091=SURFACE_OF_LINEAR_EXTRUSION('',#10088,#10090);
#10092=ORIENTED_EDGE('',*,*,#8230,.F.);
#10094=ORIENTED_EDGE('',*,*,#10093,.T.);
#10095=ORIENTED_EDGE('',*,*,#9482,.T.);
#10096=ORIENTED_EDGE('',*,*,#10077,.F.);
#10097=EDGE_LOOP('',(#10092,#10094,#10095,#10096));
#10098=FACE_OUTER_BOUND('',#10097,.F.);
#10099=ADVANCED_FACE('',(#10098),#10091,.T.);
#10100=CARTESIAN_POINT('',(-2.034412825108E1,1.072277572751E1,4.87E1));
#10101=DIRECTION('',(-9.632251746094E-1,2.686954837707E-1,0.E0));
#10102=DIRECTION('',(-2.686954837707E-1,-9.632251746094E-1,0.E0));
#10103=AXIS2_PLACEMENT_3D('',#10100,#10101,#10102);
#10104=PLANE('',#10103);
#10105=ORIENTED_EDGE('',*,*,#8228,.F.);
#10107=ORIENTED_EDGE('',*,*,#10106,.T.);
#10108=ORIENTED_EDGE('',*,*,#9484,.T.);
#10109=ORIENTED_EDGE('',*,*,#10093,.F.);
#10110=EDGE_LOOP('',(#10105,#10107,#10108,#10109));
#10111=FACE_OUTER_BOUND('',#10110,.F.);
#10112=ADVANCED_FACE('',(#10111),#10104,.T.);
#10113=CARTESIAN_POINT('',(-2.031762980547E1,1.116821555231E1,4.87E1));
#10114=CARTESIAN_POINT('',(-2.027572352068E1,1.108323474879E1,4.87E1));
#10115=CARTESIAN_POINT('',(-2.028500558024E1,1.093006594726E1,4.87E1));
#10116=CARTESIAN_POINT('',(-2.034768515319E1,1.071016307284E1,4.87E1));
#10118=DIRECTION('',(0.E0,0.E0,1.E0));
#10119=VECTOR('',#10118,1.E0);
#10120=SURFACE_OF_LINEAR_EXTRUSION('',#10117,#10119);
#10121=ORIENTED_EDGE('',*,*,#8226,.F.);
#10123=ORIENTED_EDGE('',*,*,#10122,.T.);
#10124=ORIENTED_EDGE('',*,*,#9486,.T.);
#10125=ORIENTED_EDGE('',*,*,#10106,.F.);
#10126=EDGE_LOOP('',(#10121,#10123,#10124,#10125));
#10127=FACE_OUTER_BOUND('',#10126,.F.);
#10128=ADVANCED_FACE('',(#10127),#10120,.T.);
#10129=CARTESIAN_POINT('',(-2.067723133755E1,1.131666574952E1,4.87E1));
#10130=CARTESIAN_POINT('',(-2.047194097950E1,1.129987660609E1,4.87E1));
#10131=CARTESIAN_POINT('',(-2.035015407801E1,1.124812425537E1,4.87E1));
#10132=CARTESIAN_POINT('',(-2.031303344132E1,1.115808505685E1,4.87E1));
#10134=DIRECTION('',(0.E0,0.E0,1.E0));
#10135=VECTOR('',#10134,1.E0);
#10136=SURFACE_OF_LINEAR_EXTRUSION('',#10133,#10135);
#10137=ORIENTED_EDGE('',*,*,#8224,.F.);
#10139=ORIENTED_EDGE('',*,*,#10138,.T.);
#10140=ORIENTED_EDGE('',*,*,#9488,.T.);
#10141=ORIENTED_EDGE('',*,*,#10122,.F.);
#10142=EDGE_LOOP('',(#10137,#10139,#10140,#10141));
#10143=FACE_OUTER_BOUND('',#10142,.F.);
#10144=ADVANCED_FACE('',(#10143),#10136,.T.);
#10145=CARTESIAN_POINT('',(-2.063060510159E1,1.144519567490E1,4.87E1));
#10146=DIRECTION('',(-9.656161789320E-1,2.599719119149E-1,0.E0));
#10147=DIRECTION('',(-2.599719119149E-1,-9.656161789320E-1,0.E0));
#10148=AXIS2_PLACEMENT_3D('',#10145,#10146,#10147);
#10149=PLANE('',#10148);
#10150=ORIENTED_EDGE('',*,*,#8222,.F.);
#10152=ORIENTED_EDGE('',*,*,#10151,.T.);
#10153=ORIENTED_EDGE('',*,*,#9490,.T.);
#10154=ORIENTED_EDGE('',*,*,#10138,.F.);
#10155=EDGE_LOOP('',(#10150,#10152,#10153,#10154));
#10156=FACE_OUTER_BOUND('',#10155,.F.);
#10157=ADVANCED_FACE('',(#10156),#10149,.T.);
#10158=CARTESIAN_POINT('',(-1.929288256168E1,1.144519567490E1,4.87E1));
#10159=DIRECTION('',(0.E0,1.E0,0.E0));
#10160=DIRECTION('',(-1.E0,0.E0,0.E0));
#10161=AXIS2_PLACEMENT_3D('',#10158,#10159,#10160);
#10162=PLANE('',#10161);
#10163=ORIENTED_EDGE('',*,*,#8220,.F.);
#10165=ORIENTED_EDGE('',*,*,#10164,.T.);
#10166=ORIENTED_EDGE('',*,*,#9492,.T.);
#10167=ORIENTED_EDGE('',*,*,#10151,.F.);
#10168=EDGE_LOOP('',(#10163,#10165,#10166,#10167));
#10169=FACE_OUTER_BOUND('',#10168,.F.);
#10170=ADVANCED_FACE('',(#10169),#10162,.T.);
#10171=CARTESIAN_POINT('',(-1.933024907112E1,1.131565833092E1,4.87E1));
#10172=DIRECTION('',(9.608236545764E-1,-2.771604315310E-1,0.E0));
#10173=DIRECTION('',(2.771604315310E-1,9.608236545764E-1,0.E0));
#10174=AXIS2_PLACEMENT_3D('',#10171,#10172,#10173);
#10175=PLANE('',#10174);
#10176=ORIENTED_EDGE('',*,*,#8218,.F.);
#10178=ORIENTED_EDGE('',*,*,#10177,.T.);
#10179=ORIENTED_EDGE('',*,*,#9494,.T.);
#10180=ORIENTED_EDGE('',*,*,#10164,.F.);
#10181=EDGE_LOOP('',(#10176,#10178,#10179,#10180));
#10182=FACE_OUTER_BOUND('',#10181,.F.);
#10183=ADVANCED_FACE('',(#10182),#10175,.T.);
#10184=CARTESIAN_POINT('',(-1.966060641317E1,1.113566749013E1,4.87E1));
#10185=CARTESIAN_POINT('',(-1.959140962119E1,1.125677874030E1,4.87E1));
#10186=CARTESIAN_POINT('',(-1.943344804191E1,1.131831492353E1,4.87E1));
#10187=CARTESIAN_POINT('',(-1.922556741452E1,1.132371395763E1,4.87E1));
#10189=DIRECTION('',(0.E0,0.E0,1.E0));
#10190=VECTOR('',#10189,1.E0);
#10191=SURFACE_OF_LINEAR_EXTRUSION('',#10188,#10190);
#10192=ORIENTED_EDGE('',*,*,#8216,.F.);
#10194=ORIENTED_EDGE('',*,*,#10193,.T.);
#10195=ORIENTED_EDGE('',*,*,#9496,.T.);
#10196=ORIENTED_EDGE('',*,*,#10177,.F.);
#10197=EDGE_LOOP('',(#10192,#10194,#10195,#10196));
#10198=FACE_OUTER_BOUND('',#10197,.F.);
#10199=ADVANCED_FACE('',(#10198),#10191,.T.);
#10200=CARTESIAN_POINT('',(-1.984801552480E1,1.055555958500E1,4.87E1));
#10201=CARTESIAN_POINT('',(-1.972603353414E1,1.107318217064E1,4.87E1));
#10202=CARTESIAN_POINT('',(-1.960997711023E1,1.129183436745E1,4.87E1));
#10203=CARTESIAN_POINT('',(-1.950856372718E1,1.121975646368E1,4.87E1));
#10205=DIRECTION('',(0.E0,0.E0,1.E0));
#10206=VECTOR('',#10205,1.E0);
#10207=SURFACE_OF_LINEAR_EXTRUSION('',#10204,#10206);
#10208=ORIENTED_EDGE('',*,*,#8214,.F.);
#10210=ORIENTED_EDGE('',*,*,#10209,.T.);
#10211=ORIENTED_EDGE('',*,*,#9498,.T.);
#10212=ORIENTED_EDGE('',*,*,#10193,.F.);
#10213=EDGE_LOOP('',(#10208,#10210,#10211,#10212));
#10214=FACE_OUTER_BOUND('',#10213,.F.);
#10215=ADVANCED_FACE('',(#10214),#10207,.T.);
#10216=CARTESIAN_POINT('',(-2.036654824018E1,8.722419947386E0,4.87E1));
#10217=DIRECTION('',(9.629141519723E-1,-2.698079612083E-1,0.E0));
#10218=DIRECTION('',(2.698079612083E-1,9.629141519723E-1,0.E0));
#10219=AXIS2_PLACEMENT_3D('',#10216,#10217,#10218);
#10220=PLANE('',#10219);
#10221=ORIENTED_EDGE('',*,*,#8212,.F.);
#10223=ORIENTED_EDGE('',*,*,#10222,.T.);
#10224=ORIENTED_EDGE('',*,*,#9500,.T.);
#10225=ORIENTED_EDGE('',*,*,#10209,.F.);
#10226=EDGE_LOOP('',(#10221,#10223,#10224,#10225));
#10227=FACE_OUTER_BOUND('',#10226,.F.);
#10228=ADVANCED_FACE('',(#10227),#10220,.T.);
#10229=CARTESIAN_POINT('',(-2.040471784663E1,8.269698124636E0,4.87E1));
#10230=CARTESIAN_POINT('',(-2.043996430433E1,8.356938788569E0,4.87E1));
#10231=CARTESIAN_POINT('',(-2.042660337231E1,8.512269194199E0,4.87E1));
#10232=CARTESIAN_POINT('',(-2.036293061933E1,8.735206716172E0,4.87E1));
#10234=DIRECTION('',(0.E0,0.E0,1.E0));
#10235=VECTOR('',#10234,1.E0);
#10236=SURFACE_OF_LINEAR_EXTRUSION('',#10233,#10235);
#10237=ORIENTED_EDGE('',*,*,#8210,.F.);
#10239=ORIENTED_EDGE('',*,*,#10238,.T.);
#10240=ORIENTED_EDGE('',*,*,#9502,.T.);
#10241=ORIENTED_EDGE('',*,*,#10222,.F.);
#10242=EDGE_LOOP('',(#10237,#10239,#10240,#10241));
#10243=FACE_OUTER_BOUND('',#10242,.F.);
#10244=ADVANCED_FACE('',(#10243),#10236,.T.);
#10245=CARTESIAN_POINT('',(-2.006627747050E1,8.128984318977E0,4.87E1));
#10246=CARTESIAN_POINT('',(-2.026379595487E1,8.137794222154E0,4.87E1));
#10247=CARTESIAN_POINT('',(-2.037778277064E1,8.186948906397E0,4.87E1));
#10248=CARTESIAN_POINT('',(-2.040856560273E1,8.280134019908E0,4.87E1));
#10250=DIRECTION('',(0.E0,0.E0,1.E0));
#10251=VECTOR('',#10250,1.E0);
#10252=SURFACE_OF_LINEAR_EXTRUSION('',#10249,#10251);
#10253=ORIENTED_EDGE('',*,*,#8208,.F.);
#10255=ORIENTED_EDGE('',*,*,#10254,.T.);
#10256=ORIENTED_EDGE('',*,*,#9504,.T.);
#10257=ORIENTED_EDGE('',*,*,#10238,.F.);
#10258=EDGE_LOOP('',(#10253,#10255,#10256,#10257));
#10259=FACE_OUTER_BOUND('',#10258,.F.);
#10260=ADVANCED_FACE('',(#10259),#10252,.T.);
#10261=CARTESIAN_POINT('',(-2.011494660378E1,8.E0,4.87E1));
#10262=DIRECTION('',(9.608236694347E-1,-2.771603800221E-1,0.E0));
#10263=DIRECTION('',(2.771603800221E-1,9.608236694347E-1,0.E0));
#10264=AXIS2_PLACEMENT_3D('',#10261,#10262,#10263);
#10265=PLANE('',#10264);
#10266=ORIENTED_EDGE('',*,*,#8206,.F.);
#10267=ORIENTED_EDGE('',*,*,#10050,.T.);
#10268=ORIENTED_EDGE('',*,*,#9506,.T.);
#10269=ORIENTED_EDGE('',*,*,#10254,.F.);
#10270=EDGE_LOOP('',(#10266,#10267,#10268,#10269));
#10271=FACE_OUTER_BOUND('',#10270,.F.);
#10272=ADVANCED_FACE('',(#10271),#10265,.T.);
#10273=CARTESIAN_POINT('',(-1.807971519232E1,9.026334509254E0,4.87E1));
#10274=DIRECTION('',(9.939530893160E-1,1.098055382901E-1,0.E0));
#10275=DIRECTION('',(-1.098055382901E-1,9.939530893160E-1,0.E0));
#10276=AXIS2_PLACEMENT_3D('',#10273,#10274,#10275);
#10277=PLANE('',#10276);
#10278=ORIENTED_EDGE('',*,*,#8238,.F.);
#10280=ORIENTED_EDGE('',*,*,#10279,.T.);
#10281=ORIENTED_EDGE('',*,*,#9516,.T.);
#10283=ORIENTED_EDGE('',*,*,#10282,.F.);
#10284=EDGE_LOOP('',(#10278,#10280,#10281,#10283));
#10285=FACE_OUTER_BOUND('',#10284,.F.);
#10286=ADVANCED_FACE('',(#10285),#10277,.T.);
#10287=CARTESIAN_POINT('',(-1.722775769234E1,1.061067619920E1,4.87E1));
#10288=DIRECTION('',(-8.807377174955E-1,4.736043422318E-1,0.E0));
#10289=DIRECTION('',(-4.736043422318E-1,-8.807377174955E-1,0.E0));
#10290=AXIS2_PLACEMENT_3D('',#10287,#10288,#10289);
#10291=PLANE('',#10290);
#10292=ORIENTED_EDGE('',*,*,#8312,.F.);
#10294=ORIENTED_EDGE('',*,*,#10293,.T.);
#10295=ORIENTED_EDGE('',*,*,#9518,.T.);
#10296=ORIENTED_EDGE('',*,*,#10279,.F.);
#10297=EDGE_LOOP('',(#10292,#10294,#10295,#10296));
#10298=FACE_OUTER_BOUND('',#10297,.F.);
#10299=ADVANCED_FACE('',(#10298),#10291,.T.);
#10300=CARTESIAN_POINT('',(-1.727010679245E1,1.095195737481E1,4.87E1));
#10301=DIRECTION('',(-9.923887967592E-1,-1.231441272123E-1,0.E0));
#10302=DIRECTION('',(1.231441272123E-1,-9.923887967592E-1,0.E0));
#10303=AXIS2_PLACEMENT_3D('',#10300,#10301,#10302);
#10304=PLANE('',#10303);
#10305=ORIENTED_EDGE('',*,*,#8310,.F.);
#10307=ORIENTED_EDGE('',*,*,#10306,.T.);
#10308=ORIENTED_EDGE('',*,*,#9520,.T.);
#10309=ORIENTED_EDGE('',*,*,#10293,.F.);
#10310=EDGE_LOOP('',(#10305,#10307,#10308,#10309));
#10311=FACE_OUTER_BOUND('',#10310,.F.);
#10312=ADVANCED_FACE('',(#10311),#10304,.T.);
#10313=CARTESIAN_POINT('',(-1.741132854716E1,1.125102695113E1,4.87E1));
#10314=CARTESIAN_POINT('',(-1.733788716911E1,1.120654908205E1,4.87E1));
#10315=CARTESIAN_POINT('',(-1.728777385665E1,1.110609117685E1,4.87E1));
#10316=CARTESIAN_POINT('',(-1.726898831071E1,1.094259477929E1,4.87E1));
#10318=DIRECTION('',(0.E0,0.E0,1.E0));
#10319=VECTOR('',#10318,1.E0);
#10320=SURFACE_OF_LINEAR_EXTRUSION('',#10317,#10319);
#10321=ORIENTED_EDGE('',*,*,#8308,.F.);
#10323=ORIENTED_EDGE('',*,*,#10322,.T.);
#10324=ORIENTED_EDGE('',*,*,#9522,.T.);
#10325=ORIENTED_EDGE('',*,*,#10306,.F.);
#10326=EDGE_LOOP('',(#10321,#10323,#10324,#10325));
#10327=FACE_OUTER_BOUND('',#10326,.F.);
#10328=ADVANCED_FACE('',(#10327),#10320,.T.);
#10329=CARTESIAN_POINT('',(-1.771136994379E1,1.131563142693E1,4.87E1));
#10330=CARTESIAN_POINT('',(-1.757530186292E1,1.131656409864E1,4.87E1));
#10331=CARTESIAN_POINT('',(-1.747436797852E1,1.129324730151E1,4.87E1));
#10332=CARTESIAN_POINT('',(-1.740296529379E1,1.124568148370E1,4.87E1));
#10334=DIRECTION('',(0.E0,0.E0,1.E0));
#10335=VECTOR('',#10334,1.E0);
#10336=SURFACE_OF_LINEAR_EXTRUSION('',#10333,#10335);
#10337=ORIENTED_EDGE('',*,*,#8306,.F.);
#10339=ORIENTED_EDGE('',*,*,#10338,.T.);
#10340=ORIENTED_EDGE('',*,*,#9524,.T.);
#10341=ORIENTED_EDGE('',*,*,#10322,.F.);
#10342=EDGE_LOOP('',(#10337,#10339,#10340,#10341));
#10343=FACE_OUTER_BOUND('',#10342,.F.);
#10344=ADVANCED_FACE('',(#10343),#10336,.T.);
#10345=CARTESIAN_POINT('',(-1.766619229317E1,1.144519567490E1,4.87E1));
#10346=DIRECTION('',(-9.608236545764E-1,2.771604315310E-1,0.E0));
#10347=DIRECTION('',(-2.771604315310E-1,-9.608236545764E-1,0.E0));
#10348=AXIS2_PLACEMENT_3D('',#10345,#10346,#10347);
#10349=PLANE('',#10348);
#10350=ORIENTED_EDGE('',*,*,#8304,.F.);
#10352=ORIENTED_EDGE('',*,*,#10351,.T.);
#10353=ORIENTED_EDGE('',*,*,#9526,.T.);
#10354=ORIENTED_EDGE('',*,*,#10338,.F.);
#10355=EDGE_LOOP('',(#10350,#10352,#10353,#10354));
#10356=FACE_OUTER_BOUND('',#10355,.F.);
#10357=ADVANCED_FACE('',(#10356),#10349,.T.);
#10358=CARTESIAN_POINT('',(-1.640818536282E1,1.144519567490E1,4.87E1));
#10359=DIRECTION('',(0.E0,1.E0,0.E0));
#10360=DIRECTION('',(-1.E0,0.E0,0.E0));
#10361=AXIS2_PLACEMENT_3D('',#10358,#10359,#10360);
#10362=PLANE('',#10361);
#10363=ORIENTED_EDGE('',*,*,#8302,.F.);
#10365=ORIENTED_EDGE('',*,*,#10364,.T.);
#10366=ORIENTED_EDGE('',*,*,#9528,.T.);
#10367=ORIENTED_EDGE('',*,*,#10351,.F.);
#10368=EDGE_LOOP('',(#10363,#10365,#10366,#10367));
#10369=FACE_OUTER_BOUND('',#10368,.F.);
#10370=ADVANCED_FACE('',(#10369),#10362,.T.);
#10371=CARTESIAN_POINT('',(-1.644555187225E1,1.131565833092E1,4.87E1));
#10372=DIRECTION('',(9.608236545764E-1,-2.771604315310E-1,0.E0));
#10373=DIRECTION('',(2.771604315310E-1,9.608236545764E-1,0.E0));
#10374=AXIS2_PLACEMENT_3D('',#10371,#10372,#10373);
#10375=PLANE('',#10374);
#10376=ORIENTED_EDGE('',*,*,#8300,.F.);
#10378=ORIENTED_EDGE('',*,*,#10377,.T.);
#10379=ORIENTED_EDGE('',*,*,#9530,.T.);
#10380=ORIENTED_EDGE('',*,*,#10364,.F.);
#10381=EDGE_LOOP('',(#10376,#10378,#10379,#10380));
#10382=FACE_OUTER_BOUND('',#10381,.F.);
#10383=ADVANCED_FACE('',(#10382),#10375,.T.);
#10384=CARTESIAN_POINT('',(-1.673736501459E1,1.118420734155E1,4.87E1));
#10385=CARTESIAN_POINT('',(-1.674896458117E1,1.125085035709E1,4.87E1));
#10386=CARTESIAN_POINT('',(-1.661966446820E1,1.130149724193E1,4.87E1));
#10387=CARTESIAN_POINT('',(-1.634929908177E1,1.132637172738E1,4.87E1));
#10389=DIRECTION('',(0.E0,0.E0,1.E0));
#10390=VECTOR('',#10389,1.E0);
#10391=SURFACE_OF_LINEAR_EXTRUSION('',#10388,#10390);
#10392=ORIENTED_EDGE('',*,*,#8298,.F.);
#10394=ORIENTED_EDGE('',*,*,#10393,.T.);
#10395=ORIENTED_EDGE('',*,*,#9532,.T.);
#10396=ORIENTED_EDGE('',*,*,#10377,.F.);
#10397=EDGE_LOOP('',(#10392,#10394,#10395,#10396));
#10398=FACE_OUTER_BOUND('',#10397,.F.);
#10399=ADVANCED_FACE('',(#10398),#10391,.T.);
#10400=CARTESIAN_POINT('',(-1.677684779519E1,1.105456679394E1,4.87E1));
#10401=CARTESIAN_POINT('',(-1.677757218995E1,1.113312025639E1,4.87E1));
#10402=CARTESIAN_POINT('',(-1.675948879852E1,1.119001020719E1,4.87E1));
#10403=CARTESIAN_POINT('',(-1.671984394864E1,1.123088574280E1,4.87E1));
#10405=DIRECTION('',(0.E0,0.E0,1.E0));
#10406=VECTOR('',#10405,1.E0);
#10407=SURFACE_OF_LINEAR_EXTRUSION('',#10404,#10406);
#10408=ORIENTED_EDGE('',*,*,#8296,.F.);
#10410=ORIENTED_EDGE('',*,*,#10409,.T.);
#10411=ORIENTED_EDGE('',*,*,#9534,.T.);
#10412=ORIENTED_EDGE('',*,*,#10393,.F.);
#10413=EDGE_LOOP('',(#10408,#10410,#10411,#10412));
#10414=FACE_OUTER_BOUND('',#10413,.F.);
#10415=ADVANCED_FACE('',(#10414),#10407,.T.);
#10416=CARTESIAN_POINT('',(-1.676923411028E1,1.094177213924E1,4.87E1));
#10417=CARTESIAN_POINT('',(-1.677437519014E1,1.098862664281E1,4.87E1));
#10418=CARTESIAN_POINT('',(-1.677696942097E1,1.103018393172E1,4.87E1));
#10419=CARTESIAN_POINT('',(-1.677686570985E1,1.106085632768E1,4.87E1));
#10421=DIRECTION('',(0.E0,0.E0,1.E0));
#10422=VECTOR('',#10421,1.E0);
#10423=SURFACE_OF_LINEAR_EXTRUSION('',#10420,#10422);
#10424=ORIENTED_EDGE('',*,*,#8294,.F.);
#10426=ORIENTED_EDGE('',*,*,#10425,.T.);
#10427=ORIENTED_EDGE('',*,*,#9536,.T.);
#10428=ORIENTED_EDGE('',*,*,#10409,.F.);
#10429=EDGE_LOOP('',(#10424,#10426,#10427,#10428));
#10430=FACE_OUTER_BOUND('',#10429,.F.);
#10431=ADVANCED_FACE('',(#10430),#10423,.T.);
#10432=CARTESIAN_POINT('',(-1.672721438172E1,1.063760210072E1,4.87E1));
#10433=CARTESIAN_POINT('',(-1.675716194067E1,1.083639742761E1,4.87E1));
#10434=CARTESIAN_POINT('',(-1.677237590118E1,1.095470228360E1,4.87E1));
#10435=CARTESIAN_POINT('',(-1.677352419915E1,1.099244451080E1,4.87E1));
#10437=DIRECTION('',(0.E0,0.E0,1.E0));
#10438=VECTOR('',#10437,1.E0);
#10439=SURFACE_OF_LINEAR_EXTRUSION('',#10436,#10438);
#10440=ORIENTED_EDGE('',*,*,#8292,.F.);
#10442=ORIENTED_EDGE('',*,*,#10441,.T.);
#10443=ORIENTED_EDGE('',*,*,#9538,.T.);
#10444=ORIENTED_EDGE('',*,*,#10425,.F.);
#10445=EDGE_LOOP('',(#10440,#10442,#10443,#10444));
#10446=FACE_OUTER_BOUND('',#10445,.F.);
#10447=ADVANCED_FACE('',(#10446),#10439,.T.);
#10448=CARTESIAN_POINT('',(-1.649537360668E1,9.038790047169E0,4.87E1));
#10449=DIRECTION('',(9.896243344444E-1,1.436790752877E-1,0.E0));
#10450=DIRECTION('',(-1.436790752877E-1,9.896243344444E-1,0.E0));
#10451=AXIS2_PLACEMENT_3D('',#10448,#10449,#10450);
#10452=PLANE('',#10451);
#10453=ORIENTED_EDGE('',*,*,#8290,.F.);
#10455=ORIENTED_EDGE('',*,*,#10454,.T.);
#10456=ORIENTED_EDGE('',*,*,#9540,.T.);
#10457=ORIENTED_EDGE('',*,*,#10441,.F.);
#10458=EDGE_LOOP('',(#10453,#10455,#10456,#10457));
#10459=FACE_OUTER_BOUND('',#10458,.F.);
#10460=ADVANCED_FACE('',(#10459),#10452,.T.);
#10461=CARTESIAN_POINT('',(-1.571316695213E1,1.061067619920E1,4.87E1));
#10462=DIRECTION('',(-8.952768108677E-1,4.455103050688E-1,0.E0));
#10463=DIRECTION('',(-4.455103050688E-1,-8.952768108677E-1,0.E0));
#10464=AXIS2_PLACEMENT_3D('',#10461,#10462,#10463);
#10465=PLANE('',#10464);
#10466=ORIENTED_EDGE('',*,*,#8288,.F.);
#10468=ORIENTED_EDGE('',*,*,#10467,.T.);
#10469=ORIENTED_EDGE('',*,*,#9542,.T.);
#10470=ORIENTED_EDGE('',*,*,#10454,.F.);
#10471=EDGE_LOOP('',(#10466,#10468,#10469,#10470));
#10472=FACE_OUTER_BOUND('',#10471,.F.);
#10473=ADVANCED_FACE('',(#10472),#10465,.T.);
#10474=CARTESIAN_POINT('',(-1.553736145579E1,1.099043867342E1,4.87E1));
#10475=CARTESIAN_POINT('',(-1.555484673452E1,1.093872596218E1,4.87E1));
#10476=CARTESIAN_POINT('',(-1.564818111964E1,1.073211483118E1,4.87E1));
#10477=CARTESIAN_POINT('',(-1.583159587697E1,1.037756741131E1,4.87E1));
#10479=DIRECTION('',(0.E0,0.E0,1.E0));
#10480=VECTOR('',#10479,1.E0);
#10481=SURFACE_OF_LINEAR_EXTRUSION('',#10478,#10480);
#10482=ORIENTED_EDGE('',*,*,#8286,.F.);
#10484=ORIENTED_EDGE('',*,*,#10483,.T.);
#10485=ORIENTED_EDGE('',*,*,#9544,.T.);
#10486=ORIENTED_EDGE('',*,*,#10467,.F.);
#10487=EDGE_LOOP('',(#10482,#10484,#10485,#10486));
#10488=FACE_OUTER_BOUND('',#10487,.F.);
#10489=ADVANCED_FACE('',(#10488),#10481,.T.);
#10490=CARTESIAN_POINT('',(-1.551389114055E1,1.111377043014E1,4.87E1));
#10491=CARTESIAN_POINT('',(-1.551347644798E1,1.107263119676E1,4.87E1));
#10492=CARTESIAN_POINT('',(-1.552384833153E1,1.102330486920E1,4.87E1));
#10493=CARTESIAN_POINT('',(-1.554453158773E1,1.097121201246E1,4.87E1));
#10495=DIRECTION('',(0.E0,0.E0,1.E0));
#10496=VECTOR('',#10495,1.E0);
#10497=SURFACE_OF_LINEAR_EXTRUSION('',#10494,#10496);
#10498=ORIENTED_EDGE('',*,*,#8284,.F.);
#10500=ORIENTED_EDGE('',*,*,#10499,.T.);
#10501=ORIENTED_EDGE('',*,*,#9546,.T.);
#10502=ORIENTED_EDGE('',*,*,#10483,.F.);
#10503=EDGE_LOOP('',(#10498,#10500,#10501,#10502));
#10504=FACE_OUTER_BOUND('',#10503,.F.);
#10505=ADVANCED_FACE('',(#10504),#10497,.T.);
#10506=CARTESIAN_POINT('',(-1.560481378763E1,1.127204793120E1,4.87E1));
#10507=CARTESIAN_POINT('',(-1.554380668596E1,1.124254209362E1,4.87E1));
#10508=CARTESIAN_POINT('',(-1.551267059087E1,1.118542920756E1,4.87E1));
#10509=CARTESIAN_POINT('',(-1.551391506945E1,1.110688011639E1,4.87E1));
#10511=DIRECTION('',(0.E0,0.E0,1.E0));
#10512=VECTOR('',#10511,1.E0);
#10513=SURFACE_OF_LINEAR_EXTRUSION('',#10510,#10512);
#10514=ORIENTED_EDGE('',*,*,#8282,.F.);
#10516=ORIENTED_EDGE('',*,*,#10515,.T.);
#10517=ORIENTED_EDGE('',*,*,#9548,.T.);
#10518=ORIENTED_EDGE('',*,*,#10499,.F.);
#10519=EDGE_LOOP('',(#10514,#10516,#10517,#10518));
#10520=FACE_OUTER_BOUND('',#10519,.F.);
#10521=ADVANCED_FACE('',(#10520),#10513,.T.);
#10522=CARTESIAN_POINT('',(-1.587218552010E1,1.131564039912E1,4.87E1));
#10523=CARTESIAN_POINT('',(-1.574917560236E1,1.131626196484E1,4.87E1));
#10524=CARTESIAN_POINT('',(-1.565854719696E1,1.130072826985E1,4.87E1));
#10525=CARTESIAN_POINT('',(-1.559778885948E1,1.126847273836E1,4.87E1));
#10527=DIRECTION('',(0.E0,0.E0,1.E0));
#10528=VECTOR('',#10527,1.E0);
#10529=SURFACE_OF_LINEAR_EXTRUSION('',#10526,#10528);
#10530=ORIENTED_EDGE('',*,*,#8280,.F.);
#10532=ORIENTED_EDGE('',*,*,#10531,.T.);
#10533=ORIENTED_EDGE('',*,*,#9550,.T.);
#10534=ORIENTED_EDGE('',*,*,#10515,.F.);
#10535=EDGE_LOOP('',(#10530,#10532,#10533,#10534));
#10536=FACE_OUTER_BOUND('',#10535,.F.);
#10537=ADVANCED_FACE('',(#10536),#10529,.T.);
#10538=CARTESIAN_POINT('',(-1.583523166180E1,1.144519567490E1,4.87E1));
#10539=DIRECTION('',(-9.743915130660E-1,2.248581314181E-1,0.E0));
#10540=DIRECTION('',(-2.248581314181E-1,-9.743915130660E-1,0.E0));
#10541=AXIS2_PLACEMENT_3D('',#10538,#10539,#10540);
#10542=PLANE('',#10541);
#10543=ORIENTED_EDGE('',*,*,#8278,.F.);
#10545=ORIENTED_EDGE('',*,*,#10544,.T.);
#10546=ORIENTED_EDGE('',*,*,#9552,.T.);
#10547=ORIENTED_EDGE('',*,*,#10531,.F.);
#10548=EDGE_LOOP('',(#10543,#10545,#10546,#10547));
#10549=FACE_OUTER_BOUND('',#10548,.F.);
#10550=ADVANCED_FACE('',(#10549),#10542,.T.);
#10551=CARTESIAN_POINT('',(-1.482882595062E1,1.144519567490E1,4.87E1));
#10552=DIRECTION('',(0.E0,1.E0,0.E0));
#10553=DIRECTION('',(-1.E0,0.E0,0.E0));
#10554=AXIS2_PLACEMENT_3D('',#10551,#10552,#10553);
#10555=PLANE('',#10554);
#10556=ORIENTED_EDGE('',*,*,#8276,.F.);
#10558=ORIENTED_EDGE('',*,*,#10557,.T.);
#10559=ORIENTED_EDGE('',*,*,#9554,.T.);
#10560=ORIENTED_EDGE('',*,*,#10544,.F.);
#10561=EDGE_LOOP('',(#10556,#10558,#10559,#10560));
#10562=FACE_OUTER_BOUND('',#10561,.F.);
#10563=ADVANCED_FACE('',(#10562),#10555,.T.);
#10564=CARTESIAN_POINT('',(-1.486619246006E1,1.131565833092E1,4.87E1));
#10565=DIRECTION('',(9.608236545764E-1,-2.771604315310E-1,0.E0));
#10566=DIRECTION('',(2.771604315310E-1,9.608236545764E-1,0.E0));
#10567=AXIS2_PLACEMENT_3D('',#10564,#10565,#10566);
#10568=PLANE('',#10567);
#10569=ORIENTED_EDGE('',*,*,#8274,.F.);
#10571=ORIENTED_EDGE('',*,*,#10570,.T.);
#10572=ORIENTED_EDGE('',*,*,#9556,.T.);
#10573=ORIENTED_EDGE('',*,*,#10557,.F.);
#10574=EDGE_LOOP('',(#10569,#10571,#10572,#10573));
#10575=FACE_OUTER_BOUND('',#10574,.F.);
#10576=ADVANCED_FACE('',(#10575),#10568,.T.);
#10577=CARTESIAN_POINT('',(-1.519873551893E1,1.103848725981E1,4.87E1));
#10578=CARTESIAN_POINT('',(-1.514016613848E1,1.120618740816E1,4.87E1));
#10579=CARTESIAN_POINT('',(-1.499277231483E1,1.130240432575E1,4.87E1));
#10580=CARTESIAN_POINT('',(-1.477151724408E1,1.133448762315E1,4.87E1));
#10582=DIRECTION('',(0.E0,0.E0,1.E0));
#10583=VECTOR('',#10582,1.E0);
#10584=SURFACE_OF_LINEAR_EXTRUSION('',#10581,#10583);
#10585=ORIENTED_EDGE('',*,*,#8272,.F.);
#10587=ORIENTED_EDGE('',*,*,#10586,.T.);
#10588=ORIENTED_EDGE('',*,*,#9558,.T.);
#10589=ORIENTED_EDGE('',*,*,#10570,.F.);
#10590=EDGE_LOOP('',(#10585,#10587,#10588,#10589));
#10591=FACE_OUTER_BOUND('',#10590,.F.);
#10592=ADVANCED_FACE('',(#10591),#10584,.T.);
#10593=CARTESIAN_POINT('',(-1.545172061692E1,1.057416543071E1,4.87E1));
#10594=CARTESIAN_POINT('',(-1.529953343418E1,1.088649354592E1,4.87E1));
#10595=CARTESIAN_POINT('',(-1.518511731765E1,1.108855921842E1,4.87E1));
#10596=CARTESIAN_POINT('',(-1.510957148832E1,1.119700501946E1,4.87E1));
#10598=DIRECTION('',(0.E0,0.E0,1.E0));
#10599=VECTOR('',#10598,1.E0);
#10600=SURFACE_OF_LINEAR_EXTRUSION('',#10597,#10599);
#10601=ORIENTED_EDGE('',*,*,#8270,.F.);
#10603=ORIENTED_EDGE('',*,*,#10602,.T.);
#10604=ORIENTED_EDGE('',*,*,#9560,.T.);
#10605=ORIENTED_EDGE('',*,*,#10586,.F.);
#10606=EDGE_LOOP('',(#10601,#10603,#10604,#10605));
#10607=FACE_OUTER_BOUND('',#10606,.F.);
#10608=ADVANCED_FACE('',(#10607),#10600,.T.);
#10609=CARTESIAN_POINT('',(-1.676690351963E1,7.945195727050E0,4.87E1));
#10610=DIRECTION('',(8.944272012326E-1,-4.472135750346E-1,0.E0));
#10611=DIRECTION('',(4.472135750346E-1,8.944272012326E-1,0.E0));
#10612=AXIS2_PLACEMENT_3D('',#10609,#10610,#10611);
#10613=PLANE('',#10612);
#10614=ORIENTED_EDGE('',*,*,#8268,.F.);
#10616=ORIENTED_EDGE('',*,*,#10615,.T.);
#10617=ORIENTED_EDGE('',*,*,#9562,.T.);
#10618=ORIENTED_EDGE('',*,*,#10602,.F.);
#10619=EDGE_LOOP('',(#10614,#10616,#10617,#10618));
#10620=FACE_OUTER_BOUND('',#10619,.F.);
#10621=ADVANCED_FACE('',(#10620),#10613,.T.);
#10622=CARTESIAN_POINT('',(-1.686903953552E1,7.945195727050E0,4.87E1));
#10623=DIRECTION('',(0.E0,-1.E0,0.E0));
#10624=DIRECTION('',(1.E0,0.E0,0.E0));
#10625=AXIS2_PLACEMENT_3D('',#10622,#10623,#10624);
#10626=PLANE('',#10625);
#10627=ORIENTED_EDGE('',*,*,#8266,.F.);
#10629=ORIENTED_EDGE('',*,*,#10628,.T.);
#10630=ORIENTED_EDGE('',*,*,#9564,.T.);
#10631=ORIENTED_EDGE('',*,*,#10615,.F.);
#10632=EDGE_LOOP('',(#10627,#10629,#10630,#10631));
#10633=FACE_OUTER_BOUND('',#10632,.F.);
#10634=ADVANCED_FACE('',(#10633),#10626,.T.);
#10635=CARTESIAN_POINT('',(-1.717046248913E1,1.020213526487E1,4.87E1));
#10636=DIRECTION('',(-9.911992436411E-1,-1.323784703237E-1,0.E0));
#10637=DIRECTION('',(1.323784703237E-1,-9.911992436411E-1,0.E0));
#10638=AXIS2_PLACEMENT_3D('',#10635,#10636,#10637);
#10639=PLANE('',#10638);
#10640=ORIENTED_EDGE('',*,*,#8264,.F.);
#10642=ORIENTED_EDGE('',*,*,#10641,.T.);
#10643=ORIENTED_EDGE('',*,*,#9566,.T.);
#10644=ORIENTED_EDGE('',*,*,#10628,.F.);
#10645=EDGE_LOOP('',(#10640,#10642,#10643,#10644));
#10646=FACE_OUTER_BOUND('',#10645,.F.);
#10647=ADVANCED_FACE('',(#10646),#10639,.T.);
#10648=CARTESIAN_POINT('',(-1.835871899128E1,7.945195727050E0,4.87E1));
#10649=DIRECTION('',(8.848546157629E-1,-4.658672653912E-1,0.E0));
#10650=DIRECTION('',(4.658672653912E-1,8.848546157629E-1,0.E0));
#10651=AXIS2_PLACEMENT_3D('',#10648,#10649,#10650);
#10652=PLANE('',#10651);
#10653=ORIENTED_EDGE('',*,*,#8262,.F.);
#10655=ORIENTED_EDGE('',*,*,#10654,.T.);
#10656=ORIENTED_EDGE('',*,*,#9568,.T.);
#10657=ORIENTED_EDGE('',*,*,#10641,.F.);
#10658=EDGE_LOOP('',(#10653,#10655,#10656,#10657));
#10659=FACE_OUTER_BOUND('',#10658,.F.);
#10660=ADVANCED_FACE('',(#10659),#10652,.T.);
#10661=CARTESIAN_POINT('',(-1.846085417271E1,7.945195727050E0,4.87E1));
#10662=DIRECTION('',(0.E0,-1.E0,0.E0));
#10663=DIRECTION('',(1.E0,0.E0,0.E0));
#10664=AXIS2_PLACEMENT_3D('',#10661,#10662,#10663);
#10665=PLANE('',#10664);
#10666=ORIENTED_EDGE('',*,*,#8260,.F.);
#10668=ORIENTED_EDGE('',*,*,#10667,.T.);
#10669=ORIENTED_EDGE('',*,*,#9570,.T.);
#10670=ORIENTED_EDGE('',*,*,#10654,.F.);
#10671=EDGE_LOOP('',(#10666,#10668,#10669,#10670));
#10672=FACE_OUTER_BOUND('',#10671,.F.);
#10673=ADVANCED_FACE('',(#10672),#10665,.T.);
#10674=CARTESIAN_POINT('',(-1.877224189043E1,1.076263353229E1,4.87E1));
#10675=DIRECTION('',(-9.939478776235E-1,-1.098527039619E-1,0.E0));
#10676=DIRECTION('',(1.098527039619E-1,-9.939478776235E-1,0.E0));
#10677=AXIS2_PLACEMENT_3D('',#10674,#10675,#10676);
#10678=PLANE('',#10677);
#10679=ORIENTED_EDGE('',*,*,#8258,.F.);
#10681=ORIENTED_EDGE('',*,*,#10680,.T.);
#10682=ORIENTED_EDGE('',*,*,#9572,.T.);
#10683=ORIENTED_EDGE('',*,*,#10667,.F.);
#10684=EDGE_LOOP('',(#10679,#10681,#10682,#10683));
#10685=FACE_OUTER_BOUND('',#10684,.F.);
#10686=ADVANCED_FACE('',(#10685),#10678,.T.);
#10687=CARTESIAN_POINT('',(-1.899423612903E1,1.124913452038E1,4.87E1));
#10688=CARTESIAN_POINT('',(-1.887925091433E1,1.132581006587E1,4.87E1));
#10689=CARTESIAN_POINT('',(-1.878579350462E1,1.108354117597E1,4.87E1));
#10690=CARTESIAN_POINT('',(-1.875281286091E1,1.052799752655E1,4.87E1));
#10692=DIRECTION('',(0.E0,0.E0,1.E0));
#10693=VECTOR('',#10692,1.E0);
#10694=SURFACE_OF_LINEAR_EXTRUSION('',#10691,#10693);
#10695=ORIENTED_EDGE('',*,*,#8256,.F.);
#10697=ORIENTED_EDGE('',*,*,#10696,.T.);
#10698=ORIENTED_EDGE('',*,*,#9574,.T.);
#10699=ORIENTED_EDGE('',*,*,#10680,.F.);
#10700=EDGE_LOOP('',(#10695,#10697,#10698,#10699));
#10701=FACE_OUTER_BOUND('',#10700,.F.);
#10702=ADVANCED_FACE('',(#10701),#10694,.T.);
#10703=CARTESIAN_POINT('',(-1.923124170864E1,1.131563138707E1,4.87E1));
#10704=CARTESIAN_POINT('',(-1.908999629473E1,1.131656613129E1,4.87E1));
#10705=CARTESIAN_POINT('',(-1.898367000425E1,1.129314363640E1,4.87E1));
#10706=CARTESIAN_POINT('',(-1.891786710476E1,1.125096840461E1,4.87E1));
#10708=DIRECTION('',(0.E0,0.E0,1.E0));
#10709=VECTOR('',#10708,1.E0);
#10710=SURFACE_OF_LINEAR_EXTRUSION('',#10707,#10709);
#10711=ORIENTED_EDGE('',*,*,#8254,.F.);
#10713=ORIENTED_EDGE('',*,*,#10712,.T.);
#10714=ORIENTED_EDGE('',*,*,#9576,.T.);
#10715=ORIENTED_EDGE('',*,*,#10696,.F.);
#10716=EDGE_LOOP('',(#10711,#10713,#10714,#10715));
#10717=FACE_OUTER_BOUND('',#10716,.F.);
#10718=ADVANCED_FACE('',(#10717),#10710,.T.);
#10719=CARTESIAN_POINT('',(-1.918576520681E1,1.144519567490E1,4.87E1));
#10720=DIRECTION('',(-9.608236545764E-1,2.771604315310E-1,0.E0));
#10721=DIRECTION('',(-2.771604315310E-1,-9.608236545764E-1,0.E0));
#10722=AXIS2_PLACEMENT_3D('',#10719,#10720,#10721);
#10723=PLANE('',#10722);
#10724=ORIENTED_EDGE('',*,*,#8252,.F.);
#10726=ORIENTED_EDGE('',*,*,#10725,.T.);
#10727=ORIENTED_EDGE('',*,*,#9578,.T.);
#10728=ORIENTED_EDGE('',*,*,#10712,.F.);
#10729=EDGE_LOOP('',(#10724,#10726,#10727,#10728));
#10730=FACE_OUTER_BOUND('',#10729,.F.);
#10731=ADVANCED_FACE('',(#10730),#10723,.T.);
#10732=CARTESIAN_POINT('',(-1.792775785923E1,1.144519567490E1,4.87E1));
#10733=DIRECTION('',(0.E0,1.E0,0.E0));
#10734=DIRECTION('',(-1.E0,0.E0,0.E0));
#10735=AXIS2_PLACEMENT_3D('',#10732,#10733,#10734);
#10736=PLANE('',#10735);
#10737=ORIENTED_EDGE('',*,*,#8250,.F.);
#10739=ORIENTED_EDGE('',*,*,#10738,.T.);
#10740=ORIENTED_EDGE('',*,*,#9580,.T.);
#10741=ORIENTED_EDGE('',*,*,#10725,.F.);
#10742=EDGE_LOOP('',(#10737,#10739,#10740,#10741));
#10743=FACE_OUTER_BOUND('',#10742,.F.);
#10744=ADVANCED_FACE('',(#10743),#10736,.T.);
#10745=CARTESIAN_POINT('',(-1.796512436867E1,1.131565833092E1,4.87E1));
#10746=DIRECTION('',(9.608236545764E-1,-2.771604315310E-1,0.E0));
#10747=DIRECTION('',(2.771604315310E-1,9.608236545764E-1,0.E0));
#10748=AXIS2_PLACEMENT_3D('',#10745,#10746,#10747);
#10749=PLANE('',#10748);
#10750=ORIENTED_EDGE('',*,*,#8248,.F.);
#10752=ORIENTED_EDGE('',*,*,#10751,.T.);
#10753=ORIENTED_EDGE('',*,*,#9582,.T.);
#10754=ORIENTED_EDGE('',*,*,#10738,.F.);
#10755=EDGE_LOOP('',(#10750,#10752,#10753,#10754));
#10756=FACE_OUTER_BOUND('',#10755,.F.);
#10757=ADVANCED_FACE('',(#10756),#10749,.T.);
#10758=CARTESIAN_POINT('',(-1.820009409487E1,1.125262956054E1,4.87E1));
#10759=CARTESIAN_POINT('',(-1.813383848325E1,1.129321469392E1,4.87E1));
#10760=CARTESIAN_POINT('',(-1.805351371309E1,1.131392117724E1,4.87E1));
#10761=CARTESIAN_POINT('',(-1.795972862884E1,1.131578687812E1,4.87E1));
#10763=DIRECTION('',(0.E0,0.E0,1.E0));
#10764=VECTOR('',#10763,1.E0);
#10765=SURFACE_OF_LINEAR_EXTRUSION('',#10762,#10764);
#10766=ORIENTED_EDGE('',*,*,#8246,.F.);
#10768=ORIENTED_EDGE('',*,*,#10767,.T.);
#10769=ORIENTED_EDGE('',*,*,#9584,.T.);
#10770=ORIENTED_EDGE('',*,*,#10751,.F.);
#10771=EDGE_LOOP('',(#10766,#10768,#10769,#10770));
#10772=FACE_OUTER_BOUND('',#10771,.F.);
#10773=ADVANCED_FACE('',(#10772),#10765,.T.);
#10774=CARTESIAN_POINT('',(-1.829391146242E1,1.106128676434E1,4.87E1));
#10775=CARTESIAN_POINT('',(-1.829525842563E1,1.115299992502E1,4.87E1));
#10776=CARTESIAN_POINT('',(-1.826159019958E1,1.121773534239E1,4.87E1));
#10777=CARTESIAN_POINT('',(-1.819229793980E1,1.125725704795E1,4.87E1));
#10779=DIRECTION('',(0.E0,0.E0,1.E0));
#10780=VECTOR('',#10779,1.E0);
#10781=SURFACE_OF_LINEAR_EXTRUSION('',#10778,#10780);
#10782=ORIENTED_EDGE('',*,*,#8244,.F.);
#10784=ORIENTED_EDGE('',*,*,#10783,.T.);
#10785=ORIENTED_EDGE('',*,*,#9586,.T.);
#10786=ORIENTED_EDGE('',*,*,#10767,.F.);
#10787=EDGE_LOOP('',(#10782,#10784,#10785,#10786));
#10788=FACE_OUTER_BOUND('',#10787,.F.);
#10789=ADVANCED_FACE('',(#10788),#10781,.T.);
#10790=CARTESIAN_POINT('',(-1.829130675171E1,1.094163504273E1,4.87E1));
#10791=CARTESIAN_POINT('',(-1.829400215395E1,1.099117129448E1,4.87E1));
#10792=CARTESIAN_POINT('',(-1.829394930292E1,1.103257033894E1,4.87E1));
#10793=CARTESIAN_POINT('',(-1.829395033922E1,1.106863455653E1,4.87E1));
#10795=DIRECTION('',(0.E0,0.E0,1.E0));
#10796=VECTOR('',#10795,1.E0);
#10797=SURFACE_OF_LINEAR_EXTRUSION('',#10794,#10796);
#10798=ORIENTED_EDGE('',*,*,#8242,.F.);
#10800=ORIENTED_EDGE('',*,*,#10799,.T.);
#10801=ORIENTED_EDGE('',*,*,#9588,.T.);
#10802=ORIENTED_EDGE('',*,*,#10783,.F.);
#10803=EDGE_LOOP('',(#10798,#10800,#10801,#10802));
#10804=FACE_OUTER_BOUND('',#10803,.F.);
#10805=ADVANCED_FACE('',(#10804),#10797,.T.);
#10806=CARTESIAN_POINT('',(-1.826041029597E1,1.067969702421E1,4.87E1));
#10807=CARTESIAN_POINT('',(-1.828161547939E1,1.083863905205E1,4.87E1));
#10808=CARTESIAN_POINT('',(-1.829716986128E1,1.094277644197E1,4.87E1));
#10809=CARTESIAN_POINT('',(-1.829098916742E1,1.100818932005E1,4.87E1));
#10811=DIRECTION('',(0.E0,0.E0,1.E0));
#10812=VECTOR('',#10811,1.E0);
#10813=SURFACE_OF_LINEAR_EXTRUSION('',#10810,#10812);
#10814=ORIENTED_EDGE('',*,*,#8240,.F.);
#10815=ORIENTED_EDGE('',*,*,#10282,.T.);
#10816=ORIENTED_EDGE('',*,*,#9590,.T.);
#10817=ORIENTED_EDGE('',*,*,#10799,.F.);
#10818=EDGE_LOOP('',(#10814,#10815,#10816,#10817));
#10819=FACE_OUTER_BOUND('',#10818,.F.);
#10820=ADVANCED_FACE('',(#10819),#10813,.T.);
#10821=CARTESIAN_POINT('',(-1.548149442673E1,8.E0,4.87E1));
#10822=DIRECTION('',(0.E0,-1.E0,0.E0));
#10823=DIRECTION('',(1.E0,0.E0,0.E0));
#10824=AXIS2_PLACEMENT_3D('',#10821,#10822,#10823);
#10825=PLANE('',#10824);
#10826=ORIENTED_EDGE('',*,*,#8316,.F.);
#10828=ORIENTED_EDGE('',*,*,#10827,.T.);
#10829=ORIENTED_EDGE('',*,*,#9600,.T.);
#10831=ORIENTED_EDGE('',*,*,#10830,.F.);
#10832=EDGE_LOOP('',(#10826,#10828,#10829,#10831));
#10833=FACE_OUTER_BOUND('',#10832,.F.);
#10834=ADVANCED_FACE('',(#10833),#10825,.T.);
#10835=CARTESIAN_POINT('',(-1.544412791729E1,8.129537370056E0,4.87E1));
#10836=DIRECTION('',(-9.608236694347E-1,2.771603800221E-1,0.E0));
#10837=DIRECTION('',(-2.771603800221E-1,-9.608236694347E-1,0.E0));
#10838=AXIS2_PLACEMENT_3D('',#10835,#10836,#10837);
#10839=PLANE('',#10838);
#10840=ORIENTED_EDGE('',*,*,#8346,.F.);
#10842=ORIENTED_EDGE('',*,*,#10841,.T.);
#10843=ORIENTED_EDGE('',*,*,#9602,.T.);
#10844=ORIENTED_EDGE('',*,*,#10827,.F.);
#10845=EDGE_LOOP('',(#10840,#10842,#10843,#10844));
#10846=FACE_OUTER_BOUND('',#10845,.F.);
#10847=ADVANCED_FACE('',(#10846),#10839,.T.);
#10848=CARTESIAN_POINT('',(-1.511621504179E1,8.375794445755E0,4.87E1));
#10849=CARTESIAN_POINT('',(-1.512506874353E1,8.215477973187E0,4.87E1));
#10850=CARTESIAN_POINT('',(-1.528173994409E1,8.129206391239E0,4.87E1));
#10851=CARTESIAN_POINT('',(-1.556718764332E1,8.119596832501E0,4.87E1));
#10853=DIRECTION('',(0.E0,0.E0,1.E0));
#10854=VECTOR('',#10853,1.E0);
#10855=SURFACE_OF_LINEAR_EXTRUSION('',#10852,#10854);
#10856=ORIENTED_EDGE('',*,*,#8344,.F.);
#10858=ORIENTED_EDGE('',*,*,#10857,.T.);
#10859=ORIENTED_EDGE('',*,*,#9604,.T.);
#10860=ORIENTED_EDGE('',*,*,#10841,.F.);
#10861=EDGE_LOOP('',(#10856,#10858,#10859,#10860));
#10862=FACE_OUTER_BOUND('',#10861,.F.);
#10863=ADVANCED_FACE('',(#10862),#10855,.T.);
#10864=CARTESIAN_POINT('',(-1.493387496051E1,8.866856754572E0,4.87E1));
#10865=CARTESIAN_POINT('',(-1.504970984994E1,8.455825613779E0,4.87E1));
#10866=CARTESIAN_POINT('',(-1.513842081771E1,8.232880389126E0,4.87E1));
#10867=CARTESIAN_POINT('',(-1.520690832495E1,8.216931500999E0,4.87E1));
#10869=DIRECTION('',(0.E0,0.E0,1.E0));
#10870=VECTOR('',#10869,1.E0);
#10871=SURFACE_OF_LINEAR_EXTRUSION('',#10868,#10870);
#10872=ORIENTED_EDGE('',*,*,#8342,.F.);
#10874=ORIENTED_EDGE('',*,*,#10873,.T.);
#10875=ORIENTED_EDGE('',*,*,#9606,.T.);
#10876=ORIENTED_EDGE('',*,*,#10857,.F.);
#10877=EDGE_LOOP('',(#10872,#10874,#10875,#10876));
#10878=FACE_OUTER_BOUND('',#10877,.F.);
#10879=ADVANCED_FACE('',(#10878),#10871,.T.);
#10880=CARTESIAN_POINT('',(-1.441779351234E1,1.072277572751E1,4.87E1));
#10881=DIRECTION('',(-9.632251226113E-1,2.686956701743E-1,0.E0));
#10882=DIRECTION('',(-2.686956701743E-1,-9.632251226113E-1,0.E0));
#10883=AXIS2_PLACEMENT_3D('',#10880,#10881,#10882);
#10884=PLANE('',#10883);
#10885=ORIENTED_EDGE('',*,*,#8340,.F.);
#10887=ORIENTED_EDGE('',*,*,#10886,.T.);
#10888=ORIENTED_EDGE('',*,*,#9608,.T.);
#10889=ORIENTED_EDGE('',*,*,#10873,.F.);
#10890=EDGE_LOOP('',(#10885,#10887,#10888,#10889));
#10891=FACE_OUTER_BOUND('',#10890,.F.);
#10892=ADVANCED_FACE('',(#10891),#10884,.T.);
#10893=CARTESIAN_POINT('',(-1.439129530116E1,1.116821563527E1,4.87E1));
#10894=CARTESIAN_POINT('',(-1.434938922040E1,1.108323475205E1,4.87E1));
#10895=CARTESIAN_POINT('',(-1.435867081273E1,1.093006582259E1,4.87E1));
#10896=CARTESIAN_POINT('',(-1.442135041565E1,1.071016308017E1,4.87E1));
#10898=DIRECTION('',(0.E0,0.E0,1.E0));
#10899=VECTOR('',#10898,1.E0);
#10900=SURFACE_OF_LINEAR_EXTRUSION('',#10897,#10899);
#10901=ORIENTED_EDGE('',*,*,#8338,.F.);
#10903=ORIENTED_EDGE('',*,*,#10902,.T.);
#10904=ORIENTED_EDGE('',*,*,#9610,.T.);
#10905=ORIENTED_EDGE('',*,*,#10886,.F.);
#10906=EDGE_LOOP('',(#10901,#10903,#10904,#10905));
#10907=FACE_OUTER_BOUND('',#10906,.F.);
#10908=ADVANCED_FACE('',(#10907),#10900,.T.);
#10909=CARTESIAN_POINT('',(-1.475089701554E1,1.131666574952E1,4.87E1));
#10910=CARTESIAN_POINT('',(-1.454560667530E1,1.129987660612E1,4.87E1));
#10911=CARTESIAN_POINT('',(-1.442381931698E1,1.124812425374E1,4.87E1));
#10912=CARTESIAN_POINT('',(-1.438669896358E1,1.115808513995E1,4.87E1));
#10914=DIRECTION('',(0.E0,0.E0,1.E0));
#10915=VECTOR('',#10914,1.E0);
#10916=SURFACE_OF_LINEAR_EXTRUSION('',#10913,#10915);
#10917=ORIENTED_EDGE('',*,*,#8336,.F.);
#10919=ORIENTED_EDGE('',*,*,#10918,.T.);
#10920=ORIENTED_EDGE('',*,*,#9612,.T.);
#10921=ORIENTED_EDGE('',*,*,#10902,.F.);
#10922=EDGE_LOOP('',(#10917,#10919,#10920,#10921));
#10923=FACE_OUTER_BOUND('',#10922,.F.);
#10924=ADVANCED_FACE('',(#10923),#10916,.T.);
#10925=CARTESIAN_POINT('',(-1.470427036285E1,1.144519567490E1,4.87E1));
#10926=DIRECTION('',(-9.656153981663E-1,2.599748119031E-1,0.E0));
#10927=DIRECTION('',(-2.599748119031E-1,-9.656153981663E-1,0.E0));
#10928=AXIS2_PLACEMENT_3D('',#10925,#10926,#10927);
#10929=PLANE('',#10928);
#10930=ORIENTED_EDGE('',*,*,#8334,.F.);
#10932=ORIENTED_EDGE('',*,*,#10931,.T.);
#10933=ORIENTED_EDGE('',*,*,#9614,.T.);
#10934=ORIENTED_EDGE('',*,*,#10918,.F.);
#10935=EDGE_LOOP('',(#10930,#10932,#10933,#10934));
#10936=FACE_OUTER_BOUND('',#10935,.F.);
#10937=ADVANCED_FACE('',(#10936),#10929,.T.);
#10938=CARTESIAN_POINT('',(-1.336654782295E1,1.144519567490E1,4.87E1));
#10939=DIRECTION('',(0.E0,1.E0,0.E0));
#10940=DIRECTION('',(-1.E0,0.E0,0.E0));
#10941=AXIS2_PLACEMENT_3D('',#10938,#10939,#10940);
#10942=PLANE('',#10941);
#10943=ORIENTED_EDGE('',*,*,#8332,.F.);
#10945=ORIENTED_EDGE('',*,*,#10944,.T.);
#10946=ORIENTED_EDGE('',*,*,#9616,.T.);
#10947=ORIENTED_EDGE('',*,*,#10931,.F.);
#10948=EDGE_LOOP('',(#10943,#10945,#10946,#10947));
#10949=FACE_OUTER_BOUND('',#10948,.F.);
#10950=ADVANCED_FACE('',(#10949),#10942,.T.);
#10951=CARTESIAN_POINT('',(-1.340391433239E1,1.131565833092E1,4.87E1));
#10952=DIRECTION('',(9.608236545764E-1,-2.771604315310E-1,0.E0));
#10953=DIRECTION('',(2.771604315310E-1,9.608236545764E-1,0.E0));
#10954=AXIS2_PLACEMENT_3D('',#10951,#10952,#10953);
#10955=PLANE('',#10954);
#10956=ORIENTED_EDGE('',*,*,#8330,.F.);
#10958=ORIENTED_EDGE('',*,*,#10957,.T.);
#10959=ORIENTED_EDGE('',*,*,#9618,.T.);
#10960=ORIENTED_EDGE('',*,*,#10944,.F.);
#10961=EDGE_LOOP('',(#10956,#10958,#10959,#10960));
#10962=FACE_OUTER_BOUND('',#10961,.F.);
#10963=ADVANCED_FACE('',(#10962),#10955,.T.);
#10964=CARTESIAN_POINT('',(-1.373427167444E1,1.113566749013E1,4.87E1));
#10965=CARTESIAN_POINT('',(-1.366507488246E1,1.125677874030E1,4.87E1));
#10966=CARTESIAN_POINT('',(-1.350711330318E1,1.131831492353E1,4.87E1));
#10967=CARTESIAN_POINT('',(-1.329923267579E1,1.132371395763E1,4.87E1));
#10969=DIRECTION('',(0.E0,0.E0,1.E0));
#10970=VECTOR('',#10969,1.E0);
#10971=SURFACE_OF_LINEAR_EXTRUSION('',#10968,#10970);
#10972=ORIENTED_EDGE('',*,*,#8328,.F.);
#10974=ORIENTED_EDGE('',*,*,#10973,.T.);
#10975=ORIENTED_EDGE('',*,*,#9620,.T.);
#10976=ORIENTED_EDGE('',*,*,#10957,.F.);
#10977=EDGE_LOOP('',(#10972,#10974,#10975,#10976));
#10978=FACE_OUTER_BOUND('',#10977,.F.);
#10979=ADVANCED_FACE('',(#10978),#10971,.T.);
#10980=CARTESIAN_POINT('',(-1.392168116655E1,1.055555951909E1,4.87E1));
#10981=CARTESIAN_POINT('',(-1.379969951445E1,1.107318204648E1,4.87E1));
#10982=CARTESIAN_POINT('',(-1.368364181927E1,1.129183428129E1,4.87E1));
#10983=CARTESIAN_POINT('',(-1.358222942335E1,1.121975650779E1,4.87E1));
#10985=DIRECTION('',(0.E0,0.E0,1.E0));
#10986=VECTOR('',#10985,1.E0);
#10987=SURFACE_OF_LINEAR_EXTRUSION('',#10984,#10986);
#10988=ORIENTED_EDGE('',*,*,#8326,.F.);
#10990=ORIENTED_EDGE('',*,*,#10989,.T.);
#10991=ORIENTED_EDGE('',*,*,#9622,.T.);
#10992=ORIENTED_EDGE('',*,*,#10973,.F.);
#10993=EDGE_LOOP('',(#10988,#10990,#10991,#10992));
#10994=FACE_OUTER_BOUND('',#10993,.F.);
#10995=ADVANCED_FACE('',(#10994),#10987,.T.);
#10996=CARTESIAN_POINT('',(-1.444021391869E1,8.722419947386E0,4.87E1));
#10997=DIRECTION('',(9.629141519723E-1,-2.698079612083E-1,0.E0));
#10998=DIRECTION('',(2.698079612083E-1,9.629141519723E-1,0.E0));
#10999=AXIS2_PLACEMENT_3D('',#10996,#10997,#10998);
#11000=PLANE('',#10999);
#11001=ORIENTED_EDGE('',*,*,#8324,.F.);
#11003=ORIENTED_EDGE('',*,*,#11002,.T.);
#11004=ORIENTED_EDGE('',*,*,#9624,.T.);
#11005=ORIENTED_EDGE('',*,*,#10989,.F.);
#11006=EDGE_LOOP('',(#11001,#11003,#11004,#11005));
#11007=FACE_OUTER_BOUND('',#11006,.F.);
#11008=ADVANCED_FACE('',(#11007),#11000,.T.);
#11009=CARTESIAN_POINT('',(-1.447838310840E1,8.269698124636E0,4.87E1));
#11010=CARTESIAN_POINT('',(-1.451362954840E1,8.356938788569E0,4.87E1));
#11011=CARTESIAN_POINT('',(-1.450026906801E1,8.512269194199E0,4.87E1));
#11012=CARTESIAN_POINT('',(-1.443659629733E1,8.735206716172E0,4.87E1));
#11014=DIRECTION('',(0.E0,0.E0,1.E0));
#11015=VECTOR('',#11014,1.E0);
#11016=SURFACE_OF_LINEAR_EXTRUSION('',#11013,#11015);
#11017=ORIENTED_EDGE('',*,*,#8322,.F.);
#11019=ORIENTED_EDGE('',*,*,#11018,.T.);
#11020=ORIENTED_EDGE('',*,*,#9626,.T.);
#11021=ORIENTED_EDGE('',*,*,#11002,.F.);
#11022=EDGE_LOOP('',(#11017,#11019,#11020,#11021));
#11023=FACE_OUTER_BOUND('',#11022,.F.);
#11024=ADVANCED_FACE('',(#11023),#11016,.T.);
#11025=CARTESIAN_POINT('',(-1.413994273177E1,8.128984318977E0,4.87E1));
#11026=CARTESIAN_POINT('',(-1.433746121614E1,8.137794222154E0,4.87E1));
#11027=CARTESIAN_POINT('',(-1.445144803191E1,8.186948906397E0,4.87E1));
#11028=CARTESIAN_POINT('',(-1.448223086400E1,8.280134019908E0,4.87E1));
#11030=DIRECTION('',(0.E0,0.E0,1.E0));
#11031=VECTOR('',#11030,1.E0);
#11032=SURFACE_OF_LINEAR_EXTRUSION('',#11029,#11031);
#11033=ORIENTED_EDGE('',*,*,#8320,.F.);
#11035=ORIENTED_EDGE('',*,*,#11034,.T.);
#11036=ORIENTED_EDGE('',*,*,#9628,.T.);
#11037=ORIENTED_EDGE('',*,*,#11018,.F.);
#11038=EDGE_LOOP('',(#11033,#11035,#11036,#11037));
#11039=FACE_OUTER_BOUND('',#11038,.F.);
#11040=ADVANCED_FACE('',(#11039),#11032,.T.);
#11041=CARTESIAN_POINT('',(-1.418861186504E1,8.E0,4.87E1));
#11042=DIRECTION('',(9.608236694347E-1,-2.771603800221E-1,0.E0));
#11043=DIRECTION('',(2.771603800221E-1,9.608236694347E-1,0.E0));
#11044=AXIS2_PLACEMENT_3D('',#11041,#11042,#11043);
#11045=PLANE('',#11044);
#11046=ORIENTED_EDGE('',*,*,#8318,.F.);
#11047=ORIENTED_EDGE('',*,*,#10830,.T.);
#11048=ORIENTED_EDGE('',*,*,#9630,.T.);
#11049=ORIENTED_EDGE('',*,*,#11034,.F.);
#11050=EDGE_LOOP('',(#11046,#11047,#11048,#11049));
#11051=FACE_OUTER_BOUND('',#11050,.F.);
#11052=ADVANCED_FACE('',(#11051),#11045,.T.);
#11053=CARTESIAN_POINT('',(-1.376263332367E1,8.E0,4.87E1));
#11054=DIRECTION('',(0.E0,-1.E0,0.E0));
#11055=DIRECTION('',(1.E0,0.E0,0.E0));
#11056=AXIS2_PLACEMENT_3D('',#11053,#11054,#11055);
#11057=PLANE('',#11056);
#11058=ORIENTED_EDGE('',*,*,#8350,.F.);
#11060=ORIENTED_EDGE('',*,*,#11059,.T.);
#11061=ORIENTED_EDGE('',*,*,#9640,.T.);
#11063=ORIENTED_EDGE('',*,*,#11062,.F.);
#11064=EDGE_LOOP('',(#11058,#11060,#11061,#11063));
#11065=FACE_OUTER_BOUND('',#11064,.F.);
#11066=ADVANCED_FACE('',(#11065),#11057,.T.);
#11067=CARTESIAN_POINT('',(-1.372526681423E1,8.129537370056E0,4.87E1));
#11068=DIRECTION('',(-9.608236694347E-1,2.771603800221E-1,0.E0));
#11069=DIRECTION('',(-2.771603800221E-1,-9.608236694347E-1,0.E0));
#11070=AXIS2_PLACEMENT_3D('',#11067,#11068,#11069);
#11071=PLANE('',#11070);
#11072=ORIENTED_EDGE('',*,*,#8398,.F.);
#11074=ORIENTED_EDGE('',*,*,#11073,.T.);
#11075=ORIENTED_EDGE('',*,*,#9642,.T.);
#11076=ORIENTED_EDGE('',*,*,#11059,.F.);
#11077=EDGE_LOOP('',(#11072,#11074,#11075,#11076));
#11078=FACE_OUTER_BOUND('',#11077,.F.);
#11079=ADVANCED_FACE('',(#11078),#11071,.T.);
#11080=CARTESIAN_POINT('',(-1.338617042527E1,8.336675255096E0,4.87E1));
#11081=CARTESIAN_POINT('',(-1.348835490036E1,8.185509295894E0,4.87E1));
#11082=CARTESIAN_POINT('',(-1.363558744101E1,8.115665893721E0,4.87E1));
#11083=CARTESIAN_POINT('',(-1.381359253948E1,8.129193200553E0,4.87E1));
#11085=DIRECTION('',(0.E0,0.E0,1.E0));
#11086=VECTOR('',#11085,1.E0);
#11087=SURFACE_OF_LINEAR_EXTRUSION('',#11084,#11086);
#11088=ORIENTED_EDGE('',*,*,#8396,.F.);
#11090=ORIENTED_EDGE('',*,*,#11089,.T.);
#11091=ORIENTED_EDGE('',*,*,#9644,.T.);
#11092=ORIENTED_EDGE('',*,*,#11073,.F.);
#11093=EDGE_LOOP('',(#11088,#11090,#11091,#11092));
#11094=FACE_OUTER_BOUND('',#11093,.F.);
#11095=ADVANCED_FACE('',(#11094),#11087,.T.);
#11096=CARTESIAN_POINT('',(-1.295801487776E1,9.708378693069E0,4.87E1));
#11097=CARTESIAN_POINT('',(-1.327603305693E1,8.521457234694E0,4.87E1));
#11098=CARTESIAN_POINT('',(-1.346064593333E1,8.055891261850E0,4.87E1));
#11099=CARTESIAN_POINT('',(-1.350929822329E1,8.328293419484E0,4.87E1));
#11101=DIRECTION('',(0.E0,0.E0,1.E0));
#11102=VECTOR('',#11101,1.E0);
#11103=SURFACE_OF_LINEAR_EXTRUSION('',#11100,#11102);
#11104=ORIENTED_EDGE('',*,*,#8394,.F.);
#11106=ORIENTED_EDGE('',*,*,#11105,.T.);
#11107=ORIENTED_EDGE('',*,*,#9646,.T.);
#11108=ORIENTED_EDGE('',*,*,#11089,.F.);
#11109=EDGE_LOOP('',(#11104,#11106,#11107,#11108));
#11110=FACE_OUTER_BOUND('',#11109,.F.);
#11111=ADVANCED_FACE('',(#11110),#11103,.T.);
#11112=CARTESIAN_POINT('',(-1.257437682152E1,1.107651254535E1,4.87E1));
#11113=DIRECTION('',(-9.632050415762E-1,2.687676466433E-1,0.E0));
#11114=DIRECTION('',(-2.687676466433E-1,-9.632050415762E-1,0.E0));
#11115=AXIS2_PLACEMENT_3D('',#11112,#11113,#11114);
#11116=PLANE('',#11115);
#11117=ORIENTED_EDGE('',*,*,#8392,.F.);
#11119=ORIENTED_EDGE('',*,*,#11118,.T.);
#11120=ORIENTED_EDGE('',*,*,#9648,.T.);
#11121=ORIENTED_EDGE('',*,*,#11105,.F.);
#11122=EDGE_LOOP('',(#11117,#11119,#11120,#11121));
#11123=FACE_OUTER_BOUND('',#11122,.F.);
#11124=ADVANCED_FACE('',(#11123),#11116,.T.);
#11125=CARTESIAN_POINT('',(-1.285896537809E1,1.126307644487E1,4.87E1));
#11126=CARTESIAN_POINT('',(-1.273321128087E1,1.128761205565E1,4.87E1));
#11127=CARTESIAN_POINT('',(-1.261512821915E1,1.118037532824E1,4.87E1));
#11128=CARTESIAN_POINT('',(-1.251765671414E1,1.096918703033E1,4.87E1));
#11130=DIRECTION('',(0.E0,0.E0,1.E0));
#11131=VECTOR('',#11130,1.E0);
#11132=SURFACE_OF_LINEAR_EXTRUSION('',#11129,#11131);
#11133=ORIENTED_EDGE('',*,*,#8390,.F.);
#11135=ORIENTED_EDGE('',*,*,#11134,.T.);
#11136=ORIENTED_EDGE('',*,*,#9650,.T.);
#11137=ORIENTED_EDGE('',*,*,#11118,.F.);
#11138=EDGE_LOOP('',(#11133,#11135,#11136,#11137));
#11139=FACE_OUTER_BOUND('',#11138,.F.);
#11140=ADVANCED_FACE('',(#11139),#11132,.T.);
#11141=CARTESIAN_POINT('',(-1.313083442982E1,1.132705364424E1,4.87E1));
#11142=CARTESIAN_POINT('',(-1.290188809732E1,1.130917634605E1,4.87E1));
#11143=CARTESIAN_POINT('',(-1.275012151131E1,1.126468078013E1,4.87E1));
#11144=CARTESIAN_POINT('',(-1.267903976079E1,1.121279965366E1,4.87E1));
#11146=DIRECTION('',(0.E0,0.E0,1.E0));
#11147=VECTOR('',#11146,1.E0);
#11148=SURFACE_OF_LINEAR_EXTRUSION('',#11145,#11147);
#11149=ORIENTED_EDGE('',*,*,#8388,.F.);
#11151=ORIENTED_EDGE('',*,*,#11150,.T.);
#11152=ORIENTED_EDGE('',*,*,#9652,.T.);
#11153=ORIENTED_EDGE('',*,*,#11134,.F.);
#11154=EDGE_LOOP('',(#11149,#11151,#11152,#11153));
#11155=FACE_OUTER_BOUND('',#11154,.F.);
#11156=ADVANCED_FACE('',(#11155),#11148,.T.);
#11157=CARTESIAN_POINT('',(-1.298540925980E1,1.144519567490E1,4.87E1));
#11158=DIRECTION('',(-9.656153981663E-1,2.599748119031E-1,0.E0));
#11159=DIRECTION('',(-2.599748119031E-1,-9.656153981663E-1,0.E0));
#11160=AXIS2_PLACEMENT_3D('',#11157,#11158,#11159);
#11161=PLANE('',#11160);
#11162=ORIENTED_EDGE('',*,*,#8386,.F.);
#11164=ORIENTED_EDGE('',*,*,#11163,.T.);
#11165=ORIENTED_EDGE('',*,*,#9654,.T.);
#11166=ORIENTED_EDGE('',*,*,#11150,.F.);
#11167=EDGE_LOOP('',(#11162,#11164,#11165,#11166));
#11168=FACE_OUTER_BOUND('',#11167,.F.);
#11169=ADVANCED_FACE('',(#11168),#11161,.T.);
#11170=CARTESIAN_POINT('',(-1.214341652393E1,1.144519567490E1,4.87E1));
#11171=DIRECTION('',(0.E0,1.E0,0.E0));
#11172=DIRECTION('',(-1.E0,0.E0,0.E0));
#11173=AXIS2_PLACEMENT_3D('',#11170,#11171,#11172);
#11174=PLANE('',#11173);
#11175=ORIENTED_EDGE('',*,*,#8384,.F.);
#11177=ORIENTED_EDGE('',*,*,#11176,.T.);
#11178=ORIENTED_EDGE('',*,*,#9656,.T.);
#11179=ORIENTED_EDGE('',*,*,#11163,.F.);
#11180=EDGE_LOOP('',(#11175,#11177,#11178,#11179));
#11181=FACE_OUTER_BOUND('',#11180,.F.);
#11182=ADVANCED_FACE('',(#11181),#11174,.T.);
#11183=CARTESIAN_POINT('',(-1.109217083454E1,8.874377228320E0,4.87E1));
#11184=DIRECTION('',(9.256040730663E-1,3.784931966668E-1,0.E0));
#11185=DIRECTION('',(-3.784931966668E-1,9.256040730663E-1,0.E0));
#11186=AXIS2_PLACEMENT_3D('',#11183,#11184,#11185);
#11187=PLANE('',#11186);
#11188=ORIENTED_EDGE('',*,*,#8382,.F.);
#11190=ORIENTED_EDGE('',*,*,#11189,.T.);
#11191=ORIENTED_EDGE('',*,*,#9658,.T.);
#11192=ORIENTED_EDGE('',*,*,#11176,.F.);
#11193=EDGE_LOOP('',(#11188,#11190,#11191,#11192));
#11194=FACE_OUTER_BOUND('',#11193,.F.);
#11195=ADVANCED_FACE('',(#11194),#11187,.T.);
#11196=CARTESIAN_POINT('',(-1.056405711174E1,1.072277572751E1,4.87E1));
#11197=DIRECTION('',(-9.615239660689E-1,2.747210633992E-1,0.E0));
#11198=DIRECTION('',(-2.747210633992E-1,-9.615239660689E-1,0.E0));
#11199=AXIS2_PLACEMENT_3D('',#11196,#11197,#11198);
#11200=PLANE('',#11199);
#11201=ORIENTED_EDGE('',*,*,#8380,.F.);
#11203=ORIENTED_EDGE('',*,*,#11202,.T.);
#11204=ORIENTED_EDGE('',*,*,#9660,.T.);
#11205=ORIENTED_EDGE('',*,*,#11189,.F.);
#11206=EDGE_LOOP('',(#11201,#11203,#11204,#11205));
#11207=FACE_OUTER_BOUND('',#11206,.F.);
#11208=ADVANCED_FACE('',(#11207),#11200,.T.);
#11209=CARTESIAN_POINT('',(-1.051956828041E1,1.119256201562E1,4.87E1));
#11210=CARTESIAN_POINT('',(-1.048841461927E1,1.111877976505E1,4.87E1));
#11211=CARTESIAN_POINT('',(-1.049663758656E1,1.095347610924E1,4.87E1));
#11212=CARTESIAN_POINT('',(-1.056811054779E1,1.070874482324E1,4.87E1));
#11214=DIRECTION('',(0.E0,0.E0,1.E0));
#11215=VECTOR('',#11214,1.E0);
#11216=SURFACE_OF_LINEAR_EXTRUSION('',#11213,#11215);
#11217=ORIENTED_EDGE('',*,*,#8378,.F.);
#11219=ORIENTED_EDGE('',*,*,#11218,.T.);
#11220=ORIENTED_EDGE('',*,*,#9662,.T.);
#11221=ORIENTED_EDGE('',*,*,#11202,.F.);
#11222=EDGE_LOOP('',(#11217,#11219,#11220,#11221));
#11223=FACE_OUTER_BOUND('',#11222,.F.);
#11224=ADVANCED_FACE('',(#11223),#11216,.T.);
#11225=CARTESIAN_POINT('',(-1.090116918632E1,1.131621733354E1,4.87E1));
#11226=CARTESIAN_POINT('',(-1.066914186845E1,1.130720144020E1,4.87E1));
#11227=CARTESIAN_POINT('',(-1.054227619449E1,1.126316724415E1,4.87E1));
#11228=CARTESIAN_POINT('',(-1.051619847479E1,1.118365606732E1,4.87E1));
#11230=DIRECTION('',(0.E0,0.E0,1.E0));
#11231=VECTOR('',#11230,1.E0);
#11232=SURFACE_OF_LINEAR_EXTRUSION('',#11229,#11231);
#11233=ORIENTED_EDGE('',*,*,#8376,.F.);
#11235=ORIENTED_EDGE('',*,*,#11234,.T.);
#11236=ORIENTED_EDGE('',*,*,#9664,.T.);
#11237=ORIENTED_EDGE('',*,*,#11218,.F.);
#11238=EDGE_LOOP('',(#11233,#11235,#11236,#11237));
#11239=FACE_OUTER_BOUND('',#11238,.F.);
#11240=ADVANCED_FACE('',(#11239),#11232,.T.);
#11241=CARTESIAN_POINT('',(-1.085302567482E1,1.144519567490E1,4.87E1));
#11242=DIRECTION('',(-9.656185211844E-1,2.599632119081E-1,0.E0));
#11243=DIRECTION('',(-2.599632119081E-1,-9.656185211844E-1,0.E0));
#11244=AXIS2_PLACEMENT_3D('',#11241,#11242,#11243);
#11245=PLANE('',#11244);
#11246=ORIENTED_EDGE('',*,*,#8374,.F.);
#11248=ORIENTED_EDGE('',*,*,#11247,.T.);
#11249=ORIENTED_EDGE('',*,*,#9666,.T.);
#11250=ORIENTED_EDGE('',*,*,#11234,.F.);
#11251=EDGE_LOOP('',(#11246,#11248,#11249,#11250));
#11252=FACE_OUTER_BOUND('',#11251,.F.);
#11253=ADVANCED_FACE('',(#11252),#11245,.T.);
#11254=CARTESIAN_POINT('',(-9.791814804077E0,1.144519567490E1,4.87E1));
#11255=DIRECTION('',(0.E0,1.E0,0.E0));
#11256=DIRECTION('',(-1.E0,0.E0,0.E0));
#11257=AXIS2_PLACEMENT_3D('',#11254,#11255,#11256);
#11258=PLANE('',#11257);
#11259=ORIENTED_EDGE('',*,*,#8372,.F.);
#11261=ORIENTED_EDGE('',*,*,#11260,.T.);
#11262=ORIENTED_EDGE('',*,*,#9668,.T.);
#11263=ORIENTED_EDGE('',*,*,#11247,.F.);
#11264=EDGE_LOOP('',(#11259,#11261,#11262,#11263));
#11265=FACE_OUTER_BOUND('',#11264,.F.);
#11266=ADVANCED_FACE('',(#11265),#11258,.T.);
#11267=CARTESIAN_POINT('',(-9.829182147980E0,1.131565833092E1,4.87E1));
#11268=DIRECTION('',(9.608220062793E-1,-2.771661455686E-1,0.E0));
#11269=DIRECTION('',(2.771661455686E-1,9.608220062793E-1,0.E0));
#11270=AXIS2_PLACEMENT_3D('',#11267,#11268,#11269);
#11271=PLANE('',#11270);
#11272=ORIENTED_EDGE('',*,*,#8370,.F.);
#11274=ORIENTED_EDGE('',*,*,#11273,.T.);
#11275=ORIENTED_EDGE('',*,*,#9670,.T.);
#11276=ORIENTED_EDGE('',*,*,#11260,.F.);
#11277=EDGE_LOOP('',(#11272,#11274,#11275,#11276));
#11278=FACE_OUTER_BOUND('',#11277,.F.);
#11279=ADVANCED_FACE('',(#11278),#11271,.T.);
#11280=CARTESIAN_POINT('',(-1.015108469986E1,1.113133646340E1,4.87E1));
#11281=CARTESIAN_POINT('',(-1.005602728067E1,1.127891326977E1,4.87E1));
#11282=CARTESIAN_POINT('',(-9.920143924264E0,1.133968715069E1,4.87E1));
#11283=CARTESIAN_POINT('',(-9.737020047484E0,1.130708638572E1,4.87E1));
#11285=DIRECTION('',(0.E0,0.E0,1.E0));
#11286=VECTOR('',#11285,1.E0);
#11287=SURFACE_OF_LINEAR_EXTRUSION('',#11284,#11286);
#11288=ORIENTED_EDGE('',*,*,#8368,.F.);
#11290=ORIENTED_EDGE('',*,*,#11289,.T.);
#11291=ORIENTED_EDGE('',*,*,#9672,.T.);
#11292=ORIENTED_EDGE('',*,*,#11273,.F.);
#11293=EDGE_LOOP('',(#11288,#11290,#11291,#11292));
#11294=FACE_OUTER_BOUND('',#11293,.F.);
#11295=ADVANCED_FACE('',(#11294),#11287,.T.);
#11296=CARTESIAN_POINT('',(-1.063749963381E1,9.555943878871E0,4.87E1));
#11297=CARTESIAN_POINT('',(-1.024397430850E1,1.098451525022E1,4.87E1));
#11298=CARTESIAN_POINT('',(-1.004614301390E1,1.149133471742E1,4.87E1));
#11299=CARTESIAN_POINT('',(-1.005174008717E1,1.106313458005E1,4.87E1));
#11301=DIRECTION('',(0.E0,0.E0,1.E0));
#11302=VECTOR('',#11301,1.E0);
#11303=SURFACE_OF_LINEAR_EXTRUSION('',#11300,#11302);
#11304=ORIENTED_EDGE('',*,*,#8366,.F.);
#11306=ORIENTED_EDGE('',*,*,#11305,.T.);
#11307=ORIENTED_EDGE('',*,*,#9674,.T.);
#11308=ORIENTED_EDGE('',*,*,#11289,.F.);
#11309=EDGE_LOOP('',(#11304,#11306,#11307,#11308));
#11310=FACE_OUTER_BOUND('',#11309,.F.);
#11311=ADVANCED_FACE('',(#11310),#11303,.T.);
#11312=CARTESIAN_POINT('',(-1.108718824387E1,7.945195727050E0,4.87E1));
#11313=DIRECTION('',(9.631670038094E-1,-2.689039285189E-1,0.E0));
#11314=DIRECTION('',(2.689039285189E-1,9.631670038094E-1,0.E0));
#11315=AXIS2_PLACEMENT_3D('',#11312,#11313,#11314);
#11316=PLANE('',#11315);
#11317=ORIENTED_EDGE('',*,*,#8364,.F.);
#11319=ORIENTED_EDGE('',*,*,#11318,.T.);
#11320=ORIENTED_EDGE('',*,*,#9676,.T.);
#11321=ORIENTED_EDGE('',*,*,#11305,.F.);
#11322=EDGE_LOOP('',(#11317,#11319,#11320,#11321));
#11323=FACE_OUTER_BOUND('',#11322,.F.);
#11324=ADVANCED_FACE('',(#11323),#11316,.T.);
#11325=CARTESIAN_POINT('',(-1.122918164730E1,7.945195727050E0,4.87E1));
#11326=DIRECTION('',(0.E0,-1.E0,0.E0));
#11327=DIRECTION('',(1.E0,0.E0,0.E0));
#11328=AXIS2_PLACEMENT_3D('',#11325,#11326,#11327);
#11329=PLANE('',#11328);
#11330=ORIENTED_EDGE('',*,*,#8362,.F.);
#11332=ORIENTED_EDGE('',*,*,#11331,.T.);
#11333=ORIENTED_EDGE('',*,*,#9678,.T.);
#11334=ORIENTED_EDGE('',*,*,#11318,.F.);
#11335=EDGE_LOOP('',(#11330,#11332,#11333,#11334));
#11336=FACE_OUTER_BOUND('',#11335,.F.);
#11337=ADVANCED_FACE('',(#11336),#11329,.T.);
#11338=CARTESIAN_POINT('',(-1.241494643688E1,1.074768680334E1,4.87E1));
#11339=DIRECTION('',(-9.209559903445E-1,-3.896666060218E-1,0.E0));
#11340=DIRECTION('',(3.896666060218E-1,-9.209559903445E-1,0.E0));
#11341=AXIS2_PLACEMENT_3D('',#11338,#11339,#11340);
#11342=PLANE('',#11341);
#11343=ORIENTED_EDGE('',*,*,#8360,.F.);
#11345=ORIENTED_EDGE('',*,*,#11344,.T.);
#11346=ORIENTED_EDGE('',*,*,#9680,.T.);
#11347=ORIENTED_EDGE('',*,*,#11331,.F.);
#11348=EDGE_LOOP('',(#11343,#11345,#11346,#11347));
#11349=FACE_OUTER_BOUND('',#11348,.F.);
#11350=ADVANCED_FACE('',(#11349),#11342,.T.);
#11351=CARTESIAN_POINT('',(-1.298042666912E1,8.722419947386E0,4.87E1));
#11352=DIRECTION('',(9.631606493890E-1,-2.689266879069E-1,0.E0));
#11353=DIRECTION('',(2.689266879069E-1,9.631606493890E-1,0.E0));
#11354=AXIS2_PLACEMENT_3D('',#11351,#11352,#11353);
#11355=PLANE('',#11354);
#11356=ORIENTED_EDGE('',*,*,#8358,.F.);
#11358=ORIENTED_EDGE('',*,*,#11357,.T.);
#11359=ORIENTED_EDGE('',*,*,#9682,.T.);
#11360=ORIENTED_EDGE('',*,*,#11344,.F.);
#11361=EDGE_LOOP('',(#11356,#11358,#11359,#11360));
#11362=FACE_OUTER_BOUND('',#11361,.F.);
#11363=ADVANCED_FACE('',(#11362),#11355,.T.);
#11364=CARTESIAN_POINT('',(-1.302779329836E1,8.228516237816E0,4.87E1));
#11365=CARTESIAN_POINT('',(-1.307147974813E1,8.280940014618E0,4.87E1));
#11366=CARTESIAN_POINT('',(-1.305714872457E1,8.452289102207E0,4.87E1));
#11367=CARTESIAN_POINT('',(-1.297580822911E1,8.738822924509E0,4.87E1));
#11369=DIRECTION('',(0.E0,0.E0,1.E0));
#11370=VECTOR('',#11369,1.E0);
#11371=SURFACE_OF_LINEAR_EXTRUSION('',#11368,#11370);
#11372=ORIENTED_EDGE('',*,*,#8356,.F.);
#11374=ORIENTED_EDGE('',*,*,#11373,.T.);
#11375=ORIENTED_EDGE('',*,*,#9684,.T.);
#11376=ORIENTED_EDGE('',*,*,#11357,.F.);
#11377=EDGE_LOOP('',(#11372,#11374,#11375,#11376));
#11378=FACE_OUTER_BOUND('',#11377,.F.);
#11379=ADVANCED_FACE('',(#11378),#11371,.T.);
#11380=CARTESIAN_POINT('',(-1.266989602566E1,8.128816963199E0,4.87E1));
#11381=CARTESIAN_POINT('',(-1.287249162607E1,8.140836989830E0,4.87E1));
#11382=CARTESIAN_POINT('',(-1.299430989399E1,8.177160308024E0,4.87E1));
#11383=CARTESIAN_POINT('',(-1.303254799166E1,8.234984754674E0,4.87E1));
#11385=DIRECTION('',(0.E0,0.E0,1.E0));
#11386=VECTOR('',#11385,1.E0);
#11387=SURFACE_OF_LINEAR_EXTRUSION('',#11384,#11386);
#11388=ORIENTED_EDGE('',*,*,#8354,.F.);
#11390=ORIENTED_EDGE('',*,*,#11389,.T.);
#11391=ORIENTED_EDGE('',*,*,#9686,.T.);
#11392=ORIENTED_EDGE('',*,*,#11373,.F.);
#11393=EDGE_LOOP('',(#11388,#11390,#11391,#11392));
#11394=FACE_OUTER_BOUND('',#11393,.F.);
#11395=ADVANCED_FACE('',(#11394),#11387,.T.);
#11396=CARTESIAN_POINT('',(-1.271886110306E1,8.E0,4.87E1));
#11397=DIRECTION('',(9.608236694347E-1,-2.771603800221E-1,0.E0));
#11398=DIRECTION('',(2.771603800221E-1,9.608236694347E-1,0.E0));
#11399=AXIS2_PLACEMENT_3D('',#11396,#11397,#11398);
#11400=PLANE('',#11399);
#11401=ORIENTED_EDGE('',*,*,#8352,.F.);
#11402=ORIENTED_EDGE('',*,*,#11062,.T.);
#11403=ORIENTED_EDGE('',*,*,#9688,.T.);
#11404=ORIENTED_EDGE('',*,*,#11389,.F.);
#11405=EDGE_LOOP('',(#11401,#11402,#11403,#11404));
#11406=FACE_OUTER_BOUND('',#11405,.F.);
#11407=ADVANCED_FACE('',(#11406),#11400,.T.);
#11408=CARTESIAN_POINT('',(1.24375E1,8.E0,4.87E1));
#11409=DIRECTION('',(1.E0,0.E0,0.E0));
#11410=DIRECTION('',(0.E0,1.E0,0.E0));
#11411=AXIS2_PLACEMENT_3D('',#11408,#11409,#11410);
#11412=PLANE('',#11411);
#11413=ORIENTED_EDGE('',*,*,#8402,.F.);
#11415=ORIENTED_EDGE('',*,*,#11414,.T.);
#11416=ORIENTED_EDGE('',*,*,#9698,.T.);
#11418=ORIENTED_EDGE('',*,*,#11417,.F.);
#11419=EDGE_LOOP('',(#11413,#11415,#11416,#11418));
#11420=FACE_OUTER_BOUND('',#11419,.F.);
#11421=ADVANCED_FACE('',(#11420),#11412,.T.);
#11422=CARTESIAN_POINT('',(1.2E1,8.E0,4.87E1));
#11423=DIRECTION('',(0.E0,-1.E0,0.E0));
#11424=DIRECTION('',(1.E0,0.E0,0.E0));
#11425=AXIS2_PLACEMENT_3D('',#11422,#11423,#11424);
#11426=PLANE('',#11425);
#11427=ORIENTED_EDGE('',*,*,#8424,.F.);
#11429=ORIENTED_EDGE('',*,*,#11428,.T.);
#11430=ORIENTED_EDGE('',*,*,#9700,.T.);
#11431=ORIENTED_EDGE('',*,*,#11414,.F.);
#11432=EDGE_LOOP('',(#11427,#11429,#11430,#11431));
#11433=FACE_OUTER_BOUND('',#11432,.F.);
#11434=ADVANCED_FACE('',(#11433),#11426,.T.);
#11435=CARTESIAN_POINT('',(1.2E1,1.15E1,4.87E1));
#11436=DIRECTION('',(-1.E0,0.E0,0.E0));
#11437=DIRECTION('',(0.E0,-1.E0,0.E0));
#11438=AXIS2_PLACEMENT_3D('',#11435,#11436,#11437);
#11439=PLANE('',#11438);
#11440=ORIENTED_EDGE('',*,*,#8422,.F.);
#11442=ORIENTED_EDGE('',*,*,#11441,.T.);
#11443=ORIENTED_EDGE('',*,*,#9702,.T.);
#11444=ORIENTED_EDGE('',*,*,#11428,.F.);
#11445=EDGE_LOOP('',(#11440,#11442,#11443,#11444));
#11446=FACE_OUTER_BOUND('',#11445,.F.);
#11447=ADVANCED_FACE('',(#11446),#11439,.T.);
#11448=CARTESIAN_POINT('',(1.24375E1,1.15E1,4.87E1));
#11449=DIRECTION('',(0.E0,1.E0,0.E0));
#11450=DIRECTION('',(-1.E0,0.E0,0.E0));
#11451=AXIS2_PLACEMENT_3D('',#11448,#11449,#11450);
#11452=PLANE('',#11451);
#11453=ORIENTED_EDGE('',*,*,#8420,.F.);
#11455=ORIENTED_EDGE('',*,*,#11454,.T.);
#11456=ORIENTED_EDGE('',*,*,#9704,.T.);
#11457=ORIENTED_EDGE('',*,*,#11441,.F.);
#11458=EDGE_LOOP('',(#11453,#11455,#11456,#11457));
#11459=FACE_OUTER_BOUND('',#11458,.F.);
#11460=ADVANCED_FACE('',(#11459),#11452,.T.);
#11461=CARTESIAN_POINT('',(1.24375E1,1.008510634303E1,4.87E1));
#11462=DIRECTION('',(1.E0,0.E0,0.E0));
#11463=DIRECTION('',(0.E0,1.E0,0.E0));
#11464=AXIS2_PLACEMENT_3D('',#11461,#11462,#11463);
#11465=PLANE('',#11464);
#11466=ORIENTED_EDGE('',*,*,#8418,.F.);
#11468=ORIENTED_EDGE('',*,*,#11467,.T.);
#11469=ORIENTED_EDGE('',*,*,#9706,.T.);
#11470=ORIENTED_EDGE('',*,*,#11454,.F.);
#11471=EDGE_LOOP('',(#11466,#11468,#11469,#11470));
#11472=FACE_OUTER_BOUND('',#11471,.F.);
#11473=ADVANCED_FACE('',(#11472),#11465,.T.);
#11474=CARTESIAN_POINT('',(1.447916659713E1,1.008510634303E1,4.87E1));
#11475=DIRECTION('',(0.E0,1.E0,0.E0));
#11476=DIRECTION('',(-1.E0,0.E0,0.E0));
#11477=AXIS2_PLACEMENT_3D('',#11474,#11475,#11476);
#11478=PLANE('',#11477);
#11479=ORIENTED_EDGE('',*,*,#8416,.F.);
#11481=ORIENTED_EDGE('',*,*,#11480,.T.);
#11482=ORIENTED_EDGE('',*,*,#9708,.T.);
#11483=ORIENTED_EDGE('',*,*,#11467,.F.);
#11484=EDGE_LOOP('',(#11479,#11481,#11482,#11483));
#11485=FACE_OUTER_BOUND('',#11484,.F.);
#11486=ADVANCED_FACE('',(#11485),#11478,.T.);
#11487=CARTESIAN_POINT('',(1.447916659713E1,1.15E1,4.87E1));
#11488=DIRECTION('',(-1.E0,0.E0,0.E0));
#11489=DIRECTION('',(0.E0,-1.E0,0.E0));
#11490=AXIS2_PLACEMENT_3D('',#11487,#11488,#11489);
#11491=PLANE('',#11490);
#11492=ORIENTED_EDGE('',*,*,#8414,.F.);
#11494=ORIENTED_EDGE('',*,*,#11493,.T.);
#11495=ORIENTED_EDGE('',*,*,#9710,.T.);
#11496=ORIENTED_EDGE('',*,*,#11480,.F.);
#11497=EDGE_LOOP('',(#11492,#11494,#11495,#11496));
#11498=FACE_OUTER_BOUND('',#11497,.F.);
#11499=ADVANCED_FACE('',(#11498),#11491,.T.);
#11500=CARTESIAN_POINT('',(1.491666659713E1,1.15E1,4.87E1));
#11501=DIRECTION('',(0.E0,1.E0,0.E0));
#11502=DIRECTION('',(-1.E0,0.E0,0.E0));
#11503=AXIS2_PLACEMENT_3D('',#11500,#11501,#11502);
#11504=PLANE('',#11503);
#11505=ORIENTED_EDGE('',*,*,#8412,.F.);
#11507=ORIENTED_EDGE('',*,*,#11506,.T.);
#11508=ORIENTED_EDGE('',*,*,#9712,.T.);
#11509=ORIENTED_EDGE('',*,*,#11493,.F.);
#11510=EDGE_LOOP('',(#11505,#11507,#11508,#11509));
#11511=FACE_OUTER_BOUND('',#11510,.F.);
#11512=ADVANCED_FACE('',(#11511),#11504,.T.);
#11513=CARTESIAN_POINT('',(1.491666659713E1,8.E0,4.87E1));
#11514=DIRECTION('',(1.E0,0.E0,0.E0));
#11515=DIRECTION('',(0.E0,1.E0,0.E0));
#11516=AXIS2_PLACEMENT_3D('',#11513,#11514,#11515);
#11517=PLANE('',#11516);
#11518=ORIENTED_EDGE('',*,*,#8410,.F.);
#11520=ORIENTED_EDGE('',*,*,#11519,.T.);
#11521=ORIENTED_EDGE('',*,*,#9714,.T.);
#11522=ORIENTED_EDGE('',*,*,#11506,.F.);
#11523=EDGE_LOOP('',(#11518,#11520,#11521,#11522));
#11524=FACE_OUTER_BOUND('',#11523,.F.);
#11525=ADVANCED_FACE('',(#11524),#11517,.T.);
#11526=CARTESIAN_POINT('',(1.447916659713E1,8.E0,4.87E1));
#11527=DIRECTION('',(0.E0,-1.E0,0.E0));
#11528=DIRECTION('',(1.E0,0.E0,0.E0));
#11529=AXIS2_PLACEMENT_3D('',#11526,#11527,#11528);
#11530=PLANE('',#11529);
#11531=ORIENTED_EDGE('',*,*,#8408,.F.);
#11533=ORIENTED_EDGE('',*,*,#11532,.T.);
#11534=ORIENTED_EDGE('',*,*,#9716,.T.);
#11535=ORIENTED_EDGE('',*,*,#11519,.F.);
#11536=EDGE_LOOP('',(#11531,#11533,#11534,#11535));
#11537=FACE_OUTER_BOUND('',#11536,.F.);
#11538=ADVANCED_FACE('',(#11537),#11530,.T.);
#11539=CARTESIAN_POINT('',(1.447916659713E1,9.638297885656E0,4.87E1));
#11540=DIRECTION('',(-1.E0,0.E0,0.E0));
#11541=DIRECTION('',(0.E0,-1.E0,0.E0));
#11542=AXIS2_PLACEMENT_3D('',#11539,#11540,#11541);
#11543=PLANE('',#11542);
#11544=ORIENTED_EDGE('',*,*,#8406,.F.);
#11546=ORIENTED_EDGE('',*,*,#11545,.T.);
#11547=ORIENTED_EDGE('',*,*,#9718,.T.);
#11548=ORIENTED_EDGE('',*,*,#11532,.F.);
#11549=EDGE_LOOP('',(#11544,#11546,#11547,#11548));
#11550=FACE_OUTER_BOUND('',#11549,.F.);
#11551=ADVANCED_FACE('',(#11550),#11543,.T.);
#11552=CARTESIAN_POINT('',(1.24375E1,9.638297885656E0,4.87E1));
#11553=DIRECTION('',(0.E0,-1.E0,0.E0));
#11554=DIRECTION('',(1.E0,0.E0,0.E0));
#11555=AXIS2_PLACEMENT_3D('',#11552,#11553,#11554);
#11556=PLANE('',#11555);
#11557=ORIENTED_EDGE('',*,*,#8404,.F.);
#11558=ORIENTED_EDGE('',*,*,#11417,.T.);
#11559=ORIENTED_EDGE('',*,*,#9720,.T.);
#11560=ORIENTED_EDGE('',*,*,#11545,.F.);
#11561=EDGE_LOOP('',(#11557,#11558,#11559,#11560));
#11562=FACE_OUTER_BOUND('',#11561,.F.);
#11563=ADVANCED_FACE('',(#11562),#11556,.T.);
#11564=CARTESIAN_POINT('',(1.834375E1,8.819148942828E0,4.87E1));
#11565=DIRECTION('',(1.E0,0.E0,0.E0));
#11566=DIRECTION('',(0.E0,1.E0,0.E0));
#11567=AXIS2_PLACEMENT_3D('',#11564,#11565,#11566);
#11568=PLANE('',#11567);
#11569=ORIENTED_EDGE('',*,*,#8428,.F.);
#11571=ORIENTED_EDGE('',*,*,#11570,.T.);
#11572=ORIENTED_EDGE('',*,*,#9730,.T.);
#11574=ORIENTED_EDGE('',*,*,#11573,.F.);
#11575=EDGE_LOOP('',(#11569,#11571,#11572,#11574));
#11576=FACE_OUTER_BOUND('',#11575,.F.);
#11577=ADVANCED_FACE('',(#11576),#11568,.T.);
#11578=CARTESIAN_POINT('',(1.827083319426E1,8.521276585758E0,4.87E1));
#11579=DIRECTION('',(9.713210587399E-1,-2.377717410636E-1,0.E0));
#11580=DIRECTION('',(2.377717410636E-1,9.713210587399E-1,0.E0));
#11581=AXIS2_PLACEMENT_3D('',#11578,#11579,#11580);
#11582=PLANE('',#11581);
#11583=ORIENTED_EDGE('',*,*,#8514,.F.);
#11585=ORIENTED_EDGE('',*,*,#11584,.T.);
#11586=ORIENTED_EDGE('',*,*,#9732,.T.);
#11587=ORIENTED_EDGE('',*,*,#11570,.F.);
#11588=EDGE_LOOP('',(#11583,#11585,#11586,#11587));
#11589=FACE_OUTER_BOUND('',#11588,.F.);
#11590=ADVANCED_FACE('',(#11589),#11582,.T.);
#11591=CARTESIAN_POINT('',(1.797916680574E1,8.223404254764E0,4.87E1));
#11592=DIRECTION('',(7.145107489524E-1,-6.996244632883E-1,0.E0));
#11593=DIRECTION('',(6.996244632883E-1,7.145107489524E-1,0.E0));
#11594=AXIS2_PLACEMENT_3D('',#11591,#11592,#11593);
#11595=PLANE('',#11594);
#11596=ORIENTED_EDGE('',*,*,#8512,.F.);
#11598=ORIENTED_EDGE('',*,*,#11597,.T.);
#11599=ORIENTED_EDGE('',*,*,#9734,.T.);
#11600=ORIENTED_EDGE('',*,*,#11584,.F.);
#11601=EDGE_LOOP('',(#11596,#11598,#11599,#11600));
#11602=FACE_OUTER_BOUND('',#11601,.F.);
#11603=ADVANCED_FACE('',(#11602),#11595,.T.);
#11604=CARTESIAN_POINT('',(1.76875E1,8.074468082748E0,4.87E1));
#11605=DIRECTION('',(4.547769889117E-1,-8.906053505096E-1,0.E0));
#11606=DIRECTION('',(8.906053505096E-1,4.547769889117E-1,0.E0));
#11607=AXIS2_PLACEMENT_3D('',#11604,#11605,#11606);
#11608=PLANE('',#11607);
#11609=ORIENTED_EDGE('',*,*,#8510,.F.);
#11611=ORIENTED_EDGE('',*,*,#11610,.T.);
#11612=ORIENTED_EDGE('',*,*,#9736,.T.);
#11613=ORIENTED_EDGE('',*,*,#11597,.F.);
#11614=EDGE_LOOP('',(#11609,#11611,#11612,#11613));
#11615=FACE_OUTER_BOUND('',#11614,.F.);
#11616=ADVANCED_FACE('',(#11615),#11608,.T.);
#11617=CARTESIAN_POINT('',(1.732291680574E1,8.E0,4.87E1));
#11618=DIRECTION('',(2.001234451615E-1,-9.797706908745E-1,0.E0));
#11619=DIRECTION('',(9.797706908745E-1,2.001234451615E-1,0.E0));
#11620=AXIS2_PLACEMENT_3D('',#11617,#11618,#11619);
#11621=PLANE('',#11620);
#11622=ORIENTED_EDGE('',*,*,#8508,.F.);
#11624=ORIENTED_EDGE('',*,*,#11623,.T.);
#11625=ORIENTED_EDGE('',*,*,#9738,.T.);
#11626=ORIENTED_EDGE('',*,*,#11610,.F.);
#11627=EDGE_LOOP('',(#11622,#11624,#11625,#11626));
#11628=FACE_OUTER_BOUND('',#11627,.F.);
#11629=ADVANCED_FACE('',(#11628),#11621,.T.);
#11630=CARTESIAN_POINT('',(1.666666680574E1,8.E0,4.87E1));
#11631=DIRECTION('',(0.E0,-1.E0,0.E0));
#11632=DIRECTION('',(1.E0,0.E0,0.E0));
#11633=AXIS2_PLACEMENT_3D('',#11630,#11631,#11632);
#11634=PLANE('',#11633);
#11635=ORIENTED_EDGE('',*,*,#8506,.F.);
#11637=ORIENTED_EDGE('',*,*,#11636,.T.);
#11638=ORIENTED_EDGE('',*,*,#9740,.T.);
#11639=ORIENTED_EDGE('',*,*,#11623,.F.);
#11640=EDGE_LOOP('',(#11635,#11637,#11638,#11639));
#11641=FACE_OUTER_BOUND('',#11640,.F.);
#11642=ADVANCED_FACE('',(#11641),#11634,.T.);
#11643=CARTESIAN_POINT('',(1.630208319426E1,8.074468082748E0,4.87E1));
#11644=DIRECTION('',(-2.001232253108E-1,-9.797707357802E-1,0.E0));
#11645=DIRECTION('',(9.797707357802E-1,-2.001232253108E-1,0.E0));
#11646=AXIS2_PLACEMENT_3D('',#11643,#11644,#11645);
#11647=PLANE('',#11646);
#11648=ORIENTED_EDGE('',*,*,#8504,.F.);
#11650=ORIENTED_EDGE('',*,*,#11649,.T.);
#11651=ORIENTED_EDGE('',*,*,#9742,.T.);
#11652=ORIENTED_EDGE('',*,*,#11636,.F.);
#11653=EDGE_LOOP('',(#11648,#11650,#11651,#11652));
#11654=FACE_OUTER_BOUND('',#11653,.F.);
#11655=ADVANCED_FACE('',(#11654),#11647,.T.);
#11656=CARTESIAN_POINT('',(1.601041680574E1,8.223404254764E0,4.87E1));
#11657=DIRECTION('',(-4.547775049247E-1,-8.906050870136E-1,0.E0));
#11658=DIRECTION('',(8.906050870136E-1,-4.547775049247E-1,0.E0));
#11659=AXIS2_PLACEMENT_3D('',#11656,#11657,#11658);
#11660=PLANE('',#11659);
#11661=ORIENTED_EDGE('',*,*,#8502,.F.);
#11663=ORIENTED_EDGE('',*,*,#11662,.T.);
#11664=ORIENTED_EDGE('',*,*,#9744,.T.);
#11665=ORIENTED_EDGE('',*,*,#11649,.F.);
#11666=EDGE_LOOP('',(#11661,#11663,#11664,#11665));
#11667=FACE_OUTER_BOUND('',#11666,.F.);
#11668=ADVANCED_FACE('',(#11667),#11660,.T.);
#11669=CARTESIAN_POINT('',(1.571875E1,8.521276585758E0,4.87E1));
#11670=DIRECTION('',(-7.145102486526E-1,-6.996249742329E-1,0.E0));
#11671=DIRECTION('',(6.996249742329E-1,-7.145102486526E-1,0.E0));
#11672=AXIS2_PLACEMENT_3D('',#11669,#11670,#11671);
#11673=PLANE('',#11672);
#11674=ORIENTED_EDGE('',*,*,#8500,.F.);
#11676=ORIENTED_EDGE('',*,*,#11675,.T.);
#11677=ORIENTED_EDGE('',*,*,#9746,.T.);
#11678=ORIENTED_EDGE('',*,*,#11662,.F.);
#11679=EDGE_LOOP('',(#11674,#11676,#11677,#11678));
#11680=FACE_OUTER_BOUND('',#11679,.F.);
#11681=ADVANCED_FACE('',(#11680),#11673,.T.);
#11682=CARTESIAN_POINT('',(1.557291680574E1,8.819148942828E0,4.87E1));
#11683=DIRECTION('',(-8.981382931841E-1,-4.397130954570E-1,0.E0));
#11684=DIRECTION('',(4.397130954570E-1,-8.981382931841E-1,0.E0));
#11685=AXIS2_PLACEMENT_3D('',#11682,#11683,#11684);
#11686=PLANE('',#11685);
#11687=ORIENTED_EDGE('',*,*,#8498,.F.);
#11689=ORIENTED_EDGE('',*,*,#11688,.T.);
#11690=ORIENTED_EDGE('',*,*,#9748,.T.);
#11691=ORIENTED_EDGE('',*,*,#11675,.F.);
#11692=EDGE_LOOP('',(#11687,#11689,#11690,#11691));
#11693=FACE_OUTER_BOUND('',#11692,.F.);
#11694=ADVANCED_FACE('',(#11693),#11686,.T.);
#11695=CARTESIAN_POINT('',(1.55E1,9.191489323974E0,4.87E1));
#11696=DIRECTION('',(-9.813590653599E-1,-1.921832064360E-1,0.E0));
#11697=DIRECTION('',(1.921832064360E-1,-9.813590653599E-1,0.E0));
#11698=AXIS2_PLACEMENT_3D('',#11695,#11696,#11697);
#11699=PLANE('',#11698);
#11700=ORIENTED_EDGE('',*,*,#8496,.F.);
#11702=ORIENTED_EDGE('',*,*,#11701,.T.);
#11703=ORIENTED_EDGE('',*,*,#9750,.T.);
#11704=ORIENTED_EDGE('',*,*,#11688,.F.);
#11705=EDGE_LOOP('',(#11700,#11702,#11703,#11704));
#11706=FACE_OUTER_BOUND('',#11705,.F.);
#11707=ADVANCED_FACE('',(#11706),#11699,.T.);
#11708=CARTESIAN_POINT('',(1.55E1,1.030851057172E1,4.87E1));
#11709=DIRECTION('',(-1.E0,0.E0,0.E0));
#11710=DIRECTION('',(0.E0,-1.E0,0.E0));
#11711=AXIS2_PLACEMENT_3D('',#11708,#11709,#11710);
#11712=PLANE('',#11711);
#11713=ORIENTED_EDGE('',*,*,#8494,.F.);
#11715=ORIENTED_EDGE('',*,*,#11714,.T.);
#11716=ORIENTED_EDGE('',*,*,#9752,.T.);
#11717=ORIENTED_EDGE('',*,*,#11701,.F.);
#11718=EDGE_LOOP('',(#11713,#11715,#11716,#11717));
#11719=FACE_OUTER_BOUND('',#11718,.F.);
#11720=ADVANCED_FACE('',(#11719),#11712,.T.);
#11721=CARTESIAN_POINT('',(1.557291680574E1,1.068085116148E1,4.87E1));
#11722=DIRECTION('',(-9.813590856678E-1,1.921831027359E-1,0.E0));
#11723=DIRECTION('',(-1.921831027359E-1,-9.813590856678E-1,0.E0));
#11724=AXIS2_PLACEMENT_3D('',#11721,#11722,#11723);
#11725=PLANE('',#11724);
#11726=ORIENTED_EDGE('',*,*,#8492,.F.);
#11728=ORIENTED_EDGE('',*,*,#11727,.T.);
#11729=ORIENTED_EDGE('',*,*,#9754,.T.);
#11730=ORIENTED_EDGE('',*,*,#11714,.F.);
#11731=EDGE_LOOP('',(#11726,#11728,#11729,#11730));
#11732=FACE_OUTER_BOUND('',#11731,.F.);
#11733=ADVANCED_FACE('',(#11732),#11725,.T.);
#11734=CARTESIAN_POINT('',(1.571875E1,1.097872346640E1,4.87E1));
#11735=DIRECTION('',(-8.981382627794E-1,4.397131575602E-1,0.E0));
#11736=DIRECTION('',(-4.397131575602E-1,-8.981382627794E-1,0.E0));
#11737=AXIS2_PLACEMENT_3D('',#11734,#11735,#11736);
#11738=PLANE('',#11737);
#11739=ORIENTED_EDGE('',*,*,#8490,.F.);
#11741=ORIENTED_EDGE('',*,*,#11740,.T.);
#11742=ORIENTED_EDGE('',*,*,#9756,.T.);
#11743=ORIENTED_EDGE('',*,*,#11727,.F.);
#11744=EDGE_LOOP('',(#11739,#11741,#11742,#11743));
#11745=FACE_OUTER_BOUND('',#11744,.F.);
#11746=ADVANCED_FACE('',(#11745),#11738,.T.);
#11747=CARTESIAN_POINT('',(1.601041680574E1,1.127659577131E1,4.87E1));
#11748=DIRECTION('',(-7.145102180353E-1,6.996250055017E-1,0.E0));
#11749=DIRECTION('',(-6.996250055017E-1,-7.145102180353E-1,0.E0));
#11750=AXIS2_PLACEMENT_3D('',#11747,#11748,#11749);
#11751=PLANE('',#11750);
#11752=ORIENTED_EDGE('',*,*,#8488,.F.);
#11754=ORIENTED_EDGE('',*,*,#11753,.T.);
#11755=ORIENTED_EDGE('',*,*,#9758,.T.);
#11756=ORIENTED_EDGE('',*,*,#11740,.F.);
#11757=EDGE_LOOP('',(#11752,#11754,#11755,#11756));
#11758=FACE_OUTER_BOUND('',#11757,.F.);
#11759=ADVANCED_FACE('',(#11758),#11751,.T.);
#11760=CARTESIAN_POINT('',(1.630208319426E1,1.142553192377E1,4.87E1));
#11761=DIRECTION('',(-4.547774575564E-1,8.906051112017E-1,0.E0));
#11762=DIRECTION('',(-8.906051112017E-1,-4.547774575564E-1,0.E0));
#11763=AXIS2_PLACEMENT_3D('',#11760,#11761,#11762);
#11764=PLANE('',#11763);
#11765=ORIENTED_EDGE('',*,*,#8486,.F.);
#11767=ORIENTED_EDGE('',*,*,#11766,.T.);
#11768=ORIENTED_EDGE('',*,*,#9760,.T.);
#11769=ORIENTED_EDGE('',*,*,#11753,.F.);
#11770=EDGE_LOOP('',(#11765,#11767,#11768,#11769));
#11771=FACE_OUTER_BOUND('',#11770,.F.);
#11772=ADVANCED_FACE('',(#11771),#11764,.T.);
#11773=CARTESIAN_POINT('',(1.666666680574E1,1.15E1,4.87E1));
#11774=DIRECTION('',(-2.001232084928E-1,9.797707392153E-1,0.E0));
#11775=DIRECTION('',(-9.797707392153E-1,-2.001232084928E-1,0.E0));
#11776=AXIS2_PLACEMENT_3D('',#11773,#11774,#11775);
#11777=PLANE('',#11776);
#11778=ORIENTED_EDGE('',*,*,#8484,.F.);
#11780=ORIENTED_EDGE('',*,*,#11779,.T.);
#11781=ORIENTED_EDGE('',*,*,#9762,.T.);
#11782=ORIENTED_EDGE('',*,*,#11766,.F.);
#11783=EDGE_LOOP('',(#11778,#11780,#11781,#11782));
#11784=FACE_OUTER_BOUND('',#11783,.F.);
#11785=ADVANCED_FACE('',(#11784),#11777,.T.);
#11786=CARTESIAN_POINT('',(1.732291680574E1,1.15E1,4.87E1));
#11787=DIRECTION('',(0.E0,1.E0,0.E0));
#11788=DIRECTION('',(-1.E0,0.E0,0.E0));
#11789=AXIS2_PLACEMENT_3D('',#11786,#11787,#11788);
#11790=PLANE('',#11789);
#11791=ORIENTED_EDGE('',*,*,#8482,.F.);
#11793=ORIENTED_EDGE('',*,*,#11792,.T.);
#11794=ORIENTED_EDGE('',*,*,#9764,.T.);
#11795=ORIENTED_EDGE('',*,*,#11779,.F.);
#11796=EDGE_LOOP('',(#11791,#11793,#11794,#11795));
#11797=FACE_OUTER_BOUND('',#11796,.F.);
#11798=ADVANCED_FACE('',(#11797),#11790,.T.);
#11799=CARTESIAN_POINT('',(1.76875E1,1.142553192377E1,4.87E1));
#11800=DIRECTION('',(2.001234283435E-1,9.797706943097E-1,0.E0));
#11801=DIRECTION('',(-9.797706943097E-1,2.001234283435E-1,0.E0));
#11802=AXIS2_PLACEMENT_3D('',#11799,#11800,#11801);
#11803=PLANE('',#11802);
#11804=ORIENTED_EDGE('',*,*,#8480,.F.);
#11806=ORIENTED_EDGE('',*,*,#11805,.T.);
#11807=ORIENTED_EDGE('',*,*,#9766,.T.);
#11808=ORIENTED_EDGE('',*,*,#11792,.F.);
#11809=EDGE_LOOP('',(#11804,#11806,#11807,#11808));
#11810=FACE_OUTER_BOUND('',#11809,.F.);
#11811=ADVANCED_FACE('',(#11810),#11803,.T.);
#11812=CARTESIAN_POINT('',(1.797916680574E1,1.127659577131E1,4.87E1));
#11813=DIRECTION('',(4.547769415434E-1,8.906053746977E-1,0.E0));
#11814=DIRECTION('',(-8.906053746977E-1,4.547769415434E-1,0.E0));
#11815=AXIS2_PLACEMENT_3D('',#11812,#11813,#11814);
#11816=PLANE('',#11815);
#11817=ORIENTED_EDGE('',*,*,#8478,.F.);
#11819=ORIENTED_EDGE('',*,*,#11818,.T.);
#11820=ORIENTED_EDGE('',*,*,#9768,.T.);
#11821=ORIENTED_EDGE('',*,*,#11805,.F.);
#11822=EDGE_LOOP('',(#11817,#11819,#11820,#11821));
#11823=FACE_OUTER_BOUND('',#11822,.F.);
#11824=ADVANCED_FACE('',(#11823),#11816,.T.);
#11825=CARTESIAN_POINT('',(1.827083319426E1,1.097872346640E1,4.87E1));
#11826=DIRECTION('',(7.145107183351E-1,6.996244945571E-1,0.E0));
#11827=DIRECTION('',(-6.996244945571E-1,7.145107183351E-1,0.E0));
#11828=AXIS2_PLACEMENT_3D('',#11825,#11826,#11827);
#11829=PLANE('',#11828);
#11830=ORIENTED_EDGE('',*,*,#8476,.F.);
#11832=ORIENTED_EDGE('',*,*,#11831,.T.);
#11833=ORIENTED_EDGE('',*,*,#9770,.T.);
#11834=ORIENTED_EDGE('',*,*,#11818,.F.);
#11835=EDGE_LOOP('',(#11830,#11832,#11833,#11834));
#11836=FACE_OUTER_BOUND('',#11835,.F.);
#11837=ADVANCED_FACE('',(#11836),#11829,.T.);
#11838=CARTESIAN_POINT('',(1.834375E1,1.060638287663E1,4.87E1));
#11839=DIRECTION('',(9.813590856678E-1,1.921831027359E-1,0.E0));
#11840=DIRECTION('',(-1.921831027359E-1,9.813590856678E-1,0.E0));
#11841=AXIS2_PLACEMENT_3D('',#11838,#11839,#11840);
#11842=PLANE('',#11841);
#11843=ORIENTED_EDGE('',*,*,#8474,.F.);
#11845=ORIENTED_EDGE('',*,*,#11844,.T.);
#11846=ORIENTED_EDGE('',*,*,#9772,.T.);
#11847=ORIENTED_EDGE('',*,*,#11831,.F.);
#11848=EDGE_LOOP('',(#11843,#11845,#11846,#11847));
#11849=FACE_OUTER_BOUND('',#11848,.F.);
#11850=ADVANCED_FACE('',(#11849),#11842,.T.);
#11851=CARTESIAN_POINT('',(1.790625E1,1.060638287663E1,4.87E1));
#11852=DIRECTION('',(0.E0,-1.E0,0.E0));
#11853=DIRECTION('',(1.E0,0.E0,0.E0));
#11854=AXIS2_PLACEMENT_3D('',#11851,#11852,#11853);
#11855=PLANE('',#11854);
#11856=ORIENTED_EDGE('',*,*,#8472,.F.);
#11858=ORIENTED_EDGE('',*,*,#11857,.T.);
#11859=ORIENTED_EDGE('',*,*,#9774,.T.);
#11860=ORIENTED_EDGE('',*,*,#11844,.F.);
#11861=EDGE_LOOP('',(#11856,#11858,#11859,#11860));
#11862=FACE_OUTER_BOUND('',#11861,.F.);
#11863=ADVANCED_FACE('',(#11862),#11855,.T.);
#11864=CARTESIAN_POINT('',(1.783333319426E1,1.082978731394E1,4.87E1));
#11865=DIRECTION('',(-9.506451030099E-1,-3.102803379578E-1,0.E0));
#11866=DIRECTION('',(3.102803379578E-1,-9.506451030099E-1,0.E0));
#11867=AXIS2_PLACEMENT_3D('',#11864,#11865,#11866);
#11868=PLANE('',#11867);
#11869=ORIENTED_EDGE('',*,*,#8470,.F.);
#11871=ORIENTED_EDGE('',*,*,#11870,.T.);
#11872=ORIENTED_EDGE('',*,*,#9776,.T.);
#11873=ORIENTED_EDGE('',*,*,#11857,.F.);
#11874=EDGE_LOOP('',(#11869,#11871,#11872,#11873));
#11875=FACE_OUTER_BOUND('',#11874,.F.);
#11876=ADVANCED_FACE('',(#11875),#11868,.T.);
#11877=CARTESIAN_POINT('',(1.761458319426E1,1.097872346640E1,4.87E1));
#11878=DIRECTION('',(-5.627909312417E-1,-8.265992787996E-1,0.E0));
#11879=DIRECTION('',(8.265992787996E-1,-5.627909312417E-1,0.E0));
#11880=AXIS2_PLACEMENT_3D('',#11877,#11878,#11879);
#11881=PLANE('',#11880);
#11882=ORIENTED_EDGE('',*,*,#8468,.F.);
#11884=ORIENTED_EDGE('',*,*,#11883,.T.);
#11885=ORIENTED_EDGE('',*,*,#9778,.T.);
#11886=ORIENTED_EDGE('',*,*,#11870,.F.);
#11887=EDGE_LOOP('',(#11882,#11884,#11885,#11886));
#11888=FACE_OUTER_BOUND('',#11887,.F.);
#11889=ADVANCED_FACE('',(#11888),#11881,.T.);
#11890=CARTESIAN_POINT('',(1.732291680574E1,1.105319154263E1,4.87E1));
#11891=DIRECTION('',(-2.473834390653E-1,-9.689176611437E-1,0.E0));
#11892=DIRECTION('',(9.689176611437E-1,-2.473834390653E-1,0.E0));
#11893=AXIS2_PLACEMENT_3D('',#11890,#11891,#11892);
#11894=PLANE('',#11893);
#11895=ORIENTED_EDGE('',*,*,#8466,.F.);
#11897=ORIENTED_EDGE('',*,*,#11896,.T.);
#11898=ORIENTED_EDGE('',*,*,#9780,.T.);
#11899=ORIENTED_EDGE('',*,*,#11883,.F.);
#11900=EDGE_LOOP('',(#11895,#11897,#11898,#11899));
#11901=FACE_OUTER_BOUND('',#11900,.F.);
#11902=ADVANCED_FACE('',(#11901),#11894,.T.);
#11903=CARTESIAN_POINT('',(1.666666680574E1,1.105319154263E1,4.87E1));
#11904=DIRECTION('',(0.E0,-1.E0,0.E0));
#11905=DIRECTION('',(1.E0,0.E0,0.E0));
#11906=AXIS2_PLACEMENT_3D('',#11903,#11904,#11905);
#11907=PLANE('',#11906);
#11908=ORIENTED_EDGE('',*,*,#8464,.F.);
#11910=ORIENTED_EDGE('',*,*,#11909,.T.);
#11911=ORIENTED_EDGE('',*,*,#9782,.T.);
#11912=ORIENTED_EDGE('',*,*,#11896,.F.);
#11913=EDGE_LOOP('',(#11908,#11910,#11911,#11912));
#11914=FACE_OUTER_BOUND('',#11913,.F.);
#11915=ADVANCED_FACE('',(#11914),#11907,.T.);
#11916=CARTESIAN_POINT('',(1.6375E1,1.097872346640E1,4.87E1));
#11917=DIRECTION('',(2.473831068378E-1,-9.689177459678E-1,0.E0));
#11918=DIRECTION('',(9.689177459678E-1,2.473831068378E-1,0.E0));
#11919=AXIS2_PLACEMENT_3D('',#11916,#11917,#11918);
#11920=PLANE('',#11919);
#11921=ORIENTED_EDGE('',*,*,#8462,.F.);
#11923=ORIENTED_EDGE('',*,*,#11922,.T.);
#11924=ORIENTED_EDGE('',*,*,#9784,.T.);
#11925=ORIENTED_EDGE('',*,*,#11909,.F.);
#11926=EDGE_LOOP('',(#11921,#11923,#11924,#11925));
#11927=FACE_OUTER_BOUND('',#11926,.F.);
#11928=ADVANCED_FACE('',(#11927),#11920,.T.);
#11929=CARTESIAN_POINT('',(1.615625E1,1.082978731394E1,4.87E1));
#11930=DIRECTION('',(5.627909312417E-1,-8.265992787996E-1,0.E0));
#11931=DIRECTION('',(8.265992787996E-1,5.627909312417E-1,0.E0));
#11932=AXIS2_PLACEMENT_3D('',#11929,#11930,#11931);
#11933=PLANE('',#11932);
#11934=ORIENTED_EDGE('',*,*,#8460,.F.);
#11936=ORIENTED_EDGE('',*,*,#11935,.T.);
#11937=ORIENTED_EDGE('',*,*,#9786,.T.);
#11938=ORIENTED_EDGE('',*,*,#11922,.F.);
#11939=EDGE_LOOP('',(#11934,#11936,#11937,#11938));
#11940=FACE_OUTER_BOUND('',#11939,.F.);
#11941=ADVANCED_FACE('',(#11940),#11933,.T.);
#11942=CARTESIAN_POINT('',(1.601041680574E1,1.060638287663E1,4.87E1));
#11943=DIRECTION('',(8.373795927994E-1,-5.466218231676E-1,0.E0));
#11944=DIRECTION('',(5.466218231676E-1,8.373795927994E-1,0.E0));
#11945=AXIS2_PLACEMENT_3D('',#11942,#11943,#11944);
#11946=PLANE('',#11945);
#11947=ORIENTED_EDGE('',*,*,#8458,.F.);
#11949=ORIENTED_EDGE('',*,*,#11948,.T.);
#11950=ORIENTED_EDGE('',*,*,#9788,.T.);
#11951=ORIENTED_EDGE('',*,*,#11935,.F.);
#11952=EDGE_LOOP('',(#11947,#11949,#11950,#11951));
#11953=FACE_OUTER_BOUND('',#11952,.F.);
#11954=ADVANCED_FACE('',(#11953),#11946,.T.);
#11955=CARTESIAN_POINT('',(1.59375E1,1.030851057172E1,4.87E1));
#11956=DIRECTION('',(9.713210491251E-1,-2.377717803411E-1,0.E0));
#11957=DIRECTION('',(2.377717803411E-1,9.713210491251E-1,0.E0));
#11958=AXIS2_PLACEMENT_3D('',#11955,#11956,#11957);
#11959=PLANE('',#11958);
#11960=ORIENTED_EDGE('',*,*,#8456,.F.);
#11962=ORIENTED_EDGE('',*,*,#11961,.T.);
#11963=ORIENTED_EDGE('',*,*,#9790,.T.);
#11964=ORIENTED_EDGE('',*,*,#11948,.F.);
#11965=EDGE_LOOP('',(#11960,#11962,#11963,#11964));
#11966=FACE_OUTER_BOUND('',#11965,.F.);
#11967=ADVANCED_FACE('',(#11966),#11959,.T.);
#11968=CARTESIAN_POINT('',(1.59375E1,9.191489323974E0,4.87E1));
#11969=DIRECTION('',(1.E0,0.E0,0.E0));
#11970=DIRECTION('',(0.E0,1.E0,0.E0));
#11971=AXIS2_PLACEMENT_3D('',#11968,#11969,#11970);
#11972=PLANE('',#11971);
#11973=ORIENTED_EDGE('',*,*,#8454,.F.);
#11975=ORIENTED_EDGE('',*,*,#11974,.T.);
#11976=ORIENTED_EDGE('',*,*,#9792,.T.);
#11977=ORIENTED_EDGE('',*,*,#11961,.F.);
#11978=EDGE_LOOP('',(#11973,#11975,#11976,#11977));
#11979=FACE_OUTER_BOUND('',#11978,.F.);
#11980=ADVANCED_FACE('',(#11979),#11972,.T.);
#11981=CARTESIAN_POINT('',(1.601041680574E1,8.893617019057E0,4.87E1));
#11982=DIRECTION('',(9.713210491251E-1,2.377717803411E-1,0.E0));
#11983=DIRECTION('',(-2.377717803411E-1,9.713210491251E-1,0.E0));
#11984=AXIS2_PLACEMENT_3D('',#11981,#11982,#11983);
#11985=PLANE('',#11984);
#11986=ORIENTED_EDGE('',*,*,#8452,.F.);
#11988=ORIENTED_EDGE('',*,*,#11987,.T.);
#11989=ORIENTED_EDGE('',*,*,#9794,.T.);
#11990=ORIENTED_EDGE('',*,*,#11974,.F.);
#11991=EDGE_LOOP('',(#11986,#11988,#11989,#11990));
#11992=FACE_OUTER_BOUND('',#11991,.F.);
#11993=ADVANCED_FACE('',(#11992),#11985,.T.);
#11994=CARTESIAN_POINT('',(1.615625E1,8.670212790370E0,4.87E1));
#11995=DIRECTION('',(8.373793591563E-1,5.466221810895E-1,0.E0));
#11996=DIRECTION('',(-5.466221810895E-1,8.373793591563E-1,0.E0));
#11997=AXIS2_PLACEMENT_3D('',#11994,#11995,#11996);
#11998=PLANE('',#11997);
#11999=ORIENTED_EDGE('',*,*,#8450,.F.);
#12001=ORIENTED_EDGE('',*,*,#12000,.T.);
#12002=ORIENTED_EDGE('',*,*,#9796,.T.);
#12003=ORIENTED_EDGE('',*,*,#11987,.F.);
#12004=EDGE_LOOP('',(#11999,#12001,#12002,#12003));
#12005=FACE_OUTER_BOUND('',#12004,.F.);
#12006=ADVANCED_FACE('',(#12005),#11998,.T.);
#12007=CARTESIAN_POINT('',(1.6375E1,8.521276585758E0,4.87E1));
#12008=DIRECTION('',(5.627910658975E-1,8.265991871191E-1,0.E0));
#12009=DIRECTION('',(-8.265991871191E-1,5.627910658975E-1,0.E0));
#12010=AXIS2_PLACEMENT_3D('',#12007,#12008,#12009);
#12011=PLANE('',#12010);
#12012=ORIENTED_EDGE('',*,*,#8448,.F.);
#12014=ORIENTED_EDGE('',*,*,#12013,.T.);
#12015=ORIENTED_EDGE('',*,*,#9798,.T.);
#12016=ORIENTED_EDGE('',*,*,#12000,.F.);
#12017=EDGE_LOOP('',(#12012,#12014,#12015,#12016));
#12018=FACE_OUTER_BOUND('',#12017,.F.);
#12019=ADVANCED_FACE('',(#12018),#12011,.T.);
#12020=CARTESIAN_POINT('',(1.666666680574E1,8.446808509529E0,4.87E1));
#12021=DIRECTION('',(2.473831068378E-1,9.689177459678E-1,0.E0));
#12022=DIRECTION('',(-9.689177459678E-1,2.473831068378E-1,0.E0));
#12023=AXIS2_PLACEMENT_3D('',#12020,#12021,#12022);
#12024=PLANE('',#12023);
#12025=ORIENTED_EDGE('',*,*,#8446,.F.);
#12027=ORIENTED_EDGE('',*,*,#12026,.T.);
#12028=ORIENTED_EDGE('',*,*,#9800,.T.);
#12029=ORIENTED_EDGE('',*,*,#12013,.F.);
#12030=EDGE_LOOP('',(#12025,#12027,#12028,#12029));
#12031=FACE_OUTER_BOUND('',#12030,.F.);
#12032=ADVANCED_FACE('',(#12031),#12024,.T.);
#12033=CARTESIAN_POINT('',(1.732291680574E1,8.446808509529E0,4.87E1));
#12034=DIRECTION('',(0.E0,1.E0,0.E0));
#12035=DIRECTION('',(-1.E0,0.E0,0.E0));
#12036=AXIS2_PLACEMENT_3D('',#12033,#12034,#12035);
#12037=PLANE('',#12036);
#12038=ORIENTED_EDGE('',*,*,#8444,.F.);
#12040=ORIENTED_EDGE('',*,*,#12039,.T.);
#12041=ORIENTED_EDGE('',*,*,#9802,.T.);
#12042=ORIENTED_EDGE('',*,*,#12026,.F.);
#12043=EDGE_LOOP('',(#12038,#12040,#12041,#12042));
#12044=FACE_OUTER_BOUND('',#12043,.F.);
#12045=ADVANCED_FACE('',(#12044),#12037,.T.);
#12046=CARTESIAN_POINT('',(1.761458319426E1,8.521276585758E0,4.87E1));
#12047=DIRECTION('',(-2.473834390653E-1,9.689176611437E-1,0.E0));
#12048=DIRECTION('',(-9.689176611437E-1,-2.473834390653E-1,0.E0));
#12049=AXIS2_PLACEMENT_3D('',#12046,#12047,#12048);
#12050=PLANE('',#12049);
#12051=ORIENTED_EDGE('',*,*,#8442,.F.);
#12053=ORIENTED_EDGE('',*,*,#12052,.T.);
#12054=ORIENTED_EDGE('',*,*,#9804,.T.);
#12055=ORIENTED_EDGE('',*,*,#12039,.F.);
#12056=EDGE_LOOP('',(#12051,#12053,#12054,#12055));
#12057=FACE_OUTER_BOUND('',#12056,.F.);
#12058=ADVANCED_FACE('',(#12057),#12050,.T.);
#12059=CARTESIAN_POINT('',(1.783333319426E1,8.670212790370E0,4.87E1));
#12060=DIRECTION('',(-5.627910658975E-1,8.265991871191E-1,0.E0));
#12061=DIRECTION('',(-8.265991871191E-1,-5.627910658975E-1,0.E0));
#12062=AXIS2_PLACEMENT_3D('',#12059,#12060,#12061);
#12063=PLANE('',#12062);
#12064=ORIENTED_EDGE('',*,*,#8440,.F.);
#12066=ORIENTED_EDGE('',*,*,#12065,.T.);
#12067=ORIENTED_EDGE('',*,*,#9806,.T.);
#12068=ORIENTED_EDGE('',*,*,#12052,.F.);
#12069=EDGE_LOOP('',(#12064,#12066,#12067,#12068));
#12070=FACE_OUTER_BOUND('',#12069,.F.);
#12071=ADVANCED_FACE('',(#12070),#12063,.T.);
#12072=CARTESIAN_POINT('',(1.790625E1,8.893617019057E0,4.87E1));
#12073=DIRECTION('',(-9.506450175458E-1,3.102805998049E-1,0.E0));
#12074=DIRECTION('',(-3.102805998049E-1,-9.506450175458E-1,0.E0));
#12075=AXIS2_PLACEMENT_3D('',#12072,#12073,#12074);
#12076=PLANE('',#12075);
#12077=ORIENTED_EDGE('',*,*,#8438,.F.);
#12079=ORIENTED_EDGE('',*,*,#12078,.T.);
#12080=ORIENTED_EDGE('',*,*,#9808,.T.);
#12081=ORIENTED_EDGE('',*,*,#12065,.F.);
#12082=EDGE_LOOP('',(#12077,#12079,#12080,#12081));
#12083=FACE_OUTER_BOUND('',#12082,.F.);
#12084=ADVANCED_FACE('',(#12083),#12076,.T.);
#12085=CARTESIAN_POINT('',(1.790625E1,9.489361733198E0,4.87E1));
#12086=DIRECTION('',(-1.E0,0.E0,0.E0));
#12087=DIRECTION('',(0.E0,-1.E0,0.E0));
#12088=AXIS2_PLACEMENT_3D('',#12085,#12086,#12087);
#12089=PLANE('',#12088);
#12090=ORIENTED_EDGE('',*,*,#8436,.F.);
#12092=ORIENTED_EDGE('',*,*,#12091,.T.);
#12093=ORIENTED_EDGE('',*,*,#9810,.T.);
#12094=ORIENTED_EDGE('',*,*,#12078,.F.);
#12095=EDGE_LOOP('',(#12090,#12092,#12093,#12094));
#12096=FACE_OUTER_BOUND('',#12095,.F.);
#12097=ADVANCED_FACE('',(#12096),#12089,.T.);
#12098=CARTESIAN_POINT('',(1.725E1,9.489361733198E0,4.87E1));
#12099=DIRECTION('',(0.E0,-1.E0,0.E0));
#12100=DIRECTION('',(1.E0,0.E0,0.E0));
#12101=AXIS2_PLACEMENT_3D('',#12098,#12099,#12100);
#12102=PLANE('',#12101);
#12103=ORIENTED_EDGE('',*,*,#8434,.F.);
#12105=ORIENTED_EDGE('',*,*,#12104,.T.);
#12106=ORIENTED_EDGE('',*,*,#9812,.T.);
#12107=ORIENTED_EDGE('',*,*,#12091,.F.);
#12108=EDGE_LOOP('',(#12103,#12105,#12106,#12107));
#12109=FACE_OUTER_BOUND('',#12108,.F.);
#12110=ADVANCED_FACE('',(#12109),#12102,.T.);
#12111=CARTESIAN_POINT('',(1.725E1,9.936170190573E0,4.87E1));
#12112=DIRECTION('',(-1.E0,0.E0,0.E0));
#12113=DIRECTION('',(0.E0,-1.E0,0.E0));
#12114=AXIS2_PLACEMENT_3D('',#12111,#12112,#12113);
#12115=PLANE('',#12114);
#12116=ORIENTED_EDGE('',*,*,#8432,.F.);
#12118=ORIENTED_EDGE('',*,*,#12117,.T.);
#12119=ORIENTED_EDGE('',*,*,#9814,.T.);
#12120=ORIENTED_EDGE('',*,*,#12104,.F.);
#12121=EDGE_LOOP('',(#12116,#12118,#12119,#12120));
#12122=FACE_OUTER_BOUND('',#12121,.F.);
#12123=ADVANCED_FACE('',(#12122),#12115,.T.);
#12124=CARTESIAN_POINT('',(1.834375E1,9.936170190573E0,4.87E1));
#12125=DIRECTION('',(0.E0,1.E0,0.E0));
#12126=DIRECTION('',(-1.E0,0.E0,0.E0));
#12127=AXIS2_PLACEMENT_3D('',#12124,#12125,#12126);
#12128=PLANE('',#12127);
#12129=ORIENTED_EDGE('',*,*,#8430,.F.);
#12130=ORIENTED_EDGE('',*,*,#11573,.T.);
#12131=ORIENTED_EDGE('',*,*,#9816,.T.);
#12132=ORIENTED_EDGE('',*,*,#12117,.F.);
#12133=EDGE_LOOP('',(#12129,#12130,#12131,#12132));
#12134=FACE_OUTER_BOUND('',#12133,.F.);
#12135=ADVANCED_FACE('',(#12134),#12128,.T.);
#12136=CARTESIAN_POINT('',(2.133333361149E1,8.372340433300E0,4.87E1));
#12137=DIRECTION('',(8.373800750004E-1,-5.466210844748E-1,0.E0));
#12138=DIRECTION('',(5.466210844748E-1,8.373800750004E-1,0.E0));
#12139=AXIS2_PLACEMENT_3D('',#12136,#12137,#12138);
#12140=PLANE('',#12139);
#12141=ORIENTED_EDGE('',*,*,#8518,.F.);
#12143=ORIENTED_EDGE('',*,*,#12142,.T.);
#12144=ORIENTED_EDGE('',*,*,#9826,.T.);
#12146=ORIENTED_EDGE('',*,*,#12145,.F.);
#12147=EDGE_LOOP('',(#12141,#12143,#12144,#12146));
#12148=FACE_OUTER_BOUND('',#12147,.F.);
#12149=ADVANCED_FACE('',(#12148),#12140,.T.);
#12150=CARTESIAN_POINT('',(2.111458361149E1,8.223404254764E0,4.87E1));
#12151=DIRECTION('',(5.627909985697E-1,-8.265992329593E-1,0.E0));
#12152=DIRECTION('',(8.265992329593E-1,5.627909985697E-1,0.E0));
#12153=AXIS2_PLACEMENT_3D('',#12150,#12151,#12152);
#12154=PLANE('',#12153);
#12155=ORIENTED_EDGE('',*,*,#8630,.F.);
#12157=ORIENTED_EDGE('',*,*,#12156,.T.);
#12158=ORIENTED_EDGE('',*,*,#9828,.T.);
#12159=ORIENTED_EDGE('',*,*,#12142,.F.);
#12160=EDGE_LOOP('',(#12155,#12157,#12158,#12159));
#12161=FACE_OUTER_BOUND('',#12160,.F.);
#12162=ADVANCED_FACE('',(#12161),#12154,.T.);
#12163=CARTESIAN_POINT('',(2.082291638851E1,8.074468082748E0,4.87E1));
#12164=DIRECTION('',(4.547764728998E-1,-8.906056140048E-1,0.E0));
#12165=DIRECTION('',(8.906056140048E-1,4.547764728998E-1,0.E0));
#12166=AXIS2_PLACEMENT_3D('',#12163,#12164,#12165);
#12167=PLANE('',#12166);
#12168=ORIENTED_EDGE('',*,*,#8628,.F.);
#12170=ORIENTED_EDGE('',*,*,#12169,.T.);
#12171=ORIENTED_EDGE('',*,*,#9830,.T.);
#12172=ORIENTED_EDGE('',*,*,#12156,.F.);
#12173=EDGE_LOOP('',(#12168,#12170,#12171,#12172));
#12174=FACE_OUTER_BOUND('',#12173,.F.);
#12175=ADVANCED_FACE('',(#12174),#12167,.T.);
#12176=CARTESIAN_POINT('',(2.053125E1,8.E0,4.87E1));
#12177=DIRECTION('',(2.473834593969E-1,-9.689176559527E-1,0.E0));
#12178=DIRECTION('',(9.689176559527E-1,2.473834593969E-1,0.E0));
#12179=AXIS2_PLACEMENT_3D('',#12176,#12177,#12178);
#12180=PLANE('',#12179);
#12181=ORIENTED_EDGE('',*,*,#8626,.F.);
#12183=ORIENTED_EDGE('',*,*,#12182,.T.);
#12184=ORIENTED_EDGE('',*,*,#9832,.T.);
#12185=ORIENTED_EDGE('',*,*,#12169,.F.);
#12186=EDGE_LOOP('',(#12181,#12183,#12184,#12185));
#12187=FACE_OUTER_BOUND('',#12186,.F.);
#12188=ADVANCED_FACE('',(#12187),#12180,.T.);
#12189=CARTESIAN_POINT('',(1.994791638851E1,8.E0,4.87E1));
#12190=DIRECTION('',(0.E0,-1.E0,0.E0));
#12191=DIRECTION('',(1.E0,0.E0,0.E0));
#12192=AXIS2_PLACEMENT_3D('',#12189,#12190,#12191);
#12193=PLANE('',#12192);
#12194=ORIENTED_EDGE('',*,*,#8624,.F.);
#12196=ORIENTED_EDGE('',*,*,#12195,.T.);
#12197=ORIENTED_EDGE('',*,*,#9834,.T.);
#12198=ORIENTED_EDGE('',*,*,#12182,.F.);
#12199=EDGE_LOOP('',(#12194,#12196,#12197,#12198));
#12200=FACE_OUTER_BOUND('',#12199,.F.);
#12201=ADVANCED_FACE('',(#12200),#12193,.T.);
#12202=CARTESIAN_POINT('',(1.965625E1,8.074468082748E0,4.87E1));
#12203=DIRECTION('',(-2.473834593969E-1,-9.689176559527E-1,0.E0));
#12204=DIRECTION('',(9.689176559527E-1,-2.473834593969E-1,0.E0));
#12205=AXIS2_PLACEMENT_3D('',#12202,#12203,#12204);
#12206=PLANE('',#12205);
#12207=ORIENTED_EDGE('',*,*,#8622,.F.);
#12209=ORIENTED_EDGE('',*,*,#12208,.T.);
#12210=ORIENTED_EDGE('',*,*,#9836,.T.);
#12211=ORIENTED_EDGE('',*,*,#12195,.F.);
#12212=EDGE_LOOP('',(#12207,#12209,#12210,#12211));
#12213=FACE_OUTER_BOUND('',#12212,.F.);
#12214=ADVANCED_FACE('',(#12213),#12206,.T.);
#12215=CARTESIAN_POINT('',(1.936458361149E1,8.223404254764E0,4.87E1));
#12216=DIRECTION('',(-4.547775049247E-1,-8.906050870136E-1,0.E0));
#12217=DIRECTION('',(8.906050870136E-1,-4.547775049247E-1,0.E0));
#12218=AXIS2_PLACEMENT_3D('',#12215,#12216,#12217);
#12219=PLANE('',#12218);
#12220=ORIENTED_EDGE('',*,*,#8620,.F.);
#12222=ORIENTED_EDGE('',*,*,#12221,.T.);
#12223=ORIENTED_EDGE('',*,*,#9838,.T.);
#12224=ORIENTED_EDGE('',*,*,#12208,.F.);
#12225=EDGE_LOOP('',(#12220,#12222,#12223,#12224));
#12226=FACE_OUTER_BOUND('',#12225,.F.);
#12227=ADVANCED_FACE('',(#12226),#12219,.T.);
#12228=CARTESIAN_POINT('',(1.914583361149E1,8.372340433300E0,4.87E1));
#12229=DIRECTION('',(-5.627909985697E-1,-8.265992329593E-1,0.E0));
#12230=DIRECTION('',(8.265992329593E-1,-5.627909985697E-1,0.E0));
#12231=AXIS2_PLACEMENT_3D('',#12228,#12229,#12230);
#12232=PLANE('',#12231);
#12233=ORIENTED_EDGE('',*,*,#8618,.F.);
#12235=ORIENTED_EDGE('',*,*,#12234,.T.);
#12236=ORIENTED_EDGE('',*,*,#9840,.T.);
#12237=ORIENTED_EDGE('',*,*,#12221,.F.);
#12238=EDGE_LOOP('',(#12233,#12235,#12236,#12237));
#12239=FACE_OUTER_BOUND('',#12238,.F.);
#12240=ADVANCED_FACE('',(#12239),#12232,.T.);
#12241=CARTESIAN_POINT('',(1.9E1,8.595744661987E0,4.87E1));
#12242=DIRECTION('',(-8.373786433120E-1,-5.466232777014E-1,0.E0));
#12243=DIRECTION('',(5.466232777014E-1,-8.373786433120E-1,0.E0));
#12244=AXIS2_PLACEMENT_3D('',#12241,#12242,#12243);
#12245=PLANE('',#12244);
#12246=ORIENTED_EDGE('',*,*,#8616,.F.);
#12248=ORIENTED_EDGE('',*,*,#12247,.T.);
#12249=ORIENTED_EDGE('',*,*,#9842,.T.);
#12250=ORIENTED_EDGE('',*,*,#12234,.F.);
#12251=EDGE_LOOP('',(#12246,#12248,#12249,#12250));
#12252=FACE_OUTER_BOUND('',#12251,.F.);
#12253=ADVANCED_FACE('',(#12252),#12245,.T.);
#12254=CARTESIAN_POINT('',(1.892708319426E1,8.819148942828E0,4.87E1));
#12255=DIRECTION('',(-9.506450389119E-1,-3.102805343431E-1,0.E0));
#12256=DIRECTION('',(3.102805343431E-1,-9.506450389119E-1,0.E0));
#12257=AXIS2_PLACEMENT_3D('',#12254,#12255,#12256);
#12258=PLANE('',#12257);
#12259=ORIENTED_EDGE('',*,*,#8614,.F.);
#12261=ORIENTED_EDGE('',*,*,#12260,.T.);
#12262=ORIENTED_EDGE('',*,*,#9844,.T.);
#12263=ORIENTED_EDGE('',*,*,#12247,.F.);
#12264=EDGE_LOOP('',(#12259,#12261,#12262,#12263));
#12265=FACE_OUTER_BOUND('',#12264,.F.);
#12266=ADVANCED_FACE('',(#12265),#12258,.T.);
#12267=CARTESIAN_POINT('',(1.929166638851E1,8.819148942828E0,4.87E1));
#12268=DIRECTION('',(0.E0,1.E0,0.E0));
#12269=DIRECTION('',(-1.E0,0.E0,0.E0));
#12270=AXIS2_PLACEMENT_3D('',#12267,#12268,#12269);
#12271=PLANE('',#12270);
#12272=ORIENTED_EDGE('',*,*,#8612,.F.);
#12274=ORIENTED_EDGE('',*,*,#12273,.T.);
#12275=ORIENTED_EDGE('',*,*,#9846,.T.);
#12276=ORIENTED_EDGE('',*,*,#12260,.F.);
#12277=EDGE_LOOP('',(#12272,#12274,#12275,#12276));
#12278=FACE_OUTER_BOUND('',#12277,.F.);
#12279=ADVANCED_FACE('',(#12278),#12271,.T.);
#12280=CARTESIAN_POINT('',(1.936458361149E1,8.670212790370E0,4.87E1));
#12281=DIRECTION('',(8.981367723003E-1,4.397162019326E-1,0.E0));
#12282=DIRECTION('',(-4.397162019326E-1,8.981367723003E-1,0.E0));
#12283=AXIS2_PLACEMENT_3D('',#12280,#12281,#12282);
#12284=PLANE('',#12283);
#12285=ORIENTED_EDGE('',*,*,#8610,.F.);
#12287=ORIENTED_EDGE('',*,*,#12286,.T.);
#12288=ORIENTED_EDGE('',*,*,#9848,.T.);
#12289=ORIENTED_EDGE('',*,*,#12273,.F.);
#12290=EDGE_LOOP('',(#12285,#12287,#12288,#12289));
#12291=FACE_OUTER_BOUND('',#12290,.F.);
#12292=ADVANCED_FACE('',(#12291),#12284,.T.);
#12293=CARTESIAN_POINT('',(1.951041638851E1,8.521276585758E0,4.87E1));
#12294=DIRECTION('',(7.145118414048E-1,6.996233475895E-1,0.E0));
#12295=DIRECTION('',(-6.996233475895E-1,7.145118414048E-1,0.E0));
#12296=AXIS2_PLACEMENT_3D('',#12293,#12294,#12295);
#12297=PLANE('',#12296);
#12298=ORIENTED_EDGE('',*,*,#8608,.F.);
#12300=ORIENTED_EDGE('',*,*,#12299,.T.);
#12301=ORIENTED_EDGE('',*,*,#9850,.T.);
#12302=ORIENTED_EDGE('',*,*,#12286,.F.);
#12303=EDGE_LOOP('',(#12298,#12300,#12301,#12302));
#12304=FACE_OUTER_BOUND('',#12303,.F.);
#12305=ADVANCED_FACE('',(#12304),#12297,.T.);
#12306=CARTESIAN_POINT('',(1.965625E1,8.446808509529E0,4.87E1));
#12307=DIRECTION('',(4.547764255314E-1,8.906056381928E-1,0.E0));
#12308=DIRECTION('',(-8.906056381928E-1,4.547764255314E-1,0.E0));
#12309=AXIS2_PLACEMENT_3D('',#12306,#12307,#12308);
#12310=PLANE('',#12309);
#12311=ORIENTED_EDGE('',*,*,#8606,.F.);
#12313=ORIENTED_EDGE('',*,*,#12312,.T.);
#12314=ORIENTED_EDGE('',*,*,#9852,.T.);
#12315=ORIENTED_EDGE('',*,*,#12299,.F.);
#12316=EDGE_LOOP('',(#12311,#12313,#12314,#12315));
#12317=FACE_OUTER_BOUND('',#12316,.F.);
#12318=ADVANCED_FACE('',(#12317),#12310,.T.);
#12319=CARTESIAN_POINT('',(2.002083361149E1,8.372340433300E0,4.87E1));
#12320=DIRECTION('',(2.001232084928E-1,9.797707392153E-1,0.E0));
#12321=DIRECTION('',(-9.797707392153E-1,2.001232084928E-1,0.E0));
#12322=AXIS2_PLACEMENT_3D('',#12319,#12320,#12321);
#12323=PLANE('',#12322);
#12324=ORIENTED_EDGE('',*,*,#8604,.F.);
#12326=ORIENTED_EDGE('',*,*,#12325,.T.);
#12327=ORIENTED_EDGE('',*,*,#9854,.T.);
#12328=ORIENTED_EDGE('',*,*,#12312,.F.);
#12329=EDGE_LOOP('',(#12324,#12326,#12327,#12328));
#12330=FACE_OUTER_BOUND('',#12329,.F.);
#12331=ADVANCED_FACE('',(#12330),#12323,.T.);
#12332=CARTESIAN_POINT('',(2.045833361149E1,8.372340433300E0,4.87E1));
#12333=DIRECTION('',(0.E0,1.E0,0.E0));
#12334=DIRECTION('',(-1.E0,0.E0,0.E0));
#12335=AXIS2_PLACEMENT_3D('',#12332,#12333,#12334);
#12336=PLANE('',#12335);
#12337=ORIENTED_EDGE('',*,*,#8602,.F.);
#12339=ORIENTED_EDGE('',*,*,#12338,.T.);
#12340=ORIENTED_EDGE('',*,*,#9856,.T.);
#12341=ORIENTED_EDGE('',*,*,#12325,.F.);
#12342=EDGE_LOOP('',(#12337,#12339,#12340,#12341));
#12343=FACE_OUTER_BOUND('',#12342,.F.);
#12344=ADVANCED_FACE('',(#12343),#12336,.T.);
#12345=CARTESIAN_POINT('',(2.082291638851E1,8.446808509529E0,4.87E1));
#12346=DIRECTION('',(-2.001236481946E-1,9.797706494039E-1,0.E0));
#12347=DIRECTION('',(-9.797706494039E-1,-2.001236481946E-1,0.E0));
#12348=AXIS2_PLACEMENT_3D('',#12345,#12346,#12347);
#12349=PLANE('',#12348);
#12350=ORIENTED_EDGE('',*,*,#8600,.F.);
#12352=ORIENTED_EDGE('',*,*,#12351,.T.);
#12353=ORIENTED_EDGE('',*,*,#9858,.T.);
#12354=ORIENTED_EDGE('',*,*,#12338,.F.);
#12355=EDGE_LOOP('',(#12350,#12352,#12353,#12354));
#12356=FACE_OUTER_BOUND('',#12355,.F.);
#12357=ADVANCED_FACE('',(#12356),#12349,.T.);
#12358=CARTESIAN_POINT('',(2.096875E1,8.521276585758E0,4.87E1));
#12359=DIRECTION('',(-4.547764255314E-1,8.906056381928E-1,0.E0));
#12360=DIRECTION('',(-8.906056381928E-1,-4.547764255314E-1,0.E0));
#12361=AXIS2_PLACEMENT_3D('',#12358,#12359,#12360);
#12362=PLANE('',#12361);
#12363=ORIENTED_EDGE('',*,*,#8598,.F.);
#12365=ORIENTED_EDGE('',*,*,#12364,.T.);
#12366=ORIENTED_EDGE('',*,*,#9860,.T.);
#12367=ORIENTED_EDGE('',*,*,#12351,.F.);
#12368=EDGE_LOOP('',(#12363,#12365,#12366,#12367));
#12369=FACE_OUTER_BOUND('',#12368,.F.);
#12370=ADVANCED_FACE('',(#12369),#12362,.T.);
#12371=CARTESIAN_POINT('',(2.111458361149E1,8.670212790370E0,4.87E1));
#12372=DIRECTION('',(-7.145098402051E-1,6.996253913704E-1,0.E0));
#12373=DIRECTION('',(-6.996253913704E-1,-7.145098402051E-1,0.E0));
#12374=AXIS2_PLACEMENT_3D('',#12371,#12372,#12373);
#12375=PLANE('',#12374);
#12376=ORIENTED_EDGE('',*,*,#8596,.F.);
#12378=ORIENTED_EDGE('',*,*,#12377,.T.);
#12379=ORIENTED_EDGE('',*,*,#9862,.T.);
#12380=ORIENTED_EDGE('',*,*,#12364,.F.);
#12381=EDGE_LOOP('',(#12376,#12378,#12379,#12380));
#12382=FACE_OUTER_BOUND('',#12381,.F.);
#12383=ADVANCED_FACE('',(#12382),#12375,.T.);
#12384=CARTESIAN_POINT('',(2.11875E1,8.819148942828E0,4.87E1));
#12385=DIRECTION('',(-8.981387596046E-1,4.397121427660E-1,0.E0));
#12386=DIRECTION('',(-4.397121427660E-1,-8.981387596046E-1,0.E0));
#12387=AXIS2_PLACEMENT_3D('',#12384,#12385,#12386);
#12388=PLANE('',#12387);
#12389=ORIENTED_EDGE('',*,*,#8594,.F.);
#12391=ORIENTED_EDGE('',*,*,#12390,.T.);
#12392=ORIENTED_EDGE('',*,*,#9864,.T.);
#12393=ORIENTED_EDGE('',*,*,#12377,.F.);
#12394=EDGE_LOOP('',(#12389,#12391,#12392,#12393));
#12395=FACE_OUTER_BOUND('',#12394,.F.);
#12396=ADVANCED_FACE('',(#12395),#12388,.T.);
#12397=CARTESIAN_POINT('',(2.11875E1,9.117021247745E0,4.87E1));
#12398=DIRECTION('',(-1.E0,0.E0,0.E0));
#12399=DIRECTION('',(0.E0,-1.E0,0.E0));
#12400=AXIS2_PLACEMENT_3D('',#12397,#12398,#12399);
#12401=PLANE('',#12400);
#12402=ORIENTED_EDGE('',*,*,#8592,.F.);
#12404=ORIENTED_EDGE('',*,*,#12403,.T.);
#12405=ORIENTED_EDGE('',*,*,#9866,.T.);
#12406=ORIENTED_EDGE('',*,*,#12390,.F.);
#12407=EDGE_LOOP('',(#12402,#12404,#12405,#12406));
#12408=FACE_OUTER_BOUND('',#12407,.F.);
#12409=ADVANCED_FACE('',(#12408),#12401,.T.);
#12410=CARTESIAN_POINT('',(2.104166638851E1,9.414893656969E0,4.87E1));
#12411=DIRECTION('',(-8.981378267632E-1,-4.397140481462E-1,0.E0));
#12412=DIRECTION('',(4.397140481462E-1,-8.981378267632E-1,0.E0));
#12413=AXIS2_PLACEMENT_3D('',#12410,#12411,#12412);
#12414=PLANE('',#12413);
#12415=ORIENTED_EDGE('',*,*,#8590,.F.);
#12417=ORIENTED_EDGE('',*,*,#12416,.T.);
#12418=ORIENTED_EDGE('',*,*,#9868,.T.);
#12419=ORIENTED_EDGE('',*,*,#12403,.F.);
#12420=EDGE_LOOP('',(#12415,#12417,#12418,#12419));
#12421=FACE_OUTER_BOUND('',#12420,.F.);
#12422=ADVANCED_FACE('',(#12421),#12414,.T.);
#12423=CARTESIAN_POINT('',(2.082291638851E1,9.563829809427E0,4.87E1));
#12424=DIRECTION('',(-5.627909312417E-1,-8.265992787996E-1,0.E0));
#12425=DIRECTION('',(8.265992787996E-1,-5.627909312417E-1,0.E0));
#12426=AXIS2_PLACEMENT_3D('',#12423,#12424,#12425);
#12427=PLANE('',#12426);
#12428=ORIENTED_EDGE('',*,*,#8588,.F.);
#12430=ORIENTED_EDGE('',*,*,#12429,.T.);
#12431=ORIENTED_EDGE('',*,*,#9870,.T.);
#12432=ORIENTED_EDGE('',*,*,#12416,.F.);
#12433=EDGE_LOOP('',(#12428,#12430,#12431,#12432));
#12434=FACE_OUTER_BOUND('',#12433,.F.);
#12435=ADVANCED_FACE('',(#12434),#12427,.T.);
#12436=CARTESIAN_POINT('',(2.038541638851E1,9.638297885656E0,4.87E1));
#12437=DIRECTION('',(-1.677993286083E-1,-9.858211730931E-1,0.E0));
#12438=DIRECTION('',(9.858211730931E-1,-1.677993286083E-1,0.E0));
#12439=AXIS2_PLACEMENT_3D('',#12436,#12437,#12438);
#12440=PLANE('',#12439);
#12441=ORIENTED_EDGE('',*,*,#8586,.F.);
#12443=ORIENTED_EDGE('',*,*,#12442,.T.);
#12444=ORIENTED_EDGE('',*,*,#9872,.T.);
#12445=ORIENTED_EDGE('',*,*,#12429,.F.);
#12446=EDGE_LOOP('',(#12441,#12443,#12444,#12445));
#12447=FACE_OUTER_BOUND('',#12446,.F.);
#12448=ADVANCED_FACE('',(#12447),#12440,.T.);
#12449=CARTESIAN_POINT('',(2.009375E1,9.638297885656E0,4.87E1));
#12450=DIRECTION('',(0.E0,-1.E0,0.E0));
#12451=DIRECTION('',(1.E0,0.E0,0.E0));
#12452=AXIS2_PLACEMENT_3D('',#12449,#12450,#12451);
#12453=PLANE('',#12452);
#12454=ORIENTED_EDGE('',*,*,#8584,.F.);
#12456=ORIENTED_EDGE('',*,*,#12455,.T.);
#12457=ORIENTED_EDGE('',*,*,#9874,.T.);
#12458=ORIENTED_EDGE('',*,*,#12442,.F.);
#12459=EDGE_LOOP('',(#12454,#12456,#12457,#12458));
#12460=FACE_OUTER_BOUND('',#12459,.F.);
#12461=ADVANCED_FACE('',(#12460),#12453,.T.);
#12462=CARTESIAN_POINT('',(2.009375E1,9.936170190573E0,4.87E1));
#12463=DIRECTION('',(-1.E0,0.E0,0.E0));
#12464=DIRECTION('',(0.E0,-1.E0,0.E0));
#12465=AXIS2_PLACEMENT_3D('',#12462,#12463,#12464);
#12466=PLANE('',#12465);
#12467=ORIENTED_EDGE('',*,*,#8582,.F.);
#12469=ORIENTED_EDGE('',*,*,#12468,.T.);
#12470=ORIENTED_EDGE('',*,*,#9876,.T.);
#12471=ORIENTED_EDGE('',*,*,#12455,.F.);
#12472=EDGE_LOOP('',(#12467,#12469,#12470,#12471));
#12473=FACE_OUTER_BOUND('',#12472,.F.);
#12474=ADVANCED_FACE('',(#12473),#12466,.T.);
#12475=CARTESIAN_POINT('',(2.038541638851E1,9.936170190573E0,4.87E1));
#12476=DIRECTION('',(0.E0,1.E0,0.E0));
#12477=DIRECTION('',(-1.E0,0.E0,0.E0));
#12478=AXIS2_PLACEMENT_3D('',#12475,#12476,#12477);
#12479=PLANE('',#12478);
#12480=ORIENTED_EDGE('',*,*,#8580,.F.);
#12482=ORIENTED_EDGE('',*,*,#12481,.T.);
#12483=ORIENTED_EDGE('',*,*,#9878,.T.);
#12484=ORIENTED_EDGE('',*,*,#12468,.F.);
#12485=EDGE_LOOP('',(#12480,#12482,#12483,#12484));
#12486=FACE_OUTER_BOUND('',#12485,.F.);
#12487=ADVANCED_FACE('',(#12486),#12479,.T.);
#12488=CARTESIAN_POINT('',(2.082291638851E1,1.008510634303E1,4.87E1));
#12489=DIRECTION('',(-3.222637633772E-1,9.466499177700E-1,0.E0));
#12490=DIRECTION('',(-9.466499177700E-1,-3.222637633772E-1,0.E0));
#12491=AXIS2_PLACEMENT_3D('',#12488,#12489,#12490);
#12492=PLANE('',#12491);
#12493=ORIENTED_EDGE('',*,*,#8578,.F.);
#12495=ORIENTED_EDGE('',*,*,#12494,.T.);
#12496=ORIENTED_EDGE('',*,*,#9880,.T.);
#12497=ORIENTED_EDGE('',*,*,#12481,.F.);
#12498=EDGE_LOOP('',(#12493,#12495,#12496,#12497));
#12499=FACE_OUTER_BOUND('',#12498,.F.);
#12500=ADVANCED_FACE('',(#12499),#12492,.T.);
#12501=CARTESIAN_POINT('',(2.096875E1,1.023404249549E1,4.87E1));
#12502=DIRECTION('',(-7.145097177357E-1,6.996255164452E-1,0.E0));
#12503=DIRECTION('',(-6.996255164452E-1,-7.145097177357E-1,0.E0));
#12504=AXIS2_PLACEMENT_3D('',#12501,#12502,#12503);
#12505=PLANE('',#12504);
#12506=ORIENTED_EDGE('',*,*,#8576,.F.);
#12508=ORIENTED_EDGE('',*,*,#12507,.T.);
#12509=ORIENTED_EDGE('',*,*,#9882,.T.);
#12510=ORIENTED_EDGE('',*,*,#12494,.F.);
#12511=EDGE_LOOP('',(#12506,#12508,#12509,#12510));
#12512=FACE_OUTER_BOUND('',#12511,.F.);
#12513=ADVANCED_FACE('',(#12512),#12505,.T.);
#12514=CARTESIAN_POINT('',(2.111458361149E1,1.053191480041E1,4.87E1));
#12515=DIRECTION('',(-8.981377659536E-1,4.397141723527E-1,0.E0));
#12516=DIRECTION('',(-4.397141723527E-1,-8.981377659536E-1,0.E0));
#12517=AXIS2_PLACEMENT_3D('',#12514,#12515,#12516);
#12518=PLANE('',#12517);
#12519=ORIENTED_EDGE('',*,*,#8574,.F.);
#12521=ORIENTED_EDGE('',*,*,#12520,.T.);
#12522=ORIENTED_EDGE('',*,*,#9884,.T.);
#12523=ORIENTED_EDGE('',*,*,#12507,.F.);
#12524=EDGE_LOOP('',(#12519,#12521,#12522,#12523));
#12525=FACE_OUTER_BOUND('',#12524,.F.);
#12526=ADVANCED_FACE('',(#12525),#12518,.T.);
#12527=CARTESIAN_POINT('',(2.111458361149E1,1.068085116148E1,4.87E1));
#12528=DIRECTION('',(-1.E0,0.E0,0.E0));
#12529=DIRECTION('',(0.E0,-1.E0,0.E0));
#12530=AXIS2_PLACEMENT_3D('',#12527,#12528,#12529);
#12531=PLANE('',#12530);
#12532=ORIENTED_EDGE('',*,*,#8572,.F.);
#12534=ORIENTED_EDGE('',*,*,#12533,.T.);
#12535=ORIENTED_EDGE('',*,*,#9886,.T.);
#12536=ORIENTED_EDGE('',*,*,#12520,.F.);
#12537=EDGE_LOOP('',(#12532,#12534,#12535,#12536));
#12538=FACE_OUTER_BOUND('',#12537,.F.);
#12539=ADVANCED_FACE('',(#12538),#12531,.T.);
#12540=CARTESIAN_POINT('',(2.096875E1,1.090425539017E1,4.87E1));
#12541=DIRECTION('',(-8.373786433120E-1,-5.466232777014E-1,0.E0));
#12542=DIRECTION('',(5.466232777014E-1,-8.373786433120E-1,0.E0));
#12543=AXIS2_PLACEMENT_3D('',#12540,#12541,#12542);
#12544=PLANE('',#12543);
#12545=ORIENTED_EDGE('',*,*,#8570,.F.);
#12547=ORIENTED_EDGE('',*,*,#12546,.T.);
#12548=ORIENTED_EDGE('',*,*,#9888,.T.);
#12549=ORIENTED_EDGE('',*,*,#12533,.F.);
#12550=EDGE_LOOP('',(#12545,#12547,#12548,#12549));
#12551=FACE_OUTER_BOUND('',#12550,.F.);
#12552=ADVANCED_FACE('',(#12551),#12544,.T.);
#12553=CARTESIAN_POINT('',(2.075E1,1.105319154263E1,4.87E1));
#12554=DIRECTION('',(-5.627909312417E-1,-8.265992787996E-1,0.E0));
#12555=DIRECTION('',(8.265992787996E-1,-5.627909312417E-1,0.E0));
#12556=AXIS2_PLACEMENT_3D('',#12553,#12554,#12555);
#12557=PLANE('',#12556);
#12558=ORIENTED_EDGE('',*,*,#8568,.F.);
#12560=ORIENTED_EDGE('',*,*,#12559,.T.);
#12561=ORIENTED_EDGE('',*,*,#9890,.T.);
#12562=ORIENTED_EDGE('',*,*,#12546,.F.);
#12563=EDGE_LOOP('',(#12558,#12560,#12561,#12562));
#12564=FACE_OUTER_BOUND('',#12563,.F.);
#12565=ADVANCED_FACE('',(#12564),#12557,.T.);
#12566=CARTESIAN_POINT('',(2.038541638851E1,1.112765961885E1,4.87E1));
#12567=DIRECTION('',(-2.001232084928E-1,-9.797707392153E-1,0.E0));
#12568=DIRECTION('',(9.797707392153E-1,-2.001232084928E-1,0.E0));
#12569=AXIS2_PLACEMENT_3D('',#12566,#12567,#12568);
#12570=PLANE('',#12569);
#12571=ORIENTED_EDGE('',*,*,#8566,.F.);
#12573=ORIENTED_EDGE('',*,*,#12572,.T.);
#12574=ORIENTED_EDGE('',*,*,#9892,.T.);
#12575=ORIENTED_EDGE('',*,*,#12559,.F.);
#12576=EDGE_LOOP('',(#12571,#12573,#12574,#12575));
#12577=FACE_OUTER_BOUND('',#12576,.F.);
#12578=ADVANCED_FACE('',(#12577),#12570,.T.);
#12579=CARTESIAN_POINT('',(2.009375E1,1.112765961885E1,4.87E1));
#12580=DIRECTION('',(0.E0,-1.E0,0.E0));
#12581=DIRECTION('',(1.E0,0.E0,0.E0));
#12582=AXIS2_PLACEMENT_3D('',#12579,#12580,#12581);
#12583=PLANE('',#12582);
#12584=ORIENTED_EDGE('',*,*,#8564,.F.);
#12586=ORIENTED_EDGE('',*,*,#12585,.T.);
#12587=ORIENTED_EDGE('',*,*,#9894,.T.);
#12588=ORIENTED_EDGE('',*,*,#12572,.F.);
#12589=EDGE_LOOP('',(#12584,#12586,#12587,#12588));
#12590=FACE_OUTER_BOUND('',#12589,.F.);
#12591=ADVANCED_FACE('',(#12590),#12583,.T.);
#12592=CARTESIAN_POINT('',(1.972916638851E1,1.105319154263E1,4.87E1));
#12593=DIRECTION('',(2.001232084928E-1,-9.797707392153E-1,0.E0));
#12594=DIRECTION('',(9.797707392153E-1,2.001232084928E-1,0.E0));
#12595=AXIS2_PLACEMENT_3D('',#12592,#12593,#12594);
#12596=PLANE('',#12595);
#12597=ORIENTED_EDGE('',*,*,#8562,.F.);
#12599=ORIENTED_EDGE('',*,*,#12598,.T.);
#12600=ORIENTED_EDGE('',*,*,#9896,.T.);
#12601=ORIENTED_EDGE('',*,*,#12585,.F.);
#12602=EDGE_LOOP('',(#12597,#12599,#12600,#12601));
#12603=FACE_OUTER_BOUND('',#12602,.F.);
#12604=ADVANCED_FACE('',(#12603),#12596,.T.);
#12605=CARTESIAN_POINT('',(1.951041638851E1,1.090425539017E1,4.87E1));
#12606=DIRECTION('',(5.627909312417E-1,-8.265992787996E-1,0.E0));
#12607=DIRECTION('',(8.265992787996E-1,5.627909312417E-1,0.E0));
#12608=AXIS2_PLACEMENT_3D('',#12605,#12606,#12607);
#12609=PLANE('',#12608);
#12610=ORIENTED_EDGE('',*,*,#8560,.F.);
#12612=ORIENTED_EDGE('',*,*,#12611,.T.);
#12613=ORIENTED_EDGE('',*,*,#9898,.T.);
#12614=ORIENTED_EDGE('',*,*,#12598,.F.);
#12615=EDGE_LOOP('',(#12610,#12612,#12613,#12614));
#12616=FACE_OUTER_BOUND('',#12615,.F.);
#12617=ADVANCED_FACE('',(#12616),#12609,.T.);
#12618=CARTESIAN_POINT('',(1.936458361149E1,1.068085116148E1,4.87E1));
#12619=DIRECTION('',(8.373800750004E-1,-5.466210844748E-1,0.E0));
#12620=DIRECTION('',(5.466210844748E-1,8.373800750004E-1,0.E0));
#12621=AXIS2_PLACEMENT_3D('',#12618,#12619,#12620);
#12622=PLANE('',#12621);
#12623=ORIENTED_EDGE('',*,*,#8558,.F.);
#12625=ORIENTED_EDGE('',*,*,#12624,.T.);
#12626=ORIENTED_EDGE('',*,*,#9900,.T.);
#12627=ORIENTED_EDGE('',*,*,#12611,.F.);
#12628=EDGE_LOOP('',(#12623,#12625,#12626,#12627));
#12629=FACE_OUTER_BOUND('',#12628,.F.);
#12630=ADVANCED_FACE('',(#12629),#12622,.T.);
#12631=CARTESIAN_POINT('',(1.9E1,1.068085116148E1,4.87E1));
#12632=DIRECTION('',(0.E0,-1.E0,0.E0));
#12633=DIRECTION('',(1.E0,0.E0,0.E0));
#12634=AXIS2_PLACEMENT_3D('',#12631,#12632,#12633);
#12635=PLANE('',#12634);
#12636=ORIENTED_EDGE('',*,*,#8556,.F.);
#12638=ORIENTED_EDGE('',*,*,#12637,.T.);
#12639=ORIENTED_EDGE('',*,*,#9902,.T.);
#12640=ORIENTED_EDGE('',*,*,#12624,.F.);
#12641=EDGE_LOOP('',(#12636,#12638,#12639,#12640));
#12642=FACE_OUTER_BOUND('',#12641,.F.);
#12643=ADVANCED_FACE('',(#12642),#12635,.T.);
#12644=CARTESIAN_POINT('',(1.907291638851E1,1.097872346640E1,4.87E1));
#12645=DIRECTION('',(-9.713213633444E-1,2.377704967206E-1,0.E0));
#12646=DIRECTION('',(-2.377704967206E-1,-9.713213633444E-1,0.E0));
#12647=AXIS2_PLACEMENT_3D('',#12644,#12645,#12646);
#12648=PLANE('',#12647);
#12649=ORIENTED_EDGE('',*,*,#8554,.F.);
#12651=ORIENTED_EDGE('',*,*,#12650,.T.);
#12652=ORIENTED_EDGE('',*,*,#9904,.T.);
#12653=ORIENTED_EDGE('',*,*,#12637,.F.);
#12654=EDGE_LOOP('',(#12649,#12651,#12652,#12653));
#12655=FACE_OUTER_BOUND('',#12654,.F.);
#12656=ADVANCED_FACE('',(#12655),#12648,.T.);
#12657=CARTESIAN_POINT('',(1.936458361149E1,1.127659577131E1,4.87E1));
#12658=DIRECTION('',(-7.145097177357E-1,6.996255164452E-1,0.E0));
#12659=DIRECTION('',(-6.996255164452E-1,-7.145097177357E-1,0.E0));
#12660=AXIS2_PLACEMENT_3D('',#12657,#12658,#12659);
#12661=PLANE('',#12660);
#12662=ORIENTED_EDGE('',*,*,#8552,.F.);
#12664=ORIENTED_EDGE('',*,*,#12663,.T.);
#12665=ORIENTED_EDGE('',*,*,#9906,.T.);
#12666=ORIENTED_EDGE('',*,*,#12650,.F.);
#12667=EDGE_LOOP('',(#12662,#12664,#12665,#12666));
#12668=FACE_OUTER_BOUND('',#12667,.F.);
#12669=ADVANCED_FACE('',(#12668),#12661,.T.);
#12670=CARTESIAN_POINT('',(1.965625E1,1.142553192377E1,4.87E1));
#12671=DIRECTION('',(-4.547774575564E-1,8.906051112017E-1,0.E0));
#12672=DIRECTION('',(-8.906051112017E-1,-4.547774575564E-1,0.E0));
#12673=AXIS2_PLACEMENT_3D('',#12670,#12671,#12672);
#12674=PLANE('',#12673);
#12675=ORIENTED_EDGE('',*,*,#8550,.F.);
#12677=ORIENTED_EDGE('',*,*,#12676,.T.);
#12678=ORIENTED_EDGE('',*,*,#9908,.T.);
#12679=ORIENTED_EDGE('',*,*,#12663,.F.);
#12680=EDGE_LOOP('',(#12675,#12677,#12678,#12679));
#12681=FACE_OUTER_BOUND('',#12680,.F.);
#12682=ADVANCED_FACE('',(#12681),#12674,.T.);
#12683=CARTESIAN_POINT('',(2.016666638851E1,1.15E1,4.87E1));
#12684=DIRECTION('',(-1.443683079492E-1,9.895240227806E-1,0.E0));
#12685=DIRECTION('',(-9.895240227806E-1,-1.443683079492E-1,0.E0));
#12686=AXIS2_PLACEMENT_3D('',#12683,#12684,#12685);
#12687=PLANE('',#12686);
#12688=ORIENTED_EDGE('',*,*,#8548,.F.);
#12690=ORIENTED_EDGE('',*,*,#12689,.T.);
#12691=ORIENTED_EDGE('',*,*,#9910,.T.);
#12692=ORIENTED_EDGE('',*,*,#12676,.F.);
#12693=EDGE_LOOP('',(#12688,#12690,#12691,#12692));
#12694=FACE_OUTER_BOUND('',#12693,.F.);
#12695=ADVANCED_FACE('',(#12694),#12687,.T.);
#12696=CARTESIAN_POINT('',(2.03125E1,1.15E1,4.87E1));
#12697=DIRECTION('',(0.E0,1.E0,0.E0));
#12698=DIRECTION('',(-1.E0,0.E0,0.E0));
#12699=AXIS2_PLACEMENT_3D('',#12696,#12697,#12698);
#12700=PLANE('',#12699);
#12701=ORIENTED_EDGE('',*,*,#8546,.F.);
#12703=ORIENTED_EDGE('',*,*,#12702,.T.);
#12704=ORIENTED_EDGE('',*,*,#9912,.T.);
#12705=ORIENTED_EDGE('',*,*,#12689,.F.);
#12706=EDGE_LOOP('',(#12701,#12703,#12704,#12705));
#12707=FACE_OUTER_BOUND('',#12706,.F.);
#12708=ADVANCED_FACE('',(#12707),#12700,.T.);
#12709=CARTESIAN_POINT('',(2.082291638851E1,1.142553192377E1,4.87E1));
#12710=DIRECTION('',(1.443683079492E-1,9.895240227806E-1,0.E0));
#12711=DIRECTION('',(-9.895240227806E-1,1.443683079492E-1,0.E0));
#12712=AXIS2_PLACEMENT_3D('',#12709,#12710,#12711);
#12713=PLANE('',#12712);
#12714=ORIENTED_EDGE('',*,*,#8544,.F.);
#12716=ORIENTED_EDGE('',*,*,#12715,.T.);
#12717=ORIENTED_EDGE('',*,*,#9914,.T.);
#12718=ORIENTED_EDGE('',*,*,#12702,.F.);
#12719=EDGE_LOOP('',(#12714,#12716,#12717,#12718));
#12720=FACE_OUTER_BOUND('',#12719,.F.);
#12721=ADVANCED_FACE('',(#12720),#12713,.T.);
#12722=CARTESIAN_POINT('',(2.111458361149E1,1.127659577131E1,4.87E1));
#12723=DIRECTION('',(4.547764255314E-1,8.906056381928E-1,0.E0));
#12724=DIRECTION('',(-8.906056381928E-1,4.547764255314E-1,0.E0));
#12725=AXIS2_PLACEMENT_3D('',#12722,#12723,#12724);
#12726=PLANE('',#12725);
#12727=ORIENTED_EDGE('',*,*,#8542,.F.);
#12729=ORIENTED_EDGE('',*,*,#12728,.T.);
#12730=ORIENTED_EDGE('',*,*,#9916,.T.);
#12731=ORIENTED_EDGE('',*,*,#12715,.F.);
#12732=EDGE_LOOP('',(#12727,#12729,#12730,#12731));
#12733=FACE_OUTER_BOUND('',#12732,.F.);
#12734=ADVANCED_FACE('',(#12733),#12726,.T.);
#12735=CARTESIAN_POINT('',(2.140625E1,1.097872346640E1,4.87E1));
#12736=DIRECTION('',(7.145107183351E-1,6.996244945571E-1,0.E0));
#12737=DIRECTION('',(-6.996244945571E-1,7.145107183351E-1,0.E0));
#12738=AXIS2_PLACEMENT_3D('',#12735,#12736,#12737);
#12739=PLANE('',#12738);
#12740=ORIENTED_EDGE('',*,*,#8540,.F.);
#12742=ORIENTED_EDGE('',*,*,#12741,.T.);
#12743=ORIENTED_EDGE('',*,*,#9918,.T.);
#12744=ORIENTED_EDGE('',*,*,#12728,.F.);
#12745=EDGE_LOOP('',(#12740,#12742,#12743,#12744));
#12746=FACE_OUTER_BOUND('',#12745,.F.);
#12747=ADVANCED_FACE('',(#12746),#12739,.T.);
#12748=CARTESIAN_POINT('',(2.147916638851E1,1.068085116148E1,4.87E1));
#12749=DIRECTION('',(9.713213633444E-1,2.377704967206E-1,0.E0));
#12750=DIRECTION('',(-2.377704967206E-1,9.713213633444E-1,0.E0));
#12751=AXIS2_PLACEMENT_3D('',#12748,#12749,#12750);
#12752=PLANE('',#12751);
#12753=ORIENTED_EDGE('',*,*,#8538,.F.);
#12755=ORIENTED_EDGE('',*,*,#12754,.T.);
#12756=ORIENTED_EDGE('',*,*,#9920,.T.);
#12757=ORIENTED_EDGE('',*,*,#12741,.F.);
#12758=EDGE_LOOP('',(#12753,#12755,#12756,#12757));
#12759=FACE_OUTER_BOUND('',#12758,.F.);
#12760=ADVANCED_FACE('',(#12759),#12752,.T.);
#12761=CARTESIAN_POINT('',(2.147916638851E1,1.053191480041E1,4.87E1));
#12762=DIRECTION('',(1.E0,0.E0,0.E0));
#12763=DIRECTION('',(0.E0,1.E0,0.E0));
#12764=AXIS2_PLACEMENT_3D('',#12761,#12762,#12763);
#12765=PLANE('',#12764);
#12766=ORIENTED_EDGE('',*,*,#8536,.F.);
#12768=ORIENTED_EDGE('',*,*,#12767,.T.);
#12769=ORIENTED_EDGE('',*,*,#9922,.T.);
#12770=ORIENTED_EDGE('',*,*,#12754,.F.);
#12771=EDGE_LOOP('',(#12766,#12768,#12769,#12770));
#12772=FACE_OUTER_BOUND('',#12771,.F.);
#12773=ADVANCED_FACE('',(#12772),#12765,.T.);
#12774=CARTESIAN_POINT('',(2.140625E1,1.023404249549E1,4.87E1));
#12775=DIRECTION('',(9.713213633444E-1,-2.377704967206E-1,0.E0));
#12776=DIRECTION('',(2.377704967206E-1,9.713213633444E-1,0.E0));
#12777=AXIS2_PLACEMENT_3D('',#12774,#12775,#12776);
#12778=PLANE('',#12777);
#12779=ORIENTED_EDGE('',*,*,#8534,.F.);
#12781=ORIENTED_EDGE('',*,*,#12780,.T.);
#12782=ORIENTED_EDGE('',*,*,#9924,.T.);
#12783=ORIENTED_EDGE('',*,*,#12767,.F.);
#12784=EDGE_LOOP('',(#12779,#12781,#12782,#12783));
#12785=FACE_OUTER_BOUND('',#12784,.F.);
#12786=ADVANCED_FACE('',(#12785),#12778,.T.);
#12787=CARTESIAN_POINT('',(2.126041638851E1,1.001063826680E1,4.87E1));
#12788=DIRECTION('',(8.373786433120E-1,-5.466232777014E-1,0.E0));
#12789=DIRECTION('',(5.466232777014E-1,8.373786433120E-1,0.E0));
#12790=AXIS2_PLACEMENT_3D('',#12787,#12788,#12789);
#12791=PLANE('',#12790);
#12792=ORIENTED_EDGE('',*,*,#8532,.F.);
#12794=ORIENTED_EDGE('',*,*,#12793,.T.);
#12795=ORIENTED_EDGE('',*,*,#9926,.T.);
#12796=ORIENTED_EDGE('',*,*,#12780,.F.);
#12797=EDGE_LOOP('',(#12792,#12794,#12795,#12796));
#12798=FACE_OUTER_BOUND('',#12797,.F.);
#12799=ADVANCED_FACE('',(#12798),#12791,.T.);
#12800=CARTESIAN_POINT('',(2.096875E1,9.787234038115E0,4.87E1));
#12801=DIRECTION('',(6.080771975856E-1,-7.938779010506E-1,0.E0));
#12802=DIRECTION('',(7.938779010506E-1,6.080771975856E-1,0.E0));
#12803=AXIS2_PLACEMENT_3D('',#12800,#12801,#12802);
#12804=PLANE('',#12803);
#12805=ORIENTED_EDGE('',*,*,#8530,.F.);
#12807=ORIENTED_EDGE('',*,*,#12806,.T.);
#12808=ORIENTED_EDGE('',*,*,#9928,.T.);
#12809=ORIENTED_EDGE('',*,*,#12793,.F.);
#12810=EDGE_LOOP('',(#12805,#12807,#12808,#12809));
#12811=FACE_OUTER_BOUND('',#12810,.F.);
#12812=ADVANCED_FACE('',(#12811),#12804,.T.);
#12813=CARTESIAN_POINT('',(2.133333361149E1,9.638297885656E0,4.87E1));
#12814=DIRECTION('',(3.781723472146E-1,9.257352082546E-1,0.E0));
#12815=DIRECTION('',(-9.257352082546E-1,3.781723472146E-1,0.E0));
#12816=AXIS2_PLACEMENT_3D('',#12813,#12814,#12815);
#12817=PLANE('',#12816);
#12818=ORIENTED_EDGE('',*,*,#8528,.F.);
#12820=ORIENTED_EDGE('',*,*,#12819,.T.);
#12821=ORIENTED_EDGE('',*,*,#9930,.T.);
#12822=ORIENTED_EDGE('',*,*,#12806,.F.);
#12823=EDGE_LOOP('',(#12818,#12820,#12821,#12822));
#12824=FACE_OUTER_BOUND('',#12823,.F.);
#12825=ADVANCED_FACE('',(#12824),#12817,.T.);
#12826=CARTESIAN_POINT('',(2.147916638851E1,9.414893656969E0,4.87E1));
#12827=DIRECTION('',(8.373800750004E-1,5.466210844748E-1,0.E0));
#12828=DIRECTION('',(-5.466210844748E-1,8.373800750004E-1,0.E0));
#12829=AXIS2_PLACEMENT_3D('',#12826,#12827,#12828);
#12830=PLANE('',#12829);
#12831=ORIENTED_EDGE('',*,*,#8526,.F.);
#12833=ORIENTED_EDGE('',*,*,#12832,.T.);
#12834=ORIENTED_EDGE('',*,*,#9932,.T.);
#12835=ORIENTED_EDGE('',*,*,#12819,.F.);
#12836=EDGE_LOOP('',(#12831,#12833,#12834,#12835));
#12837=FACE_OUTER_BOUND('',#12836,.F.);
#12838=ADVANCED_FACE('',(#12837),#12830,.T.);
#12839=CARTESIAN_POINT('',(2.155208361149E1,9.117021247745E0,4.87E1));
#12840=DIRECTION('',(9.713207541341E-1,2.377729854050E-1,0.E0));
#12841=DIRECTION('',(-2.377729854050E-1,9.713207541341E-1,0.E0));
#12842=AXIS2_PLACEMENT_3D('',#12839,#12840,#12841);
#12843=PLANE('',#12842);
#12844=ORIENTED_EDGE('',*,*,#8524,.F.);
#12846=ORIENTED_EDGE('',*,*,#12845,.T.);
#12847=ORIENTED_EDGE('',*,*,#9934,.T.);
#12848=ORIENTED_EDGE('',*,*,#12832,.F.);
#12849=EDGE_LOOP('',(#12844,#12846,#12847,#12848));
#12850=FACE_OUTER_BOUND('',#12849,.F.);
#12851=ADVANCED_FACE('',(#12850),#12843,.T.);
#12852=CARTESIAN_POINT('',(2.155208361149E1,8.819148942828E0,4.87E1));
#12853=DIRECTION('',(1.E0,0.E0,0.E0));
#12854=DIRECTION('',(0.E0,1.E0,0.E0));
#12855=AXIS2_PLACEMENT_3D('',#12852,#12853,#12854);
#12856=PLANE('',#12855);
#12857=ORIENTED_EDGE('',*,*,#8522,.F.);
#12859=ORIENTED_EDGE('',*,*,#12858,.T.);
#12860=ORIENTED_EDGE('',*,*,#9936,.T.);
#12861=ORIENTED_EDGE('',*,*,#12845,.F.);
#12862=EDGE_LOOP('',(#12857,#12859,#12860,#12861));
#12863=FACE_OUTER_BOUND('',#12862,.F.);
#12864=ADVANCED_FACE('',(#12863),#12856,.T.);
#12865=CARTESIAN_POINT('',(2.147916638851E1,8.595744661987E0,4.87E1));
#12866=DIRECTION('',(9.506445152164E-1,-3.102821388495E-1,0.E0));
#12867=DIRECTION('',(3.102821388495E-1,9.506445152164E-1,0.E0));
#12868=AXIS2_PLACEMENT_3D('',#12865,#12866,#12867);
#12869=PLANE('',#12868);
#12870=ORIENTED_EDGE('',*,*,#8520,.F.);
#12871=ORIENTED_EDGE('',*,*,#12145,.T.);
#12872=ORIENTED_EDGE('',*,*,#9938,.T.);
#12873=ORIENTED_EDGE('',*,*,#12858,.F.);
#12874=EDGE_LOOP('',(#12870,#12871,#12872,#12873));
#12875=FACE_OUTER_BOUND('',#12874,.F.);
#12876=ADVANCED_FACE('',(#12875),#12869,.T.);
#12877=CARTESIAN_POINT('',(2.213541638851E1,1.008510634303E1,4.87E1));
#12878=DIRECTION('',(-1.E0,0.E0,0.E0));
#12879=DIRECTION('',(0.E0,-1.E0,0.E0));
#12880=AXIS2_PLACEMENT_3D('',#12877,#12878,#12879);
#12881=PLANE('',#12880);
#12882=ORIENTED_EDGE('',*,*,#8634,.F.);
#12884=ORIENTED_EDGE('',*,*,#12883,.T.);
#12885=ORIENTED_EDGE('',*,*,#9948,.T.);
#12887=ORIENTED_EDGE('',*,*,#12886,.F.);
#12888=EDGE_LOOP('',(#12882,#12884,#12885,#12887));
#12889=FACE_OUTER_BOUND('',#12888,.F.);
#12890=ADVANCED_FACE('',(#12889),#12881,.T.);
#12891=CARTESIAN_POINT('',(2.220833361149E1,1.045744672418E1,4.87E1));
#12892=DIRECTION('',(-9.813588579591E-1,1.921842654987E-1,0.E0));
#12893=DIRECTION('',(-1.921842654987E-1,-9.813588579591E-1,0.E0));
#12894=AXIS2_PLACEMENT_3D('',#12891,#12892,#12893);
#12895=PLANE('',#12894);
#12896=ORIENTED_EDGE('',*,*,#8684,.F.);
#12898=ORIENTED_EDGE('',*,*,#12897,.T.);
#12899=ORIENTED_EDGE('',*,*,#9950,.T.);
#12900=ORIENTED_EDGE('',*,*,#12883,.F.);
#12901=EDGE_LOOP('',(#12896,#12898,#12899,#12900));
#12902=FACE_OUTER_BOUND('',#12901,.F.);
#12903=ADVANCED_FACE('',(#12902),#12895,.T.);
#12904=CARTESIAN_POINT('',(2.228125E1,1.068085116148E1,4.87E1));
#12905=DIRECTION('',(-9.506456267027E-1,3.102787334496E-1,0.E0));
#12906=DIRECTION('',(-3.102787334496E-1,-9.506456267027E-1,0.E0));
#12907=AXIS2_PLACEMENT_3D('',#12904,#12905,#12906);
#12908=PLANE('',#12907);
#12909=ORIENTED_EDGE('',*,*,#8682,.F.);
#12911=ORIENTED_EDGE('',*,*,#12910,.T.);
#12912=ORIENTED_EDGE('',*,*,#9952,.T.);
#12913=ORIENTED_EDGE('',*,*,#12897,.F.);
#12914=EDGE_LOOP('',(#12909,#12911,#12912,#12913));
#12915=FACE_OUTER_BOUND('',#12914,.F.);
#12916=ADVANCED_FACE('',(#12915),#12908,.T.);
#12917=CARTESIAN_POINT('',(2.242708361149E1,1.097872346640E1,4.87E1));
#12918=DIRECTION('',(-8.981377659536E-1,4.397141723527E-1,0.E0));
#12919=DIRECTION('',(-4.397141723527E-1,-8.981377659536E-1,0.E0));
#12920=AXIS2_PLACEMENT_3D('',#12917,#12918,#12919);
#12921=PLANE('',#12920);
#12922=ORIENTED_EDGE('',*,*,#8680,.F.);
#12924=ORIENTED_EDGE('',*,*,#12923,.T.);
#12925=ORIENTED_EDGE('',*,*,#9954,.T.);
#12926=ORIENTED_EDGE('',*,*,#12910,.F.);
#12927=EDGE_LOOP('',(#12922,#12924,#12925,#12926));
#12928=FACE_OUTER_BOUND('',#12927,.F.);
#12929=ADVANCED_FACE('',(#12928),#12921,.T.);
#12930=CARTESIAN_POINT('',(2.264583361149E1,1.120212769508E1,4.87E1));
#12931=DIRECTION('',(-7.145103848018E-1,6.996248351869E-1,0.E0));
#12932=DIRECTION('',(-6.996248351869E-1,-7.145103848018E-1,0.E0));
#12933=AXIS2_PLACEMENT_3D('',#12930,#12931,#12932);
#12934=PLANE('',#12933);
#12935=ORIENTED_EDGE('',*,*,#8678,.F.);
#12937=ORIENTED_EDGE('',*,*,#12936,.T.);
#12938=ORIENTED_EDGE('',*,*,#9956,.T.);
#12939=ORIENTED_EDGE('',*,*,#12923,.F.);
#12940=EDGE_LOOP('',(#12935,#12937,#12938,#12939));
#12941=FACE_OUTER_BOUND('',#12940,.F.);
#12942=ADVANCED_FACE('',(#12941),#12934,.T.);
#12943=CARTESIAN_POINT('',(2.301041638851E1,1.142553192377E1,4.87E1));
#12944=DIRECTION('',(-5.224775081977E-1,8.526530674474E-1,0.E0));
#12945=DIRECTION('',(-8.526530674474E-1,-5.224775081977E-1,0.E0));
#12946=AXIS2_PLACEMENT_3D('',#12943,#12944,#12945);
#12947=PLANE('',#12946);
#12948=ORIENTED_EDGE('',*,*,#8676,.F.);
#12950=ORIENTED_EDGE('',*,*,#12949,.T.);
#12951=ORIENTED_EDGE('',*,*,#9958,.T.);
#12952=ORIENTED_EDGE('',*,*,#12936,.F.);
#12953=EDGE_LOOP('',(#12948,#12950,#12951,#12952));
#12954=FACE_OUTER_BOUND('',#12953,.F.);
#12955=ADVANCED_FACE('',(#12954),#12947,.T.);
#12956=CARTESIAN_POINT('',(2.344791638851E1,1.15E1,4.87E1));
#12957=DIRECTION('',(-1.677993286083E-1,9.858211730931E-1,0.E0));
#12958=DIRECTION('',(-9.858211730931E-1,-1.677993286083E-1,0.E0));
#12959=AXIS2_PLACEMENT_3D('',#12956,#12957,#12958);
#12960=PLANE('',#12959);
#12961=ORIENTED_EDGE('',*,*,#8674,.F.);
#12963=ORIENTED_EDGE('',*,*,#12962,.T.);
#12964=ORIENTED_EDGE('',*,*,#9960,.T.);
#12965=ORIENTED_EDGE('',*,*,#12949,.F.);
#12966=EDGE_LOOP('',(#12961,#12963,#12964,#12965));
#12967=FACE_OUTER_BOUND('',#12966,.F.);
#12968=ADVANCED_FACE('',(#12967),#12960,.T.);
#12969=CARTESIAN_POINT('',(2.388541638851E1,1.142553192377E1,4.87E1));
#12970=DIRECTION('',(1.677993286083E-1,9.858211730931E-1,0.E0));
#12971=DIRECTION('',(-9.858211730931E-1,1.677993286083E-1,0.E0));
#12972=AXIS2_PLACEMENT_3D('',#12969,#12970,#12971);
#12973=PLANE('',#12972);
#12974=ORIENTED_EDGE('',*,*,#8672,.F.);
#12976=ORIENTED_EDGE('',*,*,#12975,.T.);
#12977=ORIENTED_EDGE('',*,*,#9962,.T.);
#12978=ORIENTED_EDGE('',*,*,#12962,.F.);
#12979=EDGE_LOOP('',(#12974,#12976,#12977,#12978));
#12980=FACE_OUTER_BOUND('',#12979,.F.);
#12981=ADVANCED_FACE('',(#12980),#12973,.T.);
#12982=CARTESIAN_POINT('',(2.425E1,1.120212769508E1,4.87E1));
#12983=DIRECTION('',(5.224766387895E-1,8.526536001913E-1,0.E0));
#12984=DIRECTION('',(-8.526536001913E-1,5.224766387895E-1,0.E0));
#12985=AXIS2_PLACEMENT_3D('',#12982,#12983,#12984);
#12986=PLANE('',#12985);
#12987=ORIENTED_EDGE('',*,*,#8670,.F.);
#12989=ORIENTED_EDGE('',*,*,#12988,.T.);
#12990=ORIENTED_EDGE('',*,*,#9964,.T.);
#12991=ORIENTED_EDGE('',*,*,#12975,.F.);
#12992=EDGE_LOOP('',(#12987,#12989,#12990,#12991));
#12993=FACE_OUTER_BOUND('',#12992,.F.);
#12994=ADVANCED_FACE('',(#12993),#12986,.T.);
#12995=CARTESIAN_POINT('',(2.446875E1,1.097872346640E1,4.87E1));
#12996=DIRECTION('',(7.145103848018E-1,6.996248351869E-1,0.E0));
#12997=DIRECTION('',(-6.996248351869E-1,7.145103848018E-1,0.E0));
#12998=AXIS2_PLACEMENT_3D('',#12995,#12996,#12997);
#12999=PLANE('',#12998);
#13000=ORIENTED_EDGE('',*,*,#8668,.F.);
#13002=ORIENTED_EDGE('',*,*,#13001,.T.);
#13003=ORIENTED_EDGE('',*,*,#9966,.T.);
#13004=ORIENTED_EDGE('',*,*,#12988,.F.);
#13005=EDGE_LOOP('',(#13000,#13002,#13003,#13004));
#13006=FACE_OUTER_BOUND('',#13005,.F.);
#13007=ADVANCED_FACE('',(#13006),#12999,.T.);
#13008=CARTESIAN_POINT('',(2.461458361149E1,1.068085116148E1,4.87E1));
#13009=DIRECTION('',(8.981377659536E-1,4.397141723527E-1,0.E0));
#13010=DIRECTION('',(-4.397141723527E-1,8.981377659536E-1,0.E0));
#13011=AXIS2_PLACEMENT_3D('',#13008,#13009,#13010);
#13012=PLANE('',#13011);
#13013=ORIENTED_EDGE('',*,*,#8666,.F.);
#13015=ORIENTED_EDGE('',*,*,#13014,.T.);
#13016=ORIENTED_EDGE('',*,*,#9968,.T.);
#13017=ORIENTED_EDGE('',*,*,#13001,.F.);
#13018=EDGE_LOOP('',(#13013,#13015,#13016,#13017));
#13019=FACE_OUTER_BOUND('',#13018,.F.);
#13020=ADVANCED_FACE('',(#13019),#13012,.T.);
#13021=CARTESIAN_POINT('',(2.46875E1,1.045744672418E1,4.87E1));
#13022=DIRECTION('',(9.506456267027E-1,3.102787334496E-1,0.E0));
#13023=DIRECTION('',(-3.102787334496E-1,9.506456267027E-1,0.E0));
#13024=AXIS2_PLACEMENT_3D('',#13021,#13022,#13023);
#13025=PLANE('',#13024);
#13026=ORIENTED_EDGE('',*,*,#8664,.F.);
#13028=ORIENTED_EDGE('',*,*,#13027,.T.);
#13029=ORIENTED_EDGE('',*,*,#9970,.T.);
#13030=ORIENTED_EDGE('',*,*,#13014,.F.);
#13031=EDGE_LOOP('',(#13026,#13028,#13029,#13030));
#13032=FACE_OUTER_BOUND('',#13031,.F.);
#13033=ADVANCED_FACE('',(#13032),#13025,.T.);
#13034=CARTESIAN_POINT('',(2.476041638851E1,1.008510634303E1,4.87E1));
#13035=DIRECTION('',(9.813592727596E-1,1.921821473726E-1,0.E0));
#13036=DIRECTION('',(-1.921821473726E-1,9.813592727596E-1,0.E0));
#13037=AXIS2_PLACEMENT_3D('',#13034,#13035,#13036);
#13038=PLANE('',#13037);
#13039=ORIENTED_EDGE('',*,*,#8662,.F.);
#13041=ORIENTED_EDGE('',*,*,#13040,.T.);
#13042=ORIENTED_EDGE('',*,*,#9972,.T.);
#13043=ORIENTED_EDGE('',*,*,#13027,.F.);
#13044=EDGE_LOOP('',(#13039,#13041,#13042,#13043));
#13045=FACE_OUTER_BOUND('',#13044,.F.);
#13046=ADVANCED_FACE('',(#13045),#13038,.T.);
#13047=CARTESIAN_POINT('',(2.476041638851E1,9.414893656969E0,4.87E1));
#13048=DIRECTION('',(1.E0,0.E0,0.E0));
#13049=DIRECTION('',(0.E0,1.E0,0.E0));
#13050=AXIS2_PLACEMENT_3D('',#13047,#13048,#13049);
#13051=PLANE('',#13050);
#13052=ORIENTED_EDGE('',*,*,#8660,.F.);
#13054=ORIENTED_EDGE('',*,*,#13053,.T.);
#13055=ORIENTED_EDGE('',*,*,#9974,.T.);
#13056=ORIENTED_EDGE('',*,*,#13040,.F.);
#13057=EDGE_LOOP('',(#13052,#13054,#13055,#13056));
#13058=FACE_OUTER_BOUND('',#13057,.F.);
#13059=ADVANCED_FACE('',(#13058),#13051,.T.);
#13060=CARTESIAN_POINT('',(2.46875E1,9.042553171515E0,4.87E1));
#13061=DIRECTION('',(9.813592829135E-1,-1.921820955228E-1,0.E0));
#13062=DIRECTION('',(1.921820955228E-1,9.813592829135E-1,0.E0));
#13063=AXIS2_PLACEMENT_3D('',#13060,#13061,#13062);
#13064=PLANE('',#13063);
#13065=ORIENTED_EDGE('',*,*,#8658,.F.);
#13067=ORIENTED_EDGE('',*,*,#13066,.T.);
#13068=ORIENTED_EDGE('',*,*,#9976,.T.);
#13069=ORIENTED_EDGE('',*,*,#13053,.F.);
#13070=EDGE_LOOP('',(#13065,#13067,#13068,#13069));
#13071=FACE_OUTER_BOUND('',#13070,.F.);
#13072=ADVANCED_FACE('',(#13071),#13064,.T.);
#13073=CARTESIAN_POINT('',(2.461458361149E1,8.819148942828E0,4.87E1));
#13074=DIRECTION('',(9.506455412394E-1,-3.102789952956E-1,0.E0));
#13075=DIRECTION('',(3.102789952956E-1,9.506455412394E-1,0.E0));
#13076=AXIS2_PLACEMENT_3D('',#13073,#13074,#13075);
#13077=PLANE('',#13076);
#13078=ORIENTED_EDGE('',*,*,#8656,.F.);
#13080=ORIENTED_EDGE('',*,*,#13079,.T.);
#13081=ORIENTED_EDGE('',*,*,#9978,.T.);
#13082=ORIENTED_EDGE('',*,*,#13066,.F.);
#13083=EDGE_LOOP('',(#13078,#13080,#13081,#13082));
#13084=FACE_OUTER_BOUND('',#13083,.F.);
#13085=ADVANCED_FACE('',(#13084),#13077,.T.);
#13086=CARTESIAN_POINT('',(2.446875E1,8.521276585758E0,4.87E1));
#13087=DIRECTION('',(8.981377963584E-1,-4.397141102494E-1,0.E0));
#13088=DIRECTION('',(4.397141102494E-1,8.981377963584E-1,0.E0));
#13089=AXIS2_PLACEMENT_3D('',#13086,#13087,#13088);
#13090=PLANE('',#13089);
#13091=ORIENTED_EDGE('',*,*,#8654,.F.);
#13093=ORIENTED_EDGE('',*,*,#13092,.T.);
#13094=ORIENTED_EDGE('',*,*,#9980,.T.);
#13095=ORIENTED_EDGE('',*,*,#13079,.F.);
#13096=EDGE_LOOP('',(#13091,#13093,#13094,#13095));
#13097=FACE_OUTER_BOUND('',#13096,.F.);
#13098=ADVANCED_FACE('',(#13097),#13090,.T.);
#13099=CARTESIAN_POINT('',(2.425E1,8.297872330993E0,4.87E1));
#13100=DIRECTION('',(7.145104256249E-1,-6.996247934953E-1,0.E0));
#13101=DIRECTION('',(6.996247934953E-1,7.145104256249E-1,0.E0));
#13102=AXIS2_PLACEMENT_3D('',#13099,#13100,#13101);
#13103=PLANE('',#13102);
#13104=ORIENTED_EDGE('',*,*,#8652,.F.);
#13106=ORIENTED_EDGE('',*,*,#13105,.T.);
#13107=ORIENTED_EDGE('',*,*,#9982,.T.);
#13108=ORIENTED_EDGE('',*,*,#13092,.F.);
#13109=EDGE_LOOP('',(#13104,#13106,#13107,#13108));
#13110=FACE_OUTER_BOUND('',#13109,.F.);
#13111=ADVANCED_FACE('',(#13110),#13103,.T.);
#13112=CARTESIAN_POINT('',(2.388541638851E1,8.074468082748E0,4.87E1));
#13113=DIRECTION('',(5.224766720432E-1,-8.526535798146E-1,0.E0));
#13114=DIRECTION('',(8.526535798146E-1,5.224766720432E-1,0.E0));
#13115=AXIS2_PLACEMENT_3D('',#13112,#13113,#13114);
#13116=PLANE('',#13115);
#13117=ORIENTED_EDGE('',*,*,#8650,.F.);
#13119=ORIENTED_EDGE('',*,*,#13118,.T.);
#13120=ORIENTED_EDGE('',*,*,#9984,.T.);
#13121=ORIENTED_EDGE('',*,*,#13105,.F.);
#13122=EDGE_LOOP('',(#13117,#13119,#13120,#13121));
#13123=FACE_OUTER_BOUND('',#13122,.F.);
#13124=ADVANCED_FACE('',(#13123),#13116,.T.);
#13125=CARTESIAN_POINT('',(2.344791638851E1,8.E0,4.87E1));
#13126=DIRECTION('',(1.677993428846E-1,-9.858211706631E-1,0.E0));
#13127=DIRECTION('',(9.858211706631E-1,1.677993428846E-1,0.E0));
#13128=AXIS2_PLACEMENT_3D('',#13125,#13126,#13127);
#13129=PLANE('',#13128);
#13130=ORIENTED_EDGE('',*,*,#8648,.F.);
#13132=ORIENTED_EDGE('',*,*,#13131,.T.);
#13133=ORIENTED_EDGE('',*,*,#9986,.T.);
#13134=ORIENTED_EDGE('',*,*,#13118,.F.);
#13135=EDGE_LOOP('',(#13130,#13132,#13133,#13134));
#13136=FACE_OUTER_BOUND('',#13135,.F.);
#13137=ADVANCED_FACE('',(#13136),#13129,.T.);
#13138=CARTESIAN_POINT('',(2.301041638851E1,8.074468082748E0,4.87E1));
#13139=DIRECTION('',(-1.677993428846E-1,-9.858211706631E-1,0.E0));
#13140=DIRECTION('',(9.858211706631E-1,-1.677993428846E-1,0.E0));
#13141=AXIS2_PLACEMENT_3D('',#13138,#13139,#13140);
#13142=PLANE('',#13141);
#13143=ORIENTED_EDGE('',*,*,#8646,.F.);
#13145=ORIENTED_EDGE('',*,*,#13144,.T.);
#13146=ORIENTED_EDGE('',*,*,#9988,.T.);
#13147=ORIENTED_EDGE('',*,*,#13131,.F.);
#13148=EDGE_LOOP('',(#13143,#13145,#13146,#13147));
#13149=FACE_OUTER_BOUND('',#13148,.F.);
#13150=ADVANCED_FACE('',(#13149),#13142,.T.);
#13151=CARTESIAN_POINT('',(2.264583361149E1,8.297872330993E0,4.87E1));
#13152=DIRECTION('',(-5.224775414514E-1,-8.526530470706E-1,0.E0));
#13153=DIRECTION('',(8.526530470706E-1,-5.224775414514E-1,0.E0));
#13154=AXIS2_PLACEMENT_3D('',#13151,#13152,#13153);
#13155=PLANE('',#13154);
#13156=ORIENTED_EDGE('',*,*,#8644,.F.);
#13158=ORIENTED_EDGE('',*,*,#13157,.T.);
#13159=ORIENTED_EDGE('',*,*,#9990,.T.);
#13160=ORIENTED_EDGE('',*,*,#13144,.F.);
#13161=EDGE_LOOP('',(#13156,#13158,#13159,#13160));
#13162=FACE_OUTER_BOUND('',#13161,.F.);
#13163=ADVANCED_FACE('',(#13162),#13155,.T.);
#13164=CARTESIAN_POINT('',(2.242708361149E1,8.521276585758E0,4.87E1));
#13165=DIRECTION('',(-7.145104256249E-1,-6.996247934953E-1,0.E0));
#13166=DIRECTION('',(6.996247934953E-1,-7.145104256249E-1,0.E0));
#13167=AXIS2_PLACEMENT_3D('',#13164,#13165,#13166);
#13168=PLANE('',#13167);
#13169=ORIENTED_EDGE('',*,*,#8642,.F.);
#13171=ORIENTED_EDGE('',*,*,#13170,.T.);
#13172=ORIENTED_EDGE('',*,*,#9992,.T.);
#13173=ORIENTED_EDGE('',*,*,#13157,.F.);
#13174=EDGE_LOOP('',(#13169,#13171,#13172,#13173));
#13175=FACE_OUTER_BOUND('',#13174,.F.);
#13176=ADVANCED_FACE('',(#13175),#13168,.T.);
#13177=CARTESIAN_POINT('',(2.228125E1,8.819148942828E0,4.87E1));
#13178=DIRECTION('',(-8.981377963584E-1,-4.397141102494E-1,0.E0));
#13179=DIRECTION('',(4.397141102494E-1,-8.981377963584E-1,0.E0));
#13180=AXIS2_PLACEMENT_3D('',#13177,#13178,#13179);
#13181=PLANE('',#13180);
#13182=ORIENTED_EDGE('',*,*,#8640,.F.);
#13184=ORIENTED_EDGE('',*,*,#13183,.T.);
#13185=ORIENTED_EDGE('',*,*,#9994,.T.);
#13186=ORIENTED_EDGE('',*,*,#13170,.F.);
#13187=EDGE_LOOP('',(#13182,#13184,#13185,#13186));
#13188=FACE_OUTER_BOUND('',#13187,.F.);
#13189=ADVANCED_FACE('',(#13188),#13181,.T.);
#13190=CARTESIAN_POINT('',(2.220833361149E1,9.042553171515E0,4.87E1));
#13191=DIRECTION('',(-9.506455412394E-1,-3.102789952956E-1,0.E0));
#13192=DIRECTION('',(3.102789952956E-1,-9.506455412394E-1,0.E0));
#13193=AXIS2_PLACEMENT_3D('',#13190,#13191,#13192);
#13194=PLANE('',#13193);
#13195=ORIENTED_EDGE('',*,*,#8638,.F.);
#13197=ORIENTED_EDGE('',*,*,#13196,.T.);
#13198=ORIENTED_EDGE('',*,*,#9996,.T.);
#13199=ORIENTED_EDGE('',*,*,#13183,.F.);
#13200=EDGE_LOOP('',(#13195,#13197,#13198,#13199));
#13201=FACE_OUTER_BOUND('',#13200,.F.);
#13202=ADVANCED_FACE('',(#13201),#13194,.T.);
#13203=CARTESIAN_POINT('',(2.213541638851E1,9.414893656969E0,4.87E1));
#13204=DIRECTION('',(-9.813588681132E-1,-1.921842136484E-1,0.E0));
#13205=DIRECTION('',(1.921842136484E-1,-9.813588681132E-1,0.E0));
#13206=AXIS2_PLACEMENT_3D('',#13203,#13204,#13205);
#13207=PLANE('',#13206);
#13208=ORIENTED_EDGE('',*,*,#8636,.F.);
#13209=ORIENTED_EDGE('',*,*,#12886,.T.);
#13210=ORIENTED_EDGE('',*,*,#9998,.T.);
#13211=ORIENTED_EDGE('',*,*,#13196,.F.);
#13212=EDGE_LOOP('',(#13208,#13209,#13210,#13211));
#13213=FACE_OUTER_BOUND('',#13212,.F.);
#13214=ADVANCED_FACE('',(#13213),#13207,.T.);
#13215=CARTESIAN_POINT('',(2.25E1,1.001063826680E1,4.87E1));
#13216=DIRECTION('',(9.869440947885E-1,-1.610631980374E-1,0.E0));
#13217=DIRECTION('',(1.610631980374E-1,9.869440947885E-1,0.E0));
#13218=AXIS2_PLACEMENT_3D('',#13215,#13216,#13217);
#13219=PLANE('',#13218);
#13220=ORIENTED_EDGE('',*,*,#8694,.F.);
#13222=ORIENTED_EDGE('',*,*,#13221,.T.);
#13223=ORIENTED_EDGE('',*,*,#10002,.T.);
#13225=ORIENTED_EDGE('',*,*,#13224,.F.);
#13226=EDGE_LOOP('',(#13220,#13222,#13223,#13225));
#13227=FACE_OUTER_BOUND('',#13226,.F.);
#13228=ADVANCED_FACE('',(#13227),#13219,.T.);
#13229=CARTESIAN_POINT('',(2.25E1,9.489361733198E0,4.87E1));
#13230=DIRECTION('',(1.E0,0.E0,0.E0));
#13231=DIRECTION('',(0.E0,1.E0,0.E0));
#13232=AXIS2_PLACEMENT_3D('',#13229,#13230,#13231);
#13233=PLANE('',#13232);
#13234=ORIENTED_EDGE('',*,*,#8728,.F.);
#13236=ORIENTED_EDGE('',*,*,#13235,.T.);
#13237=ORIENTED_EDGE('',*,*,#10004,.T.);
#13238=ORIENTED_EDGE('',*,*,#13221,.F.);
#13239=EDGE_LOOP('',(#13234,#13236,#13237,#13238));
#13240=FACE_OUTER_BOUND('',#13239,.F.);
#13241=ADVANCED_FACE('',(#13240),#13233,.T.);
#13242=CARTESIAN_POINT('',(2.257291638851E1,9.042553171515E0,4.87E1));
#13243=DIRECTION('',(9.869441007655E-1,1.610631614123E-1,0.E0));
#13244=DIRECTION('',(-1.610631614123E-1,9.869441007655E-1,0.E0));
#13245=AXIS2_PLACEMENT_3D('',#13242,#13243,#13244);
#13246=PLANE('',#13245);
#13247=ORIENTED_EDGE('',*,*,#8726,.F.);
#13249=ORIENTED_EDGE('',*,*,#13248,.T.);
#13250=ORIENTED_EDGE('',*,*,#10006,.T.);
#13251=ORIENTED_EDGE('',*,*,#13235,.F.);
#13252=EDGE_LOOP('',(#13247,#13249,#13250,#13251));
#13253=FACE_OUTER_BOUND('',#13252,.F.);
#13254=ADVANCED_FACE('',(#13253),#13246,.T.);
#13255=CARTESIAN_POINT('',(2.286458361149E1,8.595744661987E0,4.87E1));
#13256=DIRECTION('',(8.373786725175E-1,5.466232329611E-1,0.E0));
#13257=DIRECTION('',(-5.466232329611E-1,8.373786725175E-1,0.E0));
#13258=AXIS2_PLACEMENT_3D('',#13255,#13256,#13257);
#13259=PLANE('',#13258);
#13260=ORIENTED_EDGE('',*,*,#8724,.F.);
#13262=ORIENTED_EDGE('',*,*,#13261,.T.);
#13263=ORIENTED_EDGE('',*,*,#10008,.T.);
#13264=ORIENTED_EDGE('',*,*,#13248,.F.);
#13265=EDGE_LOOP('',(#13260,#13262,#13263,#13264));
#13266=FACE_OUTER_BOUND('',#13265,.F.);
#13267=ADVANCED_FACE('',(#13266),#13259,.T.);
#13268=CARTESIAN_POINT('',(2.308333361149E1,8.446808509529E0,4.87E1));
#13269=DIRECTION('',(5.627909312417E-1,8.265992787996E-1,0.E0));
#13270=DIRECTION('',(-8.265992787996E-1,5.627909312417E-1,0.E0));
#13271=AXIS2_PLACEMENT_3D('',#13268,#13269,#13270);
#13272=PLANE('',#13271);
#13273=ORIENTED_EDGE('',*,*,#8722,.F.);
#13275=ORIENTED_EDGE('',*,*,#13274,.T.);
#13276=ORIENTED_EDGE('',*,*,#10010,.T.);
#13277=ORIENTED_EDGE('',*,*,#13261,.F.);
#13278=EDGE_LOOP('',(#13273,#13275,#13276,#13277));
#13279=FACE_OUTER_BOUND('',#13278,.F.);
#13280=ADVANCED_FACE('',(#13279),#13272,.T.);
#13281=CARTESIAN_POINT('',(2.344791638851E1,8.372340433300E0,4.87E1));
#13282=DIRECTION('',(2.001236481946E-1,9.797706494039E-1,0.E0));
#13283=DIRECTION('',(-9.797706494039E-1,2.001236481946E-1,0.E0));
#13284=AXIS2_PLACEMENT_3D('',#13281,#13282,#13283);
#13285=PLANE('',#13284);
#13286=ORIENTED_EDGE('',*,*,#8720,.F.);
#13288=ORIENTED_EDGE('',*,*,#13287,.T.);
#13289=ORIENTED_EDGE('',*,*,#10012,.T.);
#13290=ORIENTED_EDGE('',*,*,#13274,.F.);
#13291=EDGE_LOOP('',(#13286,#13288,#13289,#13290));
#13292=FACE_OUTER_BOUND('',#13291,.F.);
#13293=ADVANCED_FACE('',(#13292),#13285,.T.);
#13294=CARTESIAN_POINT('',(2.38125E1,8.446808509529E0,4.87E1));
#13295=DIRECTION('',(-2.001232084928E-1,9.797707392153E-1,0.E0));
#13296=DIRECTION('',(-9.797707392153E-1,-2.001232084928E-1,0.E0));
#13297=AXIS2_PLACEMENT_3D('',#13294,#13295,#13296);
#13298=PLANE('',#13297);
#13299=ORIENTED_EDGE('',*,*,#8718,.F.);
#13301=ORIENTED_EDGE('',*,*,#13300,.T.);
#13302=ORIENTED_EDGE('',*,*,#10014,.T.);
#13303=ORIENTED_EDGE('',*,*,#13287,.F.);
#13304=EDGE_LOOP('',(#13299,#13301,#13302,#13303));
#13305=FACE_OUTER_BOUND('',#13304,.F.);
#13306=ADVANCED_FACE('',(#13305),#13298,.T.);
#13307=CARTESIAN_POINT('',(2.403125E1,8.595744661987E0,4.87E1));
#13308=DIRECTION('',(-5.627909312417E-1,8.265992787996E-1,0.E0));
#13309=DIRECTION('',(-8.265992787996E-1,-5.627909312417E-1,0.E0));
#13310=AXIS2_PLACEMENT_3D('',#13307,#13308,#13309);
#13311=PLANE('',#13310);
#13312=ORIENTED_EDGE('',*,*,#8716,.F.);
#13314=ORIENTED_EDGE('',*,*,#13313,.T.);
#13315=ORIENTED_EDGE('',*,*,#10016,.T.);
#13316=ORIENTED_EDGE('',*,*,#13300,.F.);
#13317=EDGE_LOOP('',(#13312,#13314,#13315,#13316));
#13318=FACE_OUTER_BOUND('',#13317,.F.);
#13319=ADVANCED_FACE('',(#13318),#13311,.T.);
#13320=CARTESIAN_POINT('',(2.432291638851E1,9.042553171515E0,4.87E1));
#13321=DIRECTION('',(-8.373793883617E-1,5.466221363492E-1,0.E0));
#13322=DIRECTION('',(-5.466221363492E-1,-8.373793883617E-1,0.E0));
#13323=AXIS2_PLACEMENT_3D('',#13320,#13321,#13322);
#13324=PLANE('',#13323);
#13325=ORIENTED_EDGE('',*,*,#8714,.F.);
#13327=ORIENTED_EDGE('',*,*,#13326,.T.);
#13328=ORIENTED_EDGE('',*,*,#10018,.T.);
#13329=ORIENTED_EDGE('',*,*,#13313,.F.);
#13330=EDGE_LOOP('',(#13325,#13327,#13328,#13329));
#13331=FACE_OUTER_BOUND('',#13330,.F.);
#13332=ADVANCED_FACE('',(#13331),#13324,.T.);
#13333=CARTESIAN_POINT('',(2.439583361149E1,9.489361733198E0,4.87E1));
#13334=DIRECTION('',(-9.869438077637E-1,1.610649568243E-1,0.E0));
#13335=DIRECTION('',(-1.610649568243E-1,-9.869438077637E-1,0.E0));
#13336=AXIS2_PLACEMENT_3D('',#13333,#13334,#13335);
#13337=PLANE('',#13336);
#13338=ORIENTED_EDGE('',*,*,#8712,.F.);
#13340=ORIENTED_EDGE('',*,*,#13339,.T.);
#13341=ORIENTED_EDGE('',*,*,#10020,.T.);
#13342=ORIENTED_EDGE('',*,*,#13326,.F.);
#13343=EDGE_LOOP('',(#13338,#13340,#13341,#13342));
#13344=FACE_OUTER_BOUND('',#13343,.F.);
#13345=ADVANCED_FACE('',(#13344),#13337,.T.);
#13346=CARTESIAN_POINT('',(2.439583361149E1,1.001063826680E1,4.87E1));
#13347=DIRECTION('',(-1.E0,0.E0,0.E0));
#13348=DIRECTION('',(0.E0,-1.E0,0.E0));
#13349=AXIS2_PLACEMENT_3D('',#13346,#13347,#13348);
#13350=PLANE('',#13349);
#13351=ORIENTED_EDGE('',*,*,#8710,.F.);
#13353=ORIENTED_EDGE('',*,*,#13352,.T.);
#13354=ORIENTED_EDGE('',*,*,#10022,.T.);
#13355=ORIENTED_EDGE('',*,*,#13339,.F.);
#13356=EDGE_LOOP('',(#13351,#13353,#13354,#13355));
#13357=FACE_OUTER_BOUND('',#13356,.F.);
#13358=ADVANCED_FACE('',(#13357),#13350,.T.);
#13359=CARTESIAN_POINT('',(2.432291638851E1,1.045744672418E1,4.87E1));
#13360=DIRECTION('',(-9.869438017866E-1,-1.610649934498E-1,0.E0));
#13361=DIRECTION('',(1.610649934498E-1,-9.869438017866E-1,0.E0));
#13362=AXIS2_PLACEMENT_3D('',#13359,#13360,#13361);
#13363=PLANE('',#13362);
#13364=ORIENTED_EDGE('',*,*,#8708,.F.);
#13366=ORIENTED_EDGE('',*,*,#13365,.T.);
#13367=ORIENTED_EDGE('',*,*,#10024,.T.);
#13368=ORIENTED_EDGE('',*,*,#13352,.F.);
#13369=EDGE_LOOP('',(#13364,#13366,#13367,#13368));
#13370=FACE_OUTER_BOUND('',#13369,.F.);
#13371=ADVANCED_FACE('',(#13370),#13363,.T.);
#13372=CARTESIAN_POINT('',(2.403125E1,1.090425539017E1,4.87E1));
#13373=DIRECTION('',(-8.373794759779E-1,-5.466220021285E-1,0.E0));
#13374=DIRECTION('',(5.466220021285E-1,-8.373794759779E-1,0.E0));
#13375=AXIS2_PLACEMENT_3D('',#13372,#13373,#13374);
#13376=PLANE('',#13375);
#13377=ORIENTED_EDGE('',*,*,#8706,.F.);
#13379=ORIENTED_EDGE('',*,*,#13378,.T.);
#13380=ORIENTED_EDGE('',*,*,#10026,.T.);
#13381=ORIENTED_EDGE('',*,*,#13365,.F.);
#13382=EDGE_LOOP('',(#13377,#13379,#13380,#13381));
#13383=FACE_OUTER_BOUND('',#13382,.F.);
#13384=ADVANCED_FACE('',(#13383),#13376,.T.);
#13385=CARTESIAN_POINT('',(2.38125E1,1.105319154263E1,4.87E1));
#13386=DIRECTION('',(-5.627909312417E-1,-8.265992787996E-1,0.E0));
#13387=DIRECTION('',(8.265992787996E-1,-5.627909312417E-1,0.E0));
#13388=AXIS2_PLACEMENT_3D('',#13385,#13386,#13387);
#13389=PLANE('',#13388);
#13390=ORIENTED_EDGE('',*,*,#8704,.F.);
#13392=ORIENTED_EDGE('',*,*,#13391,.T.);
#13393=ORIENTED_EDGE('',*,*,#10028,.T.);
#13394=ORIENTED_EDGE('',*,*,#13378,.F.);
#13395=EDGE_LOOP('',(#13390,#13392,#13393,#13394));
#13396=FACE_OUTER_BOUND('',#13395,.F.);
#13397=ADVANCED_FACE('',(#13396),#13389,.T.);
#13398=CARTESIAN_POINT('',(2.344791638851E1,1.112765961885E1,4.87E1));
#13399=DIRECTION('',(-2.001232084928E-1,-9.797707392153E-1,0.E0));
#13400=DIRECTION('',(9.797707392153E-1,-2.001232084928E-1,0.E0));
#13401=AXIS2_PLACEMENT_3D('',#13398,#13399,#13400);
#13402=PLANE('',#13401);
#13403=ORIENTED_EDGE('',*,*,#8702,.F.);
#13405=ORIENTED_EDGE('',*,*,#13404,.T.);
#13406=ORIENTED_EDGE('',*,*,#10030,.T.);
#13407=ORIENTED_EDGE('',*,*,#13391,.F.);
#13408=EDGE_LOOP('',(#13403,#13405,#13406,#13407));
#13409=FACE_OUTER_BOUND('',#13408,.F.);
#13410=ADVANCED_FACE('',(#13409),#13402,.T.);
#13411=CARTESIAN_POINT('',(2.308333361149E1,1.105319154263E1,4.87E1));
#13412=DIRECTION('',(2.001236481946E-1,-9.797706494039E-1,0.E0));
#13413=DIRECTION('',(9.797706494039E-1,2.001236481946E-1,0.E0));
#13414=AXIS2_PLACEMENT_3D('',#13411,#13412,#13413);
#13415=PLANE('',#13414);
#13416=ORIENTED_EDGE('',*,*,#8700,.F.);
#13418=ORIENTED_EDGE('',*,*,#13417,.T.);
#13419=ORIENTED_EDGE('',*,*,#10032,.T.);
#13420=ORIENTED_EDGE('',*,*,#13404,.F.);
#13421=EDGE_LOOP('',(#13416,#13418,#13419,#13420));
#13422=FACE_OUTER_BOUND('',#13421,.F.);
#13423=ADVANCED_FACE('',(#13422),#13415,.T.);
#13424=CARTESIAN_POINT('',(2.286458361149E1,1.090425539017E1,4.87E1));
#13425=DIRECTION('',(5.627909312417E-1,-8.265992787996E-1,0.E0));
#13426=DIRECTION('',(8.265992787996E-1,5.627909312417E-1,0.E0));
#13427=AXIS2_PLACEMENT_3D('',#13424,#13425,#13426);
#13428=PLANE('',#13427);
#13429=ORIENTED_EDGE('',*,*,#8698,.F.);
#13431=ORIENTED_EDGE('',*,*,#13430,.T.);
#13432=ORIENTED_EDGE('',*,*,#10034,.T.);
#13433=ORIENTED_EDGE('',*,*,#13417,.F.);
#13434=EDGE_LOOP('',(#13429,#13431,#13432,#13433));
#13435=FACE_OUTER_BOUND('',#13434,.F.);
#13436=ADVANCED_FACE('',(#13435),#13428,.T.);
#13437=CARTESIAN_POINT('',(2.257291638851E1,1.045744672418E1,4.87E1));
#13438=DIRECTION('',(8.373787601340E-1,-5.466230987403E-1,0.E0));
#13439=DIRECTION('',(5.466230987403E-1,8.373787601340E-1,0.E0));
#13440=AXIS2_PLACEMENT_3D('',#13437,#13438,#13439);
#13441=PLANE('',#13440);
#13442=ORIENTED_EDGE('',*,*,#8696,.F.);
#13443=ORIENTED_EDGE('',*,*,#13224,.T.);
#13444=ORIENTED_EDGE('',*,*,#10036,.T.);
#13445=ORIENTED_EDGE('',*,*,#13430,.F.);
#13446=EDGE_LOOP('',(#13442,#13443,#13444,#13445));
#13447=FACE_OUTER_BOUND('',#13446,.F.);
#13448=ADVANCED_FACE('',(#13447),#13441,.T.);
#13449=CARTESIAN_POINT('',(-2.974968889777E1,-1.806814834742E1,-3.5E1));
#13450=DIRECTION('',(-6.087614290087E-1,-7.933533402912E-1,0.E0));
#13451=DIRECTION('',(7.933533402912E-1,-6.087614290087E-1,0.E0));
#13452=AXIS2_PLACEMENT_3D('',#13449,#13450,#13451);
#13453=PLANE('',#13452);
#13455=ORIENTED_EDGE('',*,*,#13454,.T.);
#13457=ORIENTED_EDGE('',*,*,#13456,.T.);
#13458=ORIENTED_EDGE('',*,*,#7279,.T.);
#13459=ORIENTED_EDGE('',*,*,#7474,.F.);
#13460=ORIENTED_EDGE('',*,*,#6685,.F.);
#13462=ORIENTED_EDGE('',*,*,#13461,.T.);
#13464=ORIENTED_EDGE('',*,*,#13463,.T.);
#13466=ORIENTED_EDGE('',*,*,#13465,.T.);
#13467=EDGE_LOOP('',(#13455,#13457,#13458,#13459,#13460,#13462,#13464,#13466));
#13468=FACE_OUTER_BOUND('',#13467,.F.);
#13469=ADVANCED_FACE('',(#13468),#13453,.T.);
#13470=CARTESIAN_POINT('',(-3.6E1,-2.E1,2.6E1));
#13471=DIRECTION('',(0.E0,-1.E0,0.E0));
#13472=DIRECTION('',(1.E0,0.E0,0.E0));
#13473=AXIS2_PLACEMENT_3D('',#13470,#13471,#13472);
#13474=CYLINDRICAL_SURFACE('',#13473,7.E0);
#13476=ORIENTED_EDGE('',*,*,#13475,.T.);
#13478=ORIENTED_EDGE('',*,*,#13477,.T.);
#13479=ORIENTED_EDGE('',*,*,#6809,.T.);
#13481=ORIENTED_EDGE('',*,*,#13480,.F.);
#13483=ORIENTED_EDGE('',*,*,#13482,.F.);
#13484=ORIENTED_EDGE('',*,*,#13454,.F.);
#13486=ORIENTED_EDGE('',*,*,#13485,.F.);
#13487=EDGE_LOOP('',(#13476,#13478,#13479,#13481,#13483,#13484,#13486));
#13488=FACE_OUTER_BOUND('',#13487,.F.);
#13489=ADVANCED_FACE('',(#13488),#13474,.F.);
#13490=CARTESIAN_POINT('',(-3.650935212614E1,-2.5E0,-3.5E1));
#13491=DIRECTION('',(0.E0,0.E0,1.E0));
#13492=DIRECTION('',(1.E0,0.E0,0.E0));
#13493=AXIS2_PLACEMENT_3D('',#13490,#13491,#13492);
#13494=CYLINDRICAL_SURFACE('',#13493,2.5E0);
#13496=ORIENTED_EDGE('',*,*,#13495,.F.);
#13497=ORIENTED_EDGE('',*,*,#13475,.F.);
#13499=ORIENTED_EDGE('',*,*,#13498,.F.);
#13501=ORIENTED_EDGE('',*,*,#13500,.F.);
#13503=ORIENTED_EDGE('',*,*,#13502,.T.);
#13505=ORIENTED_EDGE('',*,*,#13504,.T.);
#13506=EDGE_LOOP('',(#13496,#13497,#13499,#13501,#13503,#13505));
#13507=FACE_OUTER_BOUND('',#13506,.F.);
#13508=ADVANCED_FACE('',(#13507),#13494,.F.);
#13509=CARTESIAN_POINT('',(-4.5E1,-2.E1,1.9E1));
#13510=DIRECTION('',(0.E0,0.E0,-1.E0));
#13511=DIRECTION('',(1.E0,0.E0,0.E0));
#13512=AXIS2_PLACEMENT_3D('',#13509,#13510,#13511);
#13513=PLANE('',#13512);
#13514=ORIENTED_EDGE('',*,*,#6860,.T.);
#13515=ORIENTED_EDGE('',*,*,#6811,.T.);
#13516=ORIENTED_EDGE('',*,*,#13477,.F.);
#13517=ORIENTED_EDGE('',*,*,#13495,.T.);
#13519=ORIENTED_EDGE('',*,*,#13518,.F.);
#13521=ORIENTED_EDGE('',*,*,#13520,.F.);
#13522=EDGE_LOOP('',(#13514,#13515,#13516,#13517,#13519,#13521));
#13523=FACE_OUTER_BOUND('',#13522,.F.);
#13524=ADVANCED_FACE('',(#13523),#13513,.F.);
#13525=CARTESIAN_POINT('',(-4.4E1,-1.137E-13,-3.5E1));
#13526=DIRECTION('',(0.E0,-1.E0,0.E0));
#13527=DIRECTION('',(1.E0,0.E0,0.E0));
#13528=AXIS2_PLACEMENT_3D('',#13525,#13526,#13527);
#13529=PLANE('',#13528);
#13530=ORIENTED_EDGE('',*,*,#13518,.T.);
#13531=ORIENTED_EDGE('',*,*,#13504,.F.);
#13533=ORIENTED_EDGE('',*,*,#13532,.F.);
#13535=ORIENTED_EDGE('',*,*,#13534,.T.);
#13536=EDGE_LOOP('',(#13530,#13531,#13533,#13535));
#13537=FACE_OUTER_BOUND('',#13536,.F.);
#13538=ADVANCED_FACE('',(#13537),#13529,.T.);
#13539=CARTESIAN_POINT('',(-3.6E1,-2.E1,-1.9E1));
#13540=DIRECTION('',(0.E0,0.E0,1.E0));
#13541=DIRECTION('',(-1.E0,0.E0,0.E0));
#13542=AXIS2_PLACEMENT_3D('',#13539,#13540,#13541);
#13543=PLANE('',#13542);
#13544=ORIENTED_EDGE('',*,*,#6864,.F.);
#13546=ORIENTED_EDGE('',*,*,#13545,.T.);
#13547=ORIENTED_EDGE('',*,*,#13532,.T.);
#13548=ORIENTED_EDGE('',*,*,#13502,.F.);
#13550=ORIENTED_EDGE('',*,*,#13549,.T.);
#13551=ORIENTED_EDGE('',*,*,#6762,.T.);
#13552=EDGE_LOOP('',(#13544,#13546,#13547,#13548,#13550,#13551));
#13553=FACE_OUTER_BOUND('',#13552,.F.);
#13554=ADVANCED_FACE('',(#13553),#13543,.F.);
#13555=CARTESIAN_POINT('',(-4.5E1,9.999999999999E-1,-3.5E1));
#13556=DIRECTION('',(-7.071067811865E-1,-7.071067811865E-1,0.E0));
#13557=DIRECTION('',(7.071067811865E-1,-7.071067811865E-1,0.E0));
#13558=AXIS2_PLACEMENT_3D('',#13555,#13556,#13557);
#13559=PLANE('',#13558);
#13560=ORIENTED_EDGE('',*,*,#13520,.T.);
#13561=ORIENTED_EDGE('',*,*,#13534,.F.);
#13562=ORIENTED_EDGE('',*,*,#13545,.F.);
#13563=ORIENTED_EDGE('',*,*,#6862,.T.);
#13564=EDGE_LOOP('',(#13560,#13561,#13562,#13563));
#13565=FACE_OUTER_BOUND('',#13564,.F.);
#13566=ADVANCED_FACE('',(#13565),#13559,.T.);
#13567=CARTESIAN_POINT('',(-3.6E1,-2.E1,-2.6E1));
#13568=DIRECTION('',(0.E0,-1.E0,0.E0));
#13569=DIRECTION('',(1.E0,0.E0,0.E0));
#13570=AXIS2_PLACEMENT_3D('',#13567,#13568,#13569);
#13571=CYLINDRICAL_SURFACE('',#13570,7.E0);
#13572=ORIENTED_EDGE('',*,*,#13500,.T.);
#13574=ORIENTED_EDGE('',*,*,#13573,.F.);
#13575=ORIENTED_EDGE('',*,*,#13463,.F.);
#13577=ORIENTED_EDGE('',*,*,#13576,.F.);
#13579=ORIENTED_EDGE('',*,*,#13578,.T.);
#13580=ORIENTED_EDGE('',*,*,#6764,.T.);
#13581=ORIENTED_EDGE('',*,*,#13549,.F.);
#13582=EDGE_LOOP('',(#13572,#13574,#13575,#13577,#13579,#13580,#13581));
#13583=FACE_OUTER_BOUND('',#13582,.F.);
#13584=ADVANCED_FACE('',(#13583),#13571,.F.);
#13585=CARTESIAN_POINT('',(-3.409453756042E1,-1.852952387244E0,-3.5E1));
#13586=DIRECTION('',(-9.659258262891E-1,-2.588190451025E-1,0.E0));
#13587=DIRECTION('',(2.588190451025E-1,-9.659258262891E-1,0.E0));
#13588=AXIS2_PLACEMENT_3D('',#13585,#13586,#13587);
#13589=PLANE('',#13588);
#13590=ORIENTED_EDGE('',*,*,#13485,.T.);
#13591=ORIENTED_EDGE('',*,*,#13465,.F.);
#13592=ORIENTED_EDGE('',*,*,#13573,.T.);
#13593=ORIENTED_EDGE('',*,*,#13498,.T.);
#13594=EDGE_LOOP('',(#13590,#13591,#13592,#13593));
#13595=FACE_OUTER_BOUND('',#13594,.F.);
#13596=ADVANCED_FACE('',(#13595),#13589,.T.);
#13597=CARTESIAN_POINT('',(-3.409453756042E1,-1.852952387244E0,-3.5E1));
#13598=DIRECTION('',(-9.659258262891E-1,-2.588190451025E-1,0.E0));
#13599=DIRECTION('',(2.588190451025E-1,-9.659258262891E-1,0.E0));
#13600=AXIS2_PLACEMENT_3D('',#13597,#13598,#13599);
#13601=PLANE('',#13600);
#13602=ORIENTED_EDGE('',*,*,#13482,.T.);
#13604=ORIENTED_EDGE('',*,*,#13603,.F.);
#13605=ORIENTED_EDGE('',*,*,#7281,.T.);
#13606=ORIENTED_EDGE('',*,*,#13456,.F.);
#13607=EDGE_LOOP('',(#13602,#13604,#13605,#13606));
#13608=FACE_OUTER_BOUND('',#13607,.F.);
#13609=ADVANCED_FACE('',(#13608),#13601,.T.);
#13610=CARTESIAN_POINT('',(-3.409453756042E1,-1.852952387244E0,-3.5E1));
#13611=DIRECTION('',(-9.659258262891E-1,-2.588190451025E-1,0.E0));
#13612=DIRECTION('',(2.588190451025E-1,-9.659258262891E-1,0.E0));
#13613=AXIS2_PLACEMENT_3D('',#13610,#13611,#13612);
#13614=PLANE('',#13613);
#13616=ORIENTED_EDGE('',*,*,#13615,.T.);
#13617=ORIENTED_EDGE('',*,*,#13576,.T.);
#13618=ORIENTED_EDGE('',*,*,#13461,.F.);
#13619=ORIENTED_EDGE('',*,*,#6683,.F.);
#13620=EDGE_LOOP('',(#13616,#13617,#13618,#13619));
#13621=FACE_OUTER_BOUND('',#13620,.F.);
#13622=ADVANCED_FACE('',(#13621),#13614,.T.);
#13623=CARTESIAN_POINT('',(-3.4E1,-2.E1,3.270820393250E1));
#13624=DIRECTION('',(1.E0,0.E0,0.E0));
#13625=DIRECTION('',(0.E0,0.E0,1.E0));
#13626=AXIS2_PLACEMENT_3D('',#13623,#13624,#13625);
#13627=PLANE('',#13626);
#13628=ORIENTED_EDGE('',*,*,#7283,.F.);
#13629=ORIENTED_EDGE('',*,*,#13603,.T.);
#13630=ORIENTED_EDGE('',*,*,#13480,.T.);
#13631=ORIENTED_EDGE('',*,*,#6807,.T.);
#13632=EDGE_LOOP('',(#13628,#13629,#13630,#13631));
#13633=FACE_OUTER_BOUND('',#13632,.F.);
#13634=ADVANCED_FACE('',(#13633),#13627,.F.);
#13635=CARTESIAN_POINT('',(-3.4E1,-2.E1,-3.5E1));
#13636=DIRECTION('',(1.E0,0.E0,0.E0));
#13637=DIRECTION('',(0.E0,0.E0,1.E0));
#13638=AXIS2_PLACEMENT_3D('',#13635,#13636,#13637);
#13639=PLANE('',#13638);
#13640=ORIENTED_EDGE('',*,*,#6681,.T.);
#13641=ORIENTED_EDGE('',*,*,#6766,.T.);
#13642=ORIENTED_EDGE('',*,*,#13578,.F.);
#13643=ORIENTED_EDGE('',*,*,#13615,.F.);
#13644=EDGE_LOOP('',(#13640,#13641,#13642,#13643));
#13645=FACE_OUTER_BOUND('',#13644,.F.);
#13646=ADVANCED_FACE('',(#13645),#13639,.F.);
#13647=CARTESIAN_POINT('',(3.6E1,-2.E1,-2.6E1));
#13648=DIRECTION('',(0.E0,-1.E0,0.E0));
#13649=DIRECTION('',(1.E0,0.E0,0.E0));
#13650=AXIS2_PLACEMENT_3D('',#13647,#13648,#13649);
#13651=CYLINDRICAL_SURFACE('',#13650,7.E0);
#13652=ORIENTED_EDGE('',*,*,#7160,.F.);
#13653=ORIENTED_EDGE('',*,*,#7195,.F.);
#13654=ORIENTED_EDGE('',*,*,#7125,.T.);
#13655=ORIENTED_EDGE('',*,*,#7108,.T.);
#13656=ORIENTED_EDGE('',*,*,#6785,.T.);
#13658=ORIENTED_EDGE('',*,*,#13657,.F.);
#13659=ORIENTED_EDGE('',*,*,#7206,.F.);
#13660=EDGE_LOOP('',(#13652,#13653,#13654,#13655,#13656,#13658,#13659));
#13661=FACE_OUTER_BOUND('',#13660,.F.);
#13662=ADVANCED_FACE('',(#13661),#13651,.F.);
#13663=CARTESIAN_POINT('',(3.4E1,-2.E1,-3.270820393250E1));
#13664=DIRECTION('',(-1.E0,0.E0,0.E0));
#13665=DIRECTION('',(0.E0,0.E0,-1.E0));
#13666=AXIS2_PLACEMENT_3D('',#13663,#13664,#13665);
#13667=PLANE('',#13666);
#13668=ORIENTED_EDGE('',*,*,#6717,.F.);
#13669=ORIENTED_EDGE('',*,*,#7208,.T.);
#13670=ORIENTED_EDGE('',*,*,#13657,.T.);
#13671=ORIENTED_EDGE('',*,*,#6783,.T.);
#13672=EDGE_LOOP('',(#13668,#13669,#13670,#13671));
#13673=FACE_OUTER_BOUND('',#13672,.F.);
#13674=ADVANCED_FACE('',(#13673),#13667,.F.);
#13675=CARTESIAN_POINT('',(3.6E1,-2.E1,1.9E1));
#13676=DIRECTION('',(0.E0,0.E0,-1.E0));
#13677=DIRECTION('',(1.E0,0.E0,0.E0));
#13678=AXIS2_PLACEMENT_3D('',#13675,#13676,#13677);
#13679=PLANE('',#13678);
#13680=ORIENTED_EDGE('',*,*,#7120,.T.);
#13681=ORIENTED_EDGE('',*,*,#7144,.T.);
#13682=ORIENTED_EDGE('',*,*,#6833,.T.);
#13683=ORIENTED_EDGE('',*,*,#7085,.F.);
#13685=ORIENTED_EDGE('',*,*,#13684,.F.);
#13687=ORIENTED_EDGE('',*,*,#13686,.F.);
#13688=EDGE_LOOP('',(#13680,#13681,#13682,#13683,#13685,#13687));
#13689=FACE_OUTER_BOUND('',#13688,.F.);
#13690=ADVANCED_FACE('',(#13689),#13679,.F.);
#13691=CARTESIAN_POINT('',(4.35E1,-1.137E-13,-3.5E1));
#13692=DIRECTION('',(7.071067811865E-1,-7.071067811865E-1,0.E0));
#13693=DIRECTION('',(7.071067811865E-1,7.071067811865E-1,0.E0));
#13694=AXIS2_PLACEMENT_3D('',#13691,#13692,#13693);
#13695=PLANE('',#13694);
#13696=ORIENTED_EDGE('',*,*,#13684,.T.);
#13697=ORIENTED_EDGE('',*,*,#7083,.F.);
#13698=ORIENTED_EDGE('',*,*,#7104,.F.);
#13700=ORIENTED_EDGE('',*,*,#13699,.T.);
#13701=EDGE_LOOP('',(#13696,#13697,#13698,#13700));
#13702=FACE_OUTER_BOUND('',#13701,.F.);
#13703=ADVANCED_FACE('',(#13702),#13695,.T.);
#13704=CARTESIAN_POINT('',(3.650935212614E1,-1.137E-13,-3.5E1));
#13705=DIRECTION('',(0.E0,-1.E0,0.E0));
#13706=DIRECTION('',(1.E0,0.E0,0.E0));
#13707=AXIS2_PLACEMENT_3D('',#13704,#13705,#13706);
#13708=PLANE('',#13707);
#13709=ORIENTED_EDGE('',*,*,#13686,.T.);
#13710=ORIENTED_EDGE('',*,*,#13699,.F.);
#13711=ORIENTED_EDGE('',*,*,#7102,.F.);
#13712=ORIENTED_EDGE('',*,*,#7122,.T.);
#13713=EDGE_LOOP('',(#13709,#13710,#13711,#13712));
#13714=FACE_OUTER_BOUND('',#13713,.F.);
#13715=ADVANCED_FACE('',(#13714),#13708,.T.);
#13716=CARTESIAN_POINT('',(3.6E1,-2.E1,2.6E1));
#13717=DIRECTION('',(0.E0,-1.E0,0.E0));
#13718=DIRECTION('',(1.E0,0.E0,0.E0));
#13719=AXIS2_PLACEMENT_3D('',#13716,#13717,#13718);
#13720=CYLINDRICAL_SURFACE('',#13719,5.E0);
#13721=ORIENTED_EDGE('',*,*,#6841,.F.);
#13723=ORIENTED_EDGE('',*,*,#13722,.T.);
#13724=ORIENTED_EDGE('',*,*,#7020,.T.);
#13726=ORIENTED_EDGE('',*,*,#13725,.F.);
#13727=EDGE_LOOP('',(#13721,#13723,#13724,#13726));
#13728=FACE_OUTER_BOUND('',#13727,.F.);
#13729=ADVANCED_FACE('',(#13728),#13720,.F.);
#13730=CARTESIAN_POINT('',(3.6E1,-2.E1,2.6E1));
#13731=DIRECTION('',(0.E0,-1.E0,0.E0));
#13732=DIRECTION('',(1.E0,0.E0,0.E0));
#13733=AXIS2_PLACEMENT_3D('',#13730,#13731,#13732);
#13734=CYLINDRICAL_SURFACE('',#13733,5.E0);
#13735=ORIENTED_EDGE('',*,*,#6843,.F.);
#13736=ORIENTED_EDGE('',*,*,#13725,.T.);
#13737=ORIENTED_EDGE('',*,*,#7022,.T.);
#13738=ORIENTED_EDGE('',*,*,#13722,.F.);
#13739=EDGE_LOOP('',(#13735,#13736,#13737,#13738));
#13740=FACE_OUTER_BOUND('',#13739,.F.);
#13741=ADVANCED_FACE('',(#13740),#13734,.F.);
#13742=CARTESIAN_POINT('',(3.6E1,-2.E1,-2.6E1));
#13743=DIRECTION('',(0.E0,-1.E0,0.E0));
#13744=DIRECTION('',(1.E0,0.E0,0.E0));
#13745=AXIS2_PLACEMENT_3D('',#13742,#13743,#13744);
#13746=CYLINDRICAL_SURFACE('',#13745,5.E0);
#13747=ORIENTED_EDGE('',*,*,#6793,.F.);
#13749=ORIENTED_EDGE('',*,*,#13748,.T.);
#13750=ORIENTED_EDGE('',*,*,#7026,.T.);
#13752=ORIENTED_EDGE('',*,*,#13751,.F.);
#13753=EDGE_LOOP('',(#13747,#13749,#13750,#13752));
#13754=FACE_OUTER_BOUND('',#13753,.F.);
#13755=ADVANCED_FACE('',(#13754),#13746,.F.);
#13756=CARTESIAN_POINT('',(3.6E1,-2.E1,-2.6E1));
#13757=DIRECTION('',(0.E0,-1.E0,0.E0));
#13758=DIRECTION('',(1.E0,0.E0,0.E0));
#13759=AXIS2_PLACEMENT_3D('',#13756,#13757,#13758);
#13760=CYLINDRICAL_SURFACE('',#13759,5.E0);
#13761=ORIENTED_EDGE('',*,*,#6795,.F.);
#13762=ORIENTED_EDGE('',*,*,#13751,.T.);
#13763=ORIENTED_EDGE('',*,*,#7028,.T.);
#13764=ORIENTED_EDGE('',*,*,#13748,.F.);
#13765=EDGE_LOOP('',(#13761,#13762,#13763,#13764));
#13766=FACE_OUTER_BOUND('',#13765,.F.);
#13767=ADVANCED_FACE('',(#13766),#13760,.F.);
#13768=CARTESIAN_POINT('',(-3.6E1,-2.E1,2.6E1));
#13769=DIRECTION('',(0.E0,-1.E0,0.E0));
#13770=DIRECTION('',(1.E0,0.E0,0.E0));
#13771=AXIS2_PLACEMENT_3D('',#13768,#13769,#13770);
#13772=CYLINDRICAL_SURFACE('',#13771,5.E0);
#13773=ORIENTED_EDGE('',*,*,#6817,.F.);
#13775=ORIENTED_EDGE('',*,*,#13774,.T.);
#13776=ORIENTED_EDGE('',*,*,#6896,.T.);
#13778=ORIENTED_EDGE('',*,*,#13777,.F.);
#13779=EDGE_LOOP('',(#13773,#13775,#13776,#13778));
#13780=FACE_OUTER_BOUND('',#13779,.F.);
#13781=ADVANCED_FACE('',(#13780),#13772,.F.);
#13782=CARTESIAN_POINT('',(-3.6E1,-2.E1,2.6E1));
#13783=DIRECTION('',(0.E0,-1.E0,0.E0));
#13784=DIRECTION('',(1.E0,0.E0,0.E0));
#13785=AXIS2_PLACEMENT_3D('',#13782,#13783,#13784);
#13786=CYLINDRICAL_SURFACE('',#13785,5.E0);
#13787=ORIENTED_EDGE('',*,*,#6819,.F.);
#13788=ORIENTED_EDGE('',*,*,#13777,.T.);
#13789=ORIENTED_EDGE('',*,*,#6898,.T.);
#13790=ORIENTED_EDGE('',*,*,#13774,.F.);
#13791=EDGE_LOOP('',(#13787,#13788,#13789,#13790));
#13792=FACE_OUTER_BOUND('',#13791,.F.);
#13793=ADVANCED_FACE('',(#13792),#13786,.F.);
#13794=CARTESIAN_POINT('',(-3.6E1,-2.E1,-2.6E1));
#13795=DIRECTION('',(0.E0,-1.E0,0.E0));
#13796=DIRECTION('',(1.E0,0.E0,0.E0));
#13797=AXIS2_PLACEMENT_3D('',#13794,#13795,#13796);
#13798=CYLINDRICAL_SURFACE('',#13797,5.E0);
#13799=ORIENTED_EDGE('',*,*,#6770,.F.);
#13801=ORIENTED_EDGE('',*,*,#13800,.T.);
#13802=ORIENTED_EDGE('',*,*,#6902,.T.);
#13804=ORIENTED_EDGE('',*,*,#13803,.F.);
#13805=EDGE_LOOP('',(#13799,#13801,#13802,#13804));
#13806=FACE_OUTER_BOUND('',#13805,.F.);
#13807=ADVANCED_FACE('',(#13806),#13798,.F.);
#13808=CARTESIAN_POINT('',(-3.6E1,-2.E1,-2.6E1));
#13809=DIRECTION('',(0.E0,-1.E0,0.E0));
#13810=DIRECTION('',(1.E0,0.E0,0.E0));
#13811=AXIS2_PLACEMENT_3D('',#13808,#13809,#13810);
#13812=CYLINDRICAL_SURFACE('',#13811,5.E0);
#13813=ORIENTED_EDGE('',*,*,#6772,.F.);
#13814=ORIENTED_EDGE('',*,*,#13803,.T.);
#13815=ORIENTED_EDGE('',*,*,#6904,.T.);
#13816=ORIENTED_EDGE('',*,*,#13800,.F.);
#13817=EDGE_LOOP('',(#13813,#13814,#13815,#13816));
#13818=FACE_OUTER_BOUND('',#13817,.F.);
#13819=ADVANCED_FACE('',(#13818),#13812,.F.);
#13820=CLOSED_SHELL('',(#6753,#6776,#6799,#6823,#6847,#6868,#6882,#6908,#6922,
#6936,#6950,#6964,#6978,#6992,#7006,#7032,#7046,#7060,#7074,#7094,#7112,#7131,
#7151,#7173,#7187,#7200,#7214,#7227,#7287,#7308,#7322,#7336,#7350,#7364,#7378,
#7392,#7406,#7420,#7434,#7448,#7462,#7483,#7498,#7513,#7528,#7543,#7558,#7573,
#7588,#7603,#7618,#7633,#7648,#7663,#7678,#7693,#7708,#7723,#7738,#7753,#7768,
#7783,#7798,#7813,#7828,#7843,#7858,#7873,#7888,#7903,#7918,#7933,#7948,#7963,
#7978,#7993,#8007,#8063,#8688,#8732,#8745,#8758,#8771,#8784,#8797,#8810,#8823,
#8836,#8849,#8862,#8874,#8889,#8903,#8917,#8934,#8951,#8965,#8979,#8993,#9010,
#9027,#9041,#9058,#9075,#9089,#9103,#9117,#9134,#9151,#9165,#9179,#9193,#9210,
#9227,#9241,#9255,#9269,#9286,#9303,#9317,#9334,#9351,#9365,#9379,#9393,#9410,
#9426,#9470,#9510,#9594,#9634,#9692,#9724,#9820,#9942,#10040,#10054,#10067,
#10083,#10099,#10112,#10128,#10144,#10157,#10170,#10183,#10199,#10215,#10228,
#10244,#10260,#10272,#10286,#10299,#10312,#10328,#10344,#10357,#10370,#10383,
#10399,#10415,#10431,#10447,#10460,#10473,#10489,#10505,#10521,#10537,#10550,
#10563,#10576,#10592,#10608,#10621,#10634,#10647,#10660,#10673,#10686,#10702,
#10718,#10731,#10744,#10757,#10773,#10789,#10805,#10820,#10834,#10847,#10863,
#10879,#10892,#10908,#10924,#10937,#10950,#10963,#10979,#10995,#11008,#11024,
#11040,#11052,#11066,#11079,#11095,#11111,#11124,#11140,#11156,#11169,#11182,
#11195,#11208,#11224,#11240,#11253,#11266,#11279,#11295,#11311,#11324,#11337,
#11350,#11363,#11379,#11395,#11407,#11421,#11434,#11447,#11460,#11473,#11486,
#11499,#11512,#11525,#11538,#11551,#11563,#11577,#11590,#11603,#11616,#11629,
#11642,#11655,#11668,#11681,#11694,#11707,#11720,#11733,#11746,#11759,#11772,
#11785,#11798,#11811,#11824,#11837,#11850,#11863,#11876,#11889,#11902,#11915,
#11928,#11941,#11954,#11967,#11980,#11993,#12006,#12019,#12032,#12045,#12058,
#12071,#12084,#12097,#12110,#12123,#12135,#12149,#12162,#12175,#12188,#12201,
#12214,#12227,#12240,#12253,#12266,#12279,#12292,#12305,#12318,#12331,#12344,
#12357,#12370,#12383,#12396,#12409,#12422,#12435,#12448,#12461,#12474,#12487,
#12500,#12513,#12526,#12539,#12552,#12565,#12578,#12591,#12604,#12617,#12630,
#12643,#12656,#12669,#12682,#12695,#12708,#12721,#12734,#12747,#12760,#12773,
#12786,#12799,#12812,#12825,#12838,#12851,#12864,#12876,#12890,#12903,#12916,
#12929,#12942,#12955,#12968,#12981,#12994,#13007,#13020,#13033,#13046,#13059,
#13072,#13085,#13098,#13111,#13124,#13137,#13150,#13163,#13176,#13189,#13202,
#13214,#13228,#13241,#13254,#13267,#13280,#13293,#13306,#13319,#13332,#13345,
#13358,#13371,#13384,#13397,#13410,#13423,#13436,#13448,#13469,#13489,#13508,
#13524,#13538,#13554,#13566,#13584,#13596,#13609,#13622,#13634,#13646,#13662,
#13674,#13690,#13703,#13715,#13729,#13741,#13755,#13767,#13781,#13793,#13807,
#13819));
#13821=MANIFOLD_SOLID_BREP('',#13820);
#13822=(LENGTH_UNIT()NAMED_UNIT(*)SI_UNIT(.MILLI.,.METRE.));
#13823=DIMENSIONAL_EXPONENTS(0.E0,0.E0,0.E0,0.E0,0.E0,0.E0,0.E0);
#13824=(NAMED_UNIT(*)PLANE_ANGLE_UNIT()SI_UNIT($,.RADIAN.));
#13825=PLANE_ANGLE_MEASURE_WITH_UNIT(PLANE_ANGLE_MEASURE(1.745329251994E-2),
#13824);
#13826=(CONVERSION_BASED_UNIT('DEGREE',#13825)NAMED_UNIT(#13823)PLANE_ANGLE_UNIT());
#13827=(NAMED_UNIT(*)SI_UNIT($,.STERADIAN.)SOLID_ANGLE_UNIT());
#13828=UNCERTAINTY_MEASURE_WITH_UNIT(LENGTH_MEASURE(1.393116552477E-2),#13822,
'closure',
'Maximum model space distance between geometric entities at asserted connectivities');
#13829=(GEOMETRIC_REPRESENTATION_CONTEXT(3)GLOBAL_UNCERTAINTY_ASSIGNED_CONTEXT((
#13828))GLOBAL_UNIT_ASSIGNED_CONTEXT((#13822,#13826,#13827))REPRESENTATION_CONTEXT('ID1','3'));
#13830=CARTESIAN_POINT('',(0.E0,0.E0,0.E0));
#13831=DIRECTION('',(0.E0,0.E0,1.E0));
#13832=DIRECTION('',(1.E0,0.E0,0.E0));
#13835=APPLICATION_CONTEXT(
'CONFIGURATION CONTROLLED 3D DESIGNS OF MECHANICAL PARTS AND ASSEMBLIES');
#13836=APPLICATION_PROTOCOL_DEFINITION('international standard',
'config_control_design',1994,#13835);
#13837=DESIGN_CONTEXT('',#13835,'design');
#13838=MECHANICAL_CONTEXT('',#13835,'mechanical');
#13839=PRODUCT('HGW30','HGW30','NOT SPECIFIED',(#13838));
#13840=PRODUCT_DEFINITION_FORMATION_WITH_SPECIFIED_SOURCE('1','LAST_VERSION',
#13839,.MADE.);
#13849=CARTESIAN_POINT('',(0.E0,0.E0,0.E0));
#13850=DIRECTION('',(0.E0,0.E0,1.E0));
#13851=DIRECTION('',(1.E0,0.E0,0.E0));
#13852=AXIS2_PLACEMENT_3D('',#13849,#13850,#13851);
#13853=ITEM_DEFINED_TRANSFORMATION('','',#13833,#13852);
#13854=(REPRESENTATION_RELATIONSHIP('','',#13834,#13846)REPRESENTATION_RELATIONSHIP_WITH_TRANSFORMATION(#13853)SHAPE_REPRESENTATION_RELATIONSHIP());
#13855=CONTEXT_DEPENDENT_SHAPE_REPRESENTATION(#13854,#13848);
#13856=DIRECTION('',(-7.071067811865E-1,7.071067811865E-1,0.E0));
#13857=VECTOR('',#13856,1.566534943386E0);
#13858=CARTESIAN_POINT('',(1.382426406871E1,-4.568433547825E0,-1.E2));
#13859=LINE('',#13858,#13857);
#13860=CARTESIAN_POINT('',(1.229229251857E1,-3.884990135103E0,-1.E2));
#13861=DIRECTION('',(0.E0,0.E0,1.E0));
#13862=DIRECTION('',(7.071067811874E-1,7.071067811857E-1,0.E0));
#13863=AXIS2_PLACEMENT_3D('',#13860,#13861,#13862);
#13865=CARTESIAN_POINT('',(1.272671501739E1,-4.826119826073E-1,-1.E2));
#13866=DIRECTION('',(0.E0,0.E0,-1.E0));
#13867=DIRECTION('',(-1.266537897450E-1,-9.919469832321E-1,0.E0));
#13868=AXIS2_PLACEMENT_3D('',#13865,#13866,#13867);
#13870=CARTESIAN_POINT('',(9.324336864897E0,-9.170344814348E-1,-1.E2));
#13871=DIRECTION('',(0.E0,0.E0,1.E0));
#13872=DIRECTION('',(9.919469832320E-1,1.266537897454E-1,0.E0));
#13873=AXIS2_PLACEMENT_3D('',#13870,#13871,#13872);
#13875=DIRECTION('',(-7.071067811863E-1,7.071067811868E-1,0.E0));
#13876=VECTOR('',#13875,6.968826008080E-1);
#13877=CARTESIAN_POINT('',(9.748600933609E0,-4.927704127223E-1,-1.E2));
#13878=LINE('',#13877,#13876);
#13879=DIRECTION('',(-1.E0,-1.228579249489E-14,0.E0));
#13880=VECTOR('',#13879,1.851166104177E1);
#13881=CARTESIAN_POINT('',(9.255830520887E0,1.137326200080E-13,-1.E2));
#13882=LINE('',#13881,#13880);
#13883=DIRECTION('',(-7.071067811864E-1,-7.071067811867E-1,0.E0));
#13884=VECTOR('',#13883,6.968826008092E-1);
#13885=CARTESIAN_POINT('',(-9.255830520887E0,-1.136978062869E-13,-1.E2));
#13886=LINE('',#13885,#13884);
#13887=CARTESIAN_POINT('',(-9.324336864897E0,-9.170344814344E-1,-1.E2));
#13888=DIRECTION('',(0.E0,0.E0,1.E0));
#13889=DIRECTION('',(-7.071067811902E-1,7.071067811829E-1,0.E0));
#13890=AXIS2_PLACEMENT_3D('',#13887,#13888,#13889);
#13892=CARTESIAN_POINT('',(-1.272671501739E1,-4.826119826073E-1,-1.E2));
#13893=DIRECTION('',(0.E0,0.E0,-1.E0));
#13894=DIRECTION('',(9.919469832321E-1,-1.266537897451E-1,0.E0));
#13895=AXIS2_PLACEMENT_3D('',#13892,#13893,#13894);
#13897=CARTESIAN_POINT('',(-1.229229251857E1,-3.884990135103E0,-1.E2));
#13898=DIRECTION('',(0.E0,0.E0,1.E0));
#13899=DIRECTION('',(-1.266537897455E-1,9.919469832320E-1,0.E0));
#13900=AXIS2_PLACEMENT_3D('',#13897,#13898,#13899);
#13902=DIRECTION('',(-7.071067811864E-1,-7.071067811867E-1,0.E0));
#13903=VECTOR('',#13902,1.566534943384E0);
#13904=CARTESIAN_POINT('',(-1.271655658728E1,-3.460726066392E0,-1.E2));
#13905=LINE('',#13904,#13903);
#13906=CARTESIAN_POINT('',(-1.34E1,-4.992697616537E0,-1.E2));
#13907=DIRECTION('',(0.E0,0.E0,1.E0));
#13908=DIRECTION('',(-7.071067811853E-1,7.071067811878E-1,0.E0));
#13909=AXIS2_PLACEMENT_3D('',#13906,#13907,#13908);
#13911=DIRECTION('',(0.E0,-1.E0,0.E0));
#13912=VECTOR('',#13911,2.020454791239E0);
#13913=CARTESIAN_POINT('',(-1.4E1,-4.992697616538E0,-1.E2));
#13914=LINE('',#13913,#13912);
#13915=CARTESIAN_POINT('',(-1.34E1,-7.013152407778E0,-1.E2));
#13916=DIRECTION('',(0.E0,0.E0,1.E0));
#13917=DIRECTION('',(-1.E0,4.791722574282E-12,0.E0));
#13918=AXIS2_PLACEMENT_3D('',#13915,#13916,#13917);
#13920=DIRECTION('',(7.071067811864E-1,-7.071067811867E-1,0.E0));
#13921=VECTOR('',#13920,1.557457975504E0);
#13922=CARTESIAN_POINT('',(-1.382426406871E1,-7.437416476490E0,-1.E2));
#13923=LINE('',#13922,#13921);
#13924=CARTESIAN_POINT('',(-1.229871090411E1,-8.114441503670E0,-1.E2));
#13925=DIRECTION('',(0.E0,0.E0,1.E0));
#13926=DIRECTION('',(-7.071067811840E-1,-7.071067811891E-1,0.E0));
#13927=AXIS2_PLACEMENT_3D('',#13924,#13925,#13926);
#13929=CARTESIAN_POINT('',(-1.272671501739E1,-1.151763301739E1,-1.E2));
#13930=DIRECTION('',(0.E0,0.E0,-1.E0));
#13931=DIRECTION('',(1.247825403159E-1,9.921841147853E-1,0.E0));
#13932=AXIS2_PLACEMENT_3D('',#13929,#13930,#13931);
#13934=CARTESIAN_POINT('',(-9.323523503670E0,-1.108962890411E1,-1.E2));
#13935=DIRECTION('',(0.E0,0.E0,1.E0));
#13936=DIRECTION('',(-9.921841147853E-1,-1.247825403159E-1,0.E0));
#13937=AXIS2_PLACEMENT_3D('',#13934,#13935,#13936);
#13939=DIRECTION('',(7.071067811863E-1,-7.071067811868E-1,0.E0));
#13940=VECTOR('',#13939,3.018964080252E-1);
#13941=CARTESIAN_POINT('',(-9.747787572381E0,-1.151389297282E1,-1.E2));
#13942=LINE('',#13941,#13940);
#13943=CARTESIAN_POINT('',(-1.01E1,-1.229305139510E1,-1.E2));
#13944=DIRECTION('',(0.E0,0.E0,-1.E0));
#13945=DIRECTION('',(7.071067811875E-1,7.071067811856E-1,0.E0));
#13946=AXIS2_PLACEMENT_3D('',#13943,#13944,#13945);
#13948=DIRECTION('',(4.613231868764E-14,-1.E0,0.E0));
#13949=VECTOR('',#13948,3.234478100265E0);
#13950=CARTESIAN_POINT('',(-9.3E0,-1.229305139510E1,-1.E2));
#13951=LINE('',#13950,#13949);
#13952=CARTESIAN_POINT('',(-1.01E1,-1.552752949536E1,-1.E2));
#13953=DIRECTION('',(0.E0,0.E0,-1.E0));
#13954=DIRECTION('',(1.E0,-2.338129689861E-12,0.E0));
#13955=AXIS2_PLACEMENT_3D('',#13952,#13953,#13954);
#13957=DIRECTION('',(-7.071067811866E-1,-7.071067811865E-1,0.E0));
#13958=VECTOR('',#13957,5.984062043356E0);
#13959=CARTESIAN_POINT('',(-9.534314575051E0,-1.609321492031E1,-1.E2));
#13960=LINE('',#13959,#13958);
#13961=CARTESIAN_POINT('',(-1.32E1,-2.089027119516E1,-1.E2));
#13962=DIRECTION('',(0.E0,0.E0,1.E0));
#13963=DIRECTION('',(-7.071067811864E-1,7.071067811867E-1,0.E0));
#13964=AXIS2_PLACEMENT_3D('',#13961,#13962,#13963);
#13966=DIRECTION('',(-2.273513895843E-13,-1.E0,0.E0));
#13967=VECTOR('',#13966,3.609728804840E0);
#13968=CARTESIAN_POINT('',(-1.4E1,-2.089027119516E1,-1.E2));
#13969=LINE('',#13968,#13967);
#13970=DIRECTION('',(7.071067811865E-1,-7.071067811865E-1,0.E0));
#13971=VECTOR('',#13970,2.121320343560E0);
#13972=CARTESIAN_POINT('',(-1.4E1,-2.45E1,-1.E2));
#13973=LINE('',#13972,#13971);
#13974=DIRECTION('',(1.E0,0.E0,0.E0));
#13975=VECTOR('',#13974,4.75E0);
#13976=CARTESIAN_POINT('',(-1.25E1,-2.6E1,-1.E2));
#13977=LINE('',#13976,#13975);
#13978=DIRECTION('',(7.071067811865E-1,7.071067811866E-1,0.E0));
#13979=VECTOR('',#13978,7.071067811866E-1);
#13980=CARTESIAN_POINT('',(-7.75E0,-2.6E1,-1.E2));
#13981=LINE('',#13980,#13979);
#13982=DIRECTION('',(1.E0,0.E0,0.E0));
#13983=VECTOR('',#13982,1.2E0);
#13984=CARTESIAN_POINT('',(-7.25E0,-2.55E1,-1.E2));
#13985=LINE('',#13984,#13983);
#13986=DIRECTION('',(7.071067811869E-1,-7.071067811862E-1,0.E0));
#13987=VECTOR('',#13986,7.071067811869E-1);
#13988=CARTESIAN_POINT('',(-6.05E0,-2.55E1,-1.E2));
#13989=LINE('',#13988,#13987);
#13990=DIRECTION('',(1.E0,0.E0,0.E0));
#13991=VECTOR('',#13990,1.11E1);
#13992=CARTESIAN_POINT('',(-5.55E0,-2.6E1,-1.E2));
#13993=LINE('',#13992,#13991);
#13994=DIRECTION('',(7.071067811869E-1,7.071067811862E-1,0.E0));
#13995=VECTOR('',#13994,7.071067811869E-1);
#13996=CARTESIAN_POINT('',(5.55E0,-2.6E1,-1.E2));
#13997=LINE('',#13996,#13995);
#13998=DIRECTION('',(1.E0,0.E0,0.E0));
#13999=VECTOR('',#13998,1.2E0);
#14000=CARTESIAN_POINT('',(6.05E0,-2.55E1,-1.E2));
#14001=LINE('',#14000,#13999);
#14002=DIRECTION('',(7.071067811865E-1,-7.071067811866E-1,0.E0));
#14003=VECTOR('',#14002,7.071067811866E-1);
#14004=CARTESIAN_POINT('',(7.25E0,-2.55E1,-1.E2));
#14005=LINE('',#14004,#14003);
#14006=DIRECTION('',(1.E0,0.E0,0.E0));
#14007=VECTOR('',#14006,4.75E0);
#14008=CARTESIAN_POINT('',(7.75E0,-2.6E1,-1.E2));
#14009=LINE('',#14008,#14007);
#14010=DIRECTION('',(7.071067811866E-1,7.071067811865E-1,0.E0));
#14011=VECTOR('',#14010,2.121320343560E0);
#14012=CARTESIAN_POINT('',(1.25E1,-2.6E1,-1.E2));
#14013=LINE('',#14012,#14011);
#14014=DIRECTION('',(-1.673148754517E-14,1.E0,0.E0));
#14015=VECTOR('',#14014,3.609728804839E0);
#14016=CARTESIAN_POINT('',(1.4E1,-2.45E1,-1.E2));
#14017=LINE('',#14016,#14015);
#14018=CARTESIAN_POINT('',(1.32E1,-2.089027119516E1,-1.E2));
#14019=DIRECTION('',(0.E0,0.E0,1.E0));
#14020=DIRECTION('',(1.E0,-1.816324868287E-12,0.E0));
#14021=AXIS2_PLACEMENT_3D('',#14018,#14019,#14020);
#14023=DIRECTION('',(-7.071067811866E-1,7.071067811865E-1,0.E0));
#14024=VECTOR('',#14023,5.984062043356E0);
#14025=CARTESIAN_POINT('',(1.376568542495E1,-2.032458577021E1,-1.E2));
#14026=LINE('',#14025,#14024);
#14027=CARTESIAN_POINT('',(1.01E1,-1.552752949536E1,-1.E2));
#14028=DIRECTION('',(0.E0,0.E0,-1.E0));
#14029=DIRECTION('',(-7.071067811875E-1,-7.071067811856E-1,0.E0));
#14030=AXIS2_PLACEMENT_3D('',#14027,#14028,#14029);
#14032=DIRECTION('',(-1.867260518309E-13,1.E0,0.E0));
#14033=VECTOR('',#14032,3.234478100265E0);
#14034=CARTESIAN_POINT('',(9.3E0,-1.552752949536E1,-1.E2));
#14035=LINE('',#14034,#14033);
#14036=CARTESIAN_POINT('',(1.01E1,-1.229305139510E1,-1.E2));
#14037=DIRECTION('',(0.E0,0.E0,-1.E0));
#14038=DIRECTION('',(-1.E0,2.631228568362E-12,0.E0));
#14039=AXIS2_PLACEMENT_3D('',#14036,#14037,#14038);
#14041=DIRECTION('',(7.071067811879E-1,7.071067811852E-1,0.E0));
#14042=VECTOR('',#14041,3.018964080269E-1);
#14043=CARTESIAN_POINT('',(9.534314575050E0,-1.172736597015E1,-1.E2));
#14044=LINE('',#14043,#14042);
#14045=CARTESIAN_POINT('',(9.323523503670E0,-1.108962890411E1,-1.E2));
#14046=DIRECTION('',(0.E0,0.E0,1.E0));
#14047=DIRECTION('',(7.071067811910E-1,-7.071067811821E-1,0.E0));
#14048=AXIS2_PLACEMENT_3D('',#14045,#14046,#14047);
#14050=CARTESIAN_POINT('',(1.272671501739E1,-1.151763301739E1,-1.E2));
#14051=DIRECTION('',(0.E0,0.E0,-1.E0));
#14052=DIRECTION('',(-9.921841147853E-1,1.247825403158E-1,0.E0));
#14053=AXIS2_PLACEMENT_3D('',#14050,#14051,#14052);
#14055=CARTESIAN_POINT('',(1.229871090411E1,-8.114441503670E0,-1.E2));
#14056=DIRECTION('',(0.E0,0.E0,1.E0));
#14057=DIRECTION('',(1.247825403162E-1,-9.921841147853E-1,0.E0));
#14058=AXIS2_PLACEMENT_3D('',#14055,#14056,#14057);
#14060=DIRECTION('',(7.071067811865E-1,7.071067811865E-1,0.E0));
#14061=VECTOR('',#14060,1.557457975505E0);
#14062=CARTESIAN_POINT('',(1.272297497282E1,-8.538705572382E0,-1.E2));
#14063=LINE('',#14062,#14061);
#14064=CARTESIAN_POINT('',(1.34E1,-7.013152407778E0,-1.E2));
#14065=DIRECTION('',(0.E0,0.E0,1.E0));
#14066=DIRECTION('',(7.071067811889E-1,-7.071067811842E-1,0.E0));
#14067=AXIS2_PLACEMENT_3D('',#14064,#14065,#14066);
#14069=DIRECTION('',(-7.473086356769E-14,1.E0,0.E0));
#14070=VECTOR('',#14069,2.020454791242E0);
#14071=CARTESIAN_POINT('',(1.4E1,-7.013152407779E0,-1.E2));
#14072=LINE('',#14071,#14070);
#14073=CARTESIAN_POINT('',(1.34E1,-4.992697616537E0,-1.E2));
#14074=DIRECTION('',(0.E0,0.E0,1.E0));
#14075=DIRECTION('',(1.E0,1.239008895482E-12,0.E0));
#14076=AXIS2_PLACEMENT_3D('',#14073,#14074,#14075);
#14078=DIRECTION('',(0.E0,0.E0,1.E0));
#14079=VECTOR('',#14078,2.E2);
#14080=CARTESIAN_POINT('',(1.382426406871E1,-4.568433547825E0,-1.E2));
#14081=LINE('',#14080,#14079);
#14082=DIRECTION('',(0.E0,0.E0,1.E0));
#14083=VECTOR('',#14082,2.E2);
#14084=CARTESIAN_POINT('',(1.4E1,-4.992697616537E0,-1.E2));
#14085=LINE('',#14084,#14083);
#14086=DIRECTION('',(0.E0,0.E0,1.E0));
#14087=VECTOR('',#14086,2.E2);
#14088=CARTESIAN_POINT('',(1.4E1,-7.013152407779E0,-1.E2));
#14089=LINE('',#14088,#14087);
#14090=DIRECTION('',(0.E0,0.E0,1.E0));
#14091=VECTOR('',#14090,2.E2);
#14092=CARTESIAN_POINT('',(1.382426406871E1,-7.437416476489E0,-1.E2));
#14093=LINE('',#14092,#14091);
#14094=DIRECTION('',(0.E0,0.E0,1.E0));
#14095=VECTOR('',#14094,2.E2);
#14096=CARTESIAN_POINT('',(1.272297497282E1,-8.538705572382E0,-1.E2));
#14097=LINE('',#14096,#14095);
#14098=DIRECTION('',(0.E0,0.E0,1.E0));
#14099=VECTOR('',#14098,2.E2);
#14100=CARTESIAN_POINT('',(1.237358042830E1,-8.709751972546E0,-1.E2));
#14101=LINE('',#14100,#14099);
#14102=DIRECTION('',(0.E0,0.E0,1.E0));
#14103=VECTOR('',#14102,2.E2);
#14104=CARTESIAN_POINT('',(9.918833972546E0,-1.116449842830E1,-1.E2));
#14105=LINE('',#14104,#14103);
#14106=DIRECTION('',(0.E0,0.E0,1.E0));
#14107=VECTOR('',#14106,2.E2);
#14108=CARTESIAN_POINT('',(9.747787572382E0,-1.151389297282E1,-1.E2));
#14109=LINE('',#14108,#14107);
#14110=DIRECTION('',(0.E0,0.E0,1.E0));
#14111=VECTOR('',#14110,2.E2);
#14112=CARTESIAN_POINT('',(9.534314575050E0,-1.172736597015E1,-1.E2));
#14113=LINE('',#14112,#14111);
#14114=DIRECTION('',(0.E0,0.E0,1.E0));
#14115=VECTOR('',#14114,2.E2);
#14116=CARTESIAN_POINT('',(9.3E0,-1.229305139510E1,-1.E2));
#14117=LINE('',#14116,#14115);
#14118=DIRECTION('',(0.E0,0.E0,1.E0));
#14119=VECTOR('',#14118,2.E2);
#14120=CARTESIAN_POINT('',(9.3E0,-1.552752949536E1,-1.E2));
#14121=LINE('',#14120,#14119);
#14122=DIRECTION('',(0.E0,0.E0,1.E0));
#14123=VECTOR('',#14122,2.E2);
#14124=CARTESIAN_POINT('',(9.534314575051E0,-1.609321492031E1,-1.E2));
#14125=LINE('',#14124,#14123);
#14126=DIRECTION('',(0.E0,0.E0,1.E0));
#14127=VECTOR('',#14126,2.E2);
#14128=CARTESIAN_POINT('',(1.376568542495E1,-2.032458577021E1,-1.E2));
#14129=LINE('',#14128,#14127);
#14130=DIRECTION('',(0.E0,0.E0,1.E0));
#14131=VECTOR('',#14130,2.E2);
#14132=CARTESIAN_POINT('',(1.4E1,-2.089027119516E1,-1.E2));
#14133=LINE('',#14132,#14131);
#14134=DIRECTION('',(0.E0,0.E0,1.E0));
#14135=VECTOR('',#14134,2.E2);
#14136=CARTESIAN_POINT('',(1.4E1,-2.45E1,-1.E2));
#14137=LINE('',#14136,#14135);
#14138=DIRECTION('',(0.E0,0.E0,1.E0));
#14139=VECTOR('',#14138,2.E2);
#14140=CARTESIAN_POINT('',(1.25E1,-2.6E1,-1.E2));
#14141=LINE('',#14140,#14139);
#14142=DIRECTION('',(0.E0,0.E0,1.E0));
#14143=VECTOR('',#14142,2.E2);
#14144=CARTESIAN_POINT('',(7.75E0,-2.6E1,-1.E2));
#14145=LINE('',#14144,#14143);
#14146=DIRECTION('',(0.E0,0.E0,1.E0));
#14147=VECTOR('',#14146,2.E2);
#14148=CARTESIAN_POINT('',(7.25E0,-2.55E1,-1.E2));
#14149=LINE('',#14148,#14147);
#14150=DIRECTION('',(0.E0,0.E0,1.E0));
#14151=VECTOR('',#14150,2.E2);
#14152=CARTESIAN_POINT('',(6.05E0,-2.55E1,-1.E2));
#14153=LINE('',#14152,#14151);
#14154=DIRECTION('',(0.E0,0.E0,1.E0));
#14155=VECTOR('',#14154,2.E2);
#14156=CARTESIAN_POINT('',(5.55E0,-2.6E1,-1.E2));
#14157=LINE('',#14156,#14155);
#14158=DIRECTION('',(0.E0,0.E0,1.E0));
#14159=VECTOR('',#14158,2.E2);
#14160=CARTESIAN_POINT('',(-5.55E0,-2.6E1,-1.E2));
#14161=LINE('',#14160,#14159);
#14162=CARTESIAN_POINT('',(3.193878705243E-13,-2.6E1,0.E0));
#14163=DIRECTION('',(-1.228414886632E-14,1.E0,0.E0));
#14164=DIRECTION('',(-1.E0,-1.263187085796E-14,0.E0));
#14165=AXIS2_PLACEMENT_3D('',#14162,#14163,#14164);
#14167=CARTESIAN_POINT('',(3.193878705243E-13,-2.6E1,0.E0));
#14168=DIRECTION('',(-1.228414886632E-14,1.E0,0.E0));
#14169=DIRECTION('',(1.E0,1.263187085796E-14,0.E0));
#14170=AXIS2_PLACEMENT_3D('',#14167,#14168,#14169);
#14172=CARTESIAN_POINT('',(3.193878705243E-13,-2.6E1,8.E1));
#14173=DIRECTION('',(-1.228414886632E-14,1.E0,0.E0));
#14174=DIRECTION('',(-1.E0,-1.263187085796E-14,0.E0));
#14175=AXIS2_PLACEMENT_3D('',#14172,#14173,#14174);
#14177=CARTESIAN_POINT('',(3.193878705243E-13,-2.6E1,8.E1));
#14178=DIRECTION('',(-1.228414886632E-14,1.E0,0.E0));
#14179=DIRECTION('',(1.E0,1.263187085796E-14,0.E0));
#14180=AXIS2_PLACEMENT_3D('',#14177,#14178,#14179);
#14182=CARTESIAN_POINT('',(3.193878705243E-13,-2.6E1,-8.E1));
#14183=DIRECTION('',(-1.228414886632E-14,1.E0,0.E0));
#14184=DIRECTION('',(-1.E0,-1.263187085796E-14,0.E0));
#14185=AXIS2_PLACEMENT_3D('',#14182,#14183,#14184);
#14187=CARTESIAN_POINT('',(3.193878705243E-13,-2.6E1,-8.E1));
#14188=DIRECTION('',(-1.228414886632E-14,1.E0,0.E0));
#14189=DIRECTION('',(1.E0,1.263187085796E-14,0.E0));
#14190=AXIS2_PLACEMENT_3D('',#14187,#14188,#14189);
#14192=DIRECTION('',(0.E0,0.E0,1.E0));
#14193=VECTOR('',#14192,2.E2);
#14194=CARTESIAN_POINT('',(-6.05E0,-2.55E1,-1.E2));
#14195=LINE('',#14194,#14193);
#14196=DIRECTION('',(0.E0,0.E0,1.E0));
#14197=VECTOR('',#14196,2.E2);
#14198=CARTESIAN_POINT('',(-7.25E0,-2.55E1,-1.E2));
#14199=LINE('',#14198,#14197);
#14200=DIRECTION('',(0.E0,0.E0,1.E0));
#14201=VECTOR('',#14200,2.E2);
#14202=CARTESIAN_POINT('',(-7.75E0,-2.6E1,-1.E2));
#14203=LINE('',#14202,#14201);
#14204=DIRECTION('',(0.E0,0.E0,1.E0));
#14205=VECTOR('',#14204,2.E2);
#14206=CARTESIAN_POINT('',(-1.25E1,-2.6E1,-1.E2));
#14207=LINE('',#14206,#14205);
#14208=DIRECTION('',(0.E0,0.E0,1.E0));
#14209=VECTOR('',#14208,2.E2);
#14210=CARTESIAN_POINT('',(-1.4E1,-2.45E1,-1.E2));
#14211=LINE('',#14210,#14209);
#14212=DIRECTION('',(0.E0,0.E0,1.E0));
#14213=VECTOR('',#14212,2.E2);
#14214=CARTESIAN_POINT('',(-1.4E1,-2.089027119516E1,-1.E2));
#14215=LINE('',#14214,#14213);
#14216=DIRECTION('',(0.E0,0.E0,1.E0));
#14217=VECTOR('',#14216,2.E2);
#14218=CARTESIAN_POINT('',(-1.376568542495E1,-2.032458577021E1,-1.E2));
#14219=LINE('',#14218,#14217);
#14220=DIRECTION('',(0.E0,0.E0,1.E0));
#14221=VECTOR('',#14220,2.E2);
#14222=CARTESIAN_POINT('',(-9.534314575051E0,-1.609321492031E1,-1.E2));
#14223=LINE('',#14222,#14221);
#14224=DIRECTION('',(0.E0,0.E0,1.E0));
#14225=VECTOR('',#14224,2.E2);
#14226=CARTESIAN_POINT('',(-9.3E0,-1.552752949537E1,-1.E2));
#14227=LINE('',#14226,#14225);
#14228=DIRECTION('',(0.E0,0.E0,1.E0));
#14229=VECTOR('',#14228,2.E2);
#14230=CARTESIAN_POINT('',(-9.3E0,-1.229305139510E1,-1.E2));
#14231=LINE('',#14230,#14229);
#14232=DIRECTION('',(0.E0,0.E0,1.E0));
#14233=VECTOR('',#14232,2.E2);
#14234=CARTESIAN_POINT('',(-9.534314575051E0,-1.172736597015E1,-1.E2));
#14235=LINE('',#14234,#14233);
#14236=DIRECTION('',(0.E0,0.E0,1.E0));
#14237=VECTOR('',#14236,2.E2);
#14238=CARTESIAN_POINT('',(-9.747787572381E0,-1.151389297282E1,-1.E2));
#14239=LINE('',#14238,#14237);
#14240=DIRECTION('',(0.E0,0.E0,1.E0));
#14241=VECTOR('',#14240,2.E2);
#14242=CARTESIAN_POINT('',(-9.918833972546E0,-1.116449842830E1,-1.E2));
#14243=LINE('',#14242,#14241);
#14244=DIRECTION('',(0.E0,0.E0,1.E0));
#14245=VECTOR('',#14244,2.E2);
#14246=CARTESIAN_POINT('',(-1.237358042830E1,-8.709751972546E0,-1.E2));
#14247=LINE('',#14246,#14245);
#14248=DIRECTION('',(0.E0,0.E0,1.E0));
#14249=VECTOR('',#14248,2.E2);
#14250=CARTESIAN_POINT('',(-1.272297497282E1,-8.538705572382E0,-1.E2));
#14251=LINE('',#14250,#14249);
#14252=DIRECTION('',(0.E0,0.E0,1.E0));
#14253=VECTOR('',#14252,2.E2);
#14254=CARTESIAN_POINT('',(-1.382426406871E1,-7.437416476490E0,-1.E2));
#14255=LINE('',#14254,#14253);
#14256=DIRECTION('',(0.E0,0.E0,1.E0));
#14257=VECTOR('',#14256,2.E2);
#14258=CARTESIAN_POINT('',(-1.4E1,-7.013152407777E0,-1.E2));
#14259=LINE('',#14258,#14257);
#14260=DIRECTION('',(0.E0,0.E0,1.E0));
#14261=VECTOR('',#14260,2.E2);
#14262=CARTESIAN_POINT('',(-1.4E1,-4.992697616538E0,-1.E2));
#14263=LINE('',#14262,#14261);
#14264=DIRECTION('',(0.E0,0.E0,1.E0));
#14265=VECTOR('',#14264,2.E2);
#14266=CARTESIAN_POINT('',(-1.382426406871E1,-4.568433547825E0,-1.E2));
#14267=LINE('',#14266,#14265);
#14268=DIRECTION('',(0.E0,0.E0,1.E0));
#14269=VECTOR('',#14268,2.E2);
#14270=CARTESIAN_POINT('',(-1.271655658728E1,-3.460726066392E0,-1.E2));
#14271=LINE('',#14270,#14269);
#14272=DIRECTION('',(0.E0,0.E0,1.E0));
#14273=VECTOR('',#14272,2.E2);
#14274=CARTESIAN_POINT('',(-1.236828479241E1,-3.289821945159E0,-1.E2));
#14275=LINE('',#14274,#14273);
#14276=DIRECTION('',(0.E0,0.E0,1.E0));
#14277=VECTOR('',#14276,2.E2);
#14278=CARTESIAN_POINT('',(-9.919505054841E0,-8.410422075866E-1,-1.E2));
#14279=LINE('',#14278,#14277);
#14280=DIRECTION('',(0.E0,0.E0,1.E0));
#14281=VECTOR('',#14280,2.E2);
#14282=CARTESIAN_POINT('',(-9.748600933610E0,-4.927704127233E-1,-1.E2));
#14283=LINE('',#14282,#14281);
#14284=DIRECTION('',(0.E0,0.E0,1.E0));
#14285=VECTOR('',#14284,2.E2);
#14286=CARTESIAN_POINT('',(-9.255830520887E0,-1.136978062869E-13,-1.E2));
#14287=LINE('',#14286,#14285);
#14288=DIRECTION('',(0.E0,0.E0,1.E0));
#14289=VECTOR('',#14288,2.E2);
#14290=CARTESIAN_POINT('',(9.255830520887E0,1.137326200080E-13,-1.E2));
#14291=LINE('',#14290,#14289);
#14292=CARTESIAN_POINT('',(0.E0,0.E0,8.E1));
#14293=DIRECTION('',(-1.228414886632E-14,1.E0,0.E0));
#14294=DIRECTION('',(-1.E0,-1.228414886632E-14,0.E0));
#14295=AXIS2_PLACEMENT_3D('',#14292,#14293,#14294);
#14297=CARTESIAN_POINT('',(0.E0,0.E0,8.E1));
#14298=DIRECTION('',(-1.228414886632E-14,1.E0,0.E0));
#14299=DIRECTION('',(1.E0,1.228414886632E-14,0.E0));
#14300=AXIS2_PLACEMENT_3D('',#14297,#14298,#14299);
#14302=CARTESIAN_POINT('',(0.E0,0.E0,0.E0));
#14303=DIRECTION('',(-1.228414886632E-14,1.E0,0.E0));
#14304=DIRECTION('',(-1.E0,-1.228414886632E-14,0.E0));
#14305=AXIS2_PLACEMENT_3D('',#14302,#14303,#14304);
#14307=CARTESIAN_POINT('',(0.E0,0.E0,0.E0));
#14308=DIRECTION('',(-1.228414886632E-14,1.E0,0.E0));
#14309=DIRECTION('',(1.E0,1.228414886632E-14,0.E0));
#14310=AXIS2_PLACEMENT_3D('',#14307,#14308,#14309);
#14312=CARTESIAN_POINT('',(0.E0,0.E0,-8.E1));
#14313=DIRECTION('',(-1.228414886632E-14,1.E0,0.E0));
#14314=DIRECTION('',(-1.E0,-1.228414886632E-14,0.E0));
#14315=AXIS2_PLACEMENT_3D('',#14312,#14313,#14314);
#14317=CARTESIAN_POINT('',(0.E0,0.E0,-8.E1));
#14318=DIRECTION('',(-1.228414886632E-14,1.E0,0.E0));
#14319=DIRECTION('',(1.E0,1.228414886632E-14,0.E0));
#14320=AXIS2_PLACEMENT_3D('',#14317,#14318,#14319);
#14322=DIRECTION('',(0.E0,0.E0,1.E0));
#14323=VECTOR('',#14322,2.E2);
#14324=CARTESIAN_POINT('',(9.748600933609E0,-4.927704127223E-1,-1.E2));
#14325=LINE('',#14324,#14323);
#14326=DIRECTION('',(0.E0,0.E0,1.E0));
#14327=VECTOR('',#14326,2.E2);
#14328=CARTESIAN_POINT('',(9.919505054841E0,-8.410422075870E-1,-1.E2));
#14329=LINE('',#14328,#14327);
#14330=DIRECTION('',(0.E0,0.E0,1.E0));
#14331=VECTOR('',#14330,2.E2);
#14332=CARTESIAN_POINT('',(1.236828479241E1,-3.289821945159E0,-1.E2));
#14333=LINE('',#14332,#14331);
#14334=DIRECTION('',(0.E0,0.E0,1.E0));
#14335=VECTOR('',#14334,2.E2);
#14336=CARTESIAN_POINT('',(1.271655658728E1,-3.460726066391E0,-1.E2));
#14337=LINE('',#14336,#14335);
#14338=DIRECTION('',(-7.071067811865E-1,7.071067811865E-1,0.E0));
#14339=VECTOR('',#14338,1.566534943386E0);
#14340=CARTESIAN_POINT('',(1.382426406871E1,-4.568433547825E0,1.E2));
#14341=LINE('',#14340,#14339);
#14342=CARTESIAN_POINT('',(1.34E1,-4.992697616537E0,1.E2));
#14343=DIRECTION('',(0.E0,0.E0,1.E0));
#14344=DIRECTION('',(1.E0,1.239008895482E-12,0.E0));
#14345=AXIS2_PLACEMENT_3D('',#14342,#14343,#14344);
#14347=DIRECTION('',(-7.473086356769E-14,1.E0,0.E0));
#14348=VECTOR('',#14347,2.020454791242E0);
#14349=CARTESIAN_POINT('',(1.4E1,-7.013152407779E0,1.E2));
#14350=LINE('',#14349,#14348);
#14351=CARTESIAN_POINT('',(1.34E1,-7.013152407778E0,1.E2));
#14352=DIRECTION('',(0.E0,0.E0,1.E0));
#14353=DIRECTION('',(7.071067811889E-1,-7.071067811842E-1,0.E0));
#14354=AXIS2_PLACEMENT_3D('',#14351,#14352,#14353);
#14356=DIRECTION('',(7.071067811865E-1,7.071067811865E-1,0.E0));
#14357=VECTOR('',#14356,1.557457975505E0);
#14358=CARTESIAN_POINT('',(1.272297497282E1,-8.538705572382E0,1.E2));
#14359=LINE('',#14358,#14357);
#14360=CARTESIAN_POINT('',(1.229871090411E1,-8.114441503670E0,1.E2));
#14361=DIRECTION('',(0.E0,0.E0,1.E0));
#14362=DIRECTION('',(1.247825403162E-1,-9.921841147853E-1,0.E0));
#14363=AXIS2_PLACEMENT_3D('',#14360,#14361,#14362);
#14365=CARTESIAN_POINT('',(1.272671501739E1,-1.151763301739E1,1.E2));
#14366=DIRECTION('',(0.E0,0.E0,-1.E0));
#14367=DIRECTION('',(-9.921841147853E-1,1.247825403158E-1,0.E0));
#14368=AXIS2_PLACEMENT_3D('',#14365,#14366,#14367);
#14370=CARTESIAN_POINT('',(9.323523503670E0,-1.108962890411E1,1.E2));
#14371=DIRECTION('',(0.E0,0.E0,1.E0));
#14372=DIRECTION('',(7.071067811910E-1,-7.071067811821E-1,0.E0));
#14373=AXIS2_PLACEMENT_3D('',#14370,#14371,#14372);
#14375=DIRECTION('',(7.071067811879E-1,7.071067811852E-1,0.E0));
#14376=VECTOR('',#14375,3.018964080269E-1);
#14377=CARTESIAN_POINT('',(9.534314575050E0,-1.172736597015E1,1.E2));
#14378=LINE('',#14377,#14376);
#14379=CARTESIAN_POINT('',(1.01E1,-1.229305139510E1,1.E2));
#14380=DIRECTION('',(0.E0,0.E0,-1.E0));
#14381=DIRECTION('',(-1.E0,2.631228568362E-12,0.E0));
#14382=AXIS2_PLACEMENT_3D('',#14379,#14380,#14381);
#14384=DIRECTION('',(-1.867260518309E-13,1.E0,0.E0));
#14385=VECTOR('',#14384,3.234478100265E0);
#14386=CARTESIAN_POINT('',(9.3E0,-1.552752949536E1,1.E2));
#14387=LINE('',#14386,#14385);
#14388=CARTESIAN_POINT('',(1.01E1,-1.552752949536E1,1.E2));
#14389=DIRECTION('',(0.E0,0.E0,-1.E0));
#14390=DIRECTION('',(-7.071067811875E-1,-7.071067811856E-1,0.E0));
#14391=AXIS2_PLACEMENT_3D('',#14388,#14389,#14390);
#14393=DIRECTION('',(-7.071067811866E-1,7.071067811865E-1,0.E0));
#14394=VECTOR('',#14393,5.984062043356E0);
#14395=CARTESIAN_POINT('',(1.376568542495E1,-2.032458577021E1,1.E2));
#14396=LINE('',#14395,#14394);
#14397=CARTESIAN_POINT('',(1.32E1,-2.089027119516E1,1.E2));
#14398=DIRECTION('',(0.E0,0.E0,1.E0));
#14399=DIRECTION('',(1.E0,-1.816324868287E-12,0.E0));
#14400=AXIS2_PLACEMENT_3D('',#14397,#14398,#14399);
#14402=DIRECTION('',(-1.673148754517E-14,1.E0,0.E0));
#14403=VECTOR('',#14402,3.609728804839E0);
#14404=CARTESIAN_POINT('',(1.4E1,-2.45E1,1.E2));
#14405=LINE('',#14404,#14403);
#14406=DIRECTION('',(7.071067811866E-1,7.071067811865E-1,0.E0));
#14407=VECTOR('',#14406,2.121320343560E0);
#14408=CARTESIAN_POINT('',(1.25E1,-2.6E1,1.E2));
#14409=LINE('',#14408,#14407);
#14410=DIRECTION('',(1.E0,0.E0,0.E0));
#14411=VECTOR('',#14410,4.75E0);
#14412=CARTESIAN_POINT('',(7.75E0,-2.6E1,1.E2));
#14413=LINE('',#14412,#14411);
#14414=DIRECTION('',(7.071067811865E-1,-7.071067811866E-1,0.E0));
#14415=VECTOR('',#14414,7.071067811866E-1);
#14416=CARTESIAN_POINT('',(7.25E0,-2.55E1,1.E2));
#14417=LINE('',#14416,#14415);
#14418=DIRECTION('',(1.E0,0.E0,0.E0));
#14419=VECTOR('',#14418,1.2E0);
#14420=CARTESIAN_POINT('',(6.05E0,-2.55E1,1.E2));
#14421=LINE('',#14420,#14419);
#14422=DIRECTION('',(7.071067811869E-1,7.071067811862E-1,0.E0));
#14423=VECTOR('',#14422,7.071067811869E-1);
#14424=CARTESIAN_POINT('',(5.55E0,-2.6E1,1.E2));
#14425=LINE('',#14424,#14423);
#14426=DIRECTION('',(1.E0,0.E0,0.E0));
#14427=VECTOR('',#14426,1.11E1);
#14428=CARTESIAN_POINT('',(-5.55E0,-2.6E1,1.E2));
#14429=LINE('',#14428,#14427);
#14430=DIRECTION('',(7.071067811869E-1,-7.071067811862E-1,0.E0));
#14431=VECTOR('',#14430,7.071067811869E-1);
#14432=CARTESIAN_POINT('',(-6.05E0,-2.55E1,1.E2));
#14433=LINE('',#14432,#14431);
#14434=DIRECTION('',(1.E0,0.E0,0.E0));
#14435=VECTOR('',#14434,1.2E0);
#14436=CARTESIAN_POINT('',(-7.25E0,-2.55E1,1.E2));
#14437=LINE('',#14436,#14435);
#14438=DIRECTION('',(7.071067811865E-1,7.071067811866E-1,0.E0));
#14439=VECTOR('',#14438,7.071067811866E-1);
#14440=CARTESIAN_POINT('',(-7.75E0,-2.6E1,1.E2));
#14441=LINE('',#14440,#14439);
#14442=DIRECTION('',(1.E0,0.E0,0.E0));
#14443=VECTOR('',#14442,4.75E0);
#14444=CARTESIAN_POINT('',(-1.25E1,-2.6E1,1.E2));
#14445=LINE('',#14444,#14443);
#14446=DIRECTION('',(7.071067811865E-1,-7.071067811865E-1,0.E0));
#14447=VECTOR('',#14446,2.121320343560E0);
#14448=CARTESIAN_POINT('',(-1.4E1,-2.45E1,1.E2));
#14449=LINE('',#14448,#14447);
#14450=DIRECTION('',(-2.273513895843E-13,-1.E0,0.E0));
#14451=VECTOR('',#14450,3.609728804840E0);
#14452=CARTESIAN_POINT('',(-1.4E1,-2.089027119516E1,1.E2));
#14453=LINE('',#14452,#14451);
#14454=CARTESIAN_POINT('',(-1.32E1,-2.089027119516E1,1.E2));
#14455=DIRECTION('',(0.E0,0.E0,1.E0));
#14456=DIRECTION('',(-7.071067811864E-1,7.071067811867E-1,0.E0));
#14457=AXIS2_PLACEMENT_3D('',#14454,#14455,#14456);
#14459=DIRECTION('',(-7.071067811866E-1,-7.071067811865E-1,0.E0));
#14460=VECTOR('',#14459,5.984062043356E0);
#14461=CARTESIAN_POINT('',(-9.534314575051E0,-1.609321492031E1,1.E2));
#14462=LINE('',#14461,#14460);
#14463=CARTESIAN_POINT('',(-1.01E1,-1.552752949536E1,1.E2));
#14464=DIRECTION('',(0.E0,0.E0,-1.E0));
#14465=DIRECTION('',(1.E0,-2.338129689861E-12,0.E0));
#14466=AXIS2_PLACEMENT_3D('',#14463,#14464,#14465);
#14468=DIRECTION('',(4.613231868764E-14,-1.E0,0.E0));
#14469=VECTOR('',#14468,3.234478100265E0);
#14470=CARTESIAN_POINT('',(-9.3E0,-1.229305139510E1,1.E2));
#14471=LINE('',#14470,#14469);
#14472=CARTESIAN_POINT('',(-1.01E1,-1.229305139510E1,1.E2));
#14473=DIRECTION('',(0.E0,0.E0,-1.E0));
#14474=DIRECTION('',(7.071067811875E-1,7.071067811856E-1,0.E0));
#14475=AXIS2_PLACEMENT_3D('',#14472,#14473,#14474);
#14477=DIRECTION('',(7.071067811863E-1,-7.071067811868E-1,0.E0));
#14478=VECTOR('',#14477,3.018964080252E-1);
#14479=CARTESIAN_POINT('',(-9.747787572381E0,-1.151389297282E1,1.E2));
#14480=LINE('',#14479,#14478);
#14481=CARTESIAN_POINT('',(-9.323523503670E0,-1.108962890411E1,1.E2));
#14482=DIRECTION('',(0.E0,0.E0,1.E0));
#14483=DIRECTION('',(-9.921841147853E-1,-1.247825403159E-1,0.E0));
#14484=AXIS2_PLACEMENT_3D('',#14481,#14482,#14483);
#14486=CARTESIAN_POINT('',(-1.272671501739E1,-1.151763301739E1,1.E2));
#14487=DIRECTION('',(0.E0,0.E0,-1.E0));
#14488=DIRECTION('',(1.247825403159E-1,9.921841147853E-1,0.E0));
#14489=AXIS2_PLACEMENT_3D('',#14486,#14487,#14488);
#14491=CARTESIAN_POINT('',(-1.229871090411E1,-8.114441503670E0,1.E2));
#14492=DIRECTION('',(0.E0,0.E0,1.E0));
#14493=DIRECTION('',(-7.071067811840E-1,-7.071067811891E-1,0.E0));
#14494=AXIS2_PLACEMENT_3D('',#14491,#14492,#14493);
#14496=DIRECTION('',(7.071067811864E-1,-7.071067811867E-1,0.E0));
#14497=VECTOR('',#14496,1.557457975504E0);
#14498=CARTESIAN_POINT('',(-1.382426406871E1,-7.437416476490E0,1.E2));
#14499=LINE('',#14498,#14497);
#14500=CARTESIAN_POINT('',(-1.34E1,-7.013152407778E0,1.E2));
#14501=DIRECTION('',(0.E0,0.E0,1.E0));
#14502=DIRECTION('',(-1.E0,4.791722574282E-12,0.E0));
#14503=AXIS2_PLACEMENT_3D('',#14500,#14501,#14502);
#14505=DIRECTION('',(0.E0,-1.E0,0.E0));
#14506=VECTOR('',#14505,2.020454791239E0);
#14507=CARTESIAN_POINT('',(-1.4E1,-4.992697616538E0,1.E2));
#14508=LINE('',#14507,#14506);
#14509=CARTESIAN_POINT('',(-1.34E1,-4.992697616537E0,1.E2));
#14510=DIRECTION('',(0.E0,0.E0,1.E0));
#14511=DIRECTION('',(-7.071067811853E-1,7.071067811878E-1,0.E0));
#14512=AXIS2_PLACEMENT_3D('',#14509,#14510,#14511);
#14514=DIRECTION('',(-7.071067811864E-1,-7.071067811867E-1,0.E0));
#14515=VECTOR('',#14514,1.566534943384E0);
#14516=CARTESIAN_POINT('',(-1.271655658728E1,-3.460726066392E0,1.E2));
#14517=LINE('',#14516,#14515);
#14518=CARTESIAN_POINT('',(-1.229229251857E1,-3.884990135103E0,1.E2));
#14519=DIRECTION('',(0.E0,0.E0,1.E0));
#14520=DIRECTION('',(-1.266537897455E-1,9.919469832320E-1,0.E0));
#14521=AXIS2_PLACEMENT_3D('',#14518,#14519,#14520);
#14523=CARTESIAN_POINT('',(-1.272671501739E1,-4.826119826073E-1,1.E2));
#14524=DIRECTION('',(0.E0,0.E0,-1.E0));
#14525=DIRECTION('',(9.919469832321E-1,-1.266537897451E-1,0.E0));
#14526=AXIS2_PLACEMENT_3D('',#14523,#14524,#14525);
#14528=CARTESIAN_POINT('',(-9.324336864897E0,-9.170344814344E-1,1.E2));
#14529=DIRECTION('',(0.E0,0.E0,1.E0));
#14530=DIRECTION('',(-7.071067811902E-1,7.071067811829E-1,0.E0));
#14531=AXIS2_PLACEMENT_3D('',#14528,#14529,#14530);
#14533=DIRECTION('',(-7.071067811864E-1,-7.071067811867E-1,0.E0));
#14534=VECTOR('',#14533,6.968826008092E-1);
#14535=CARTESIAN_POINT('',(-9.255830520887E0,-1.136978062869E-13,1.E2));
#14536=LINE('',#14535,#14534);
#14537=DIRECTION('',(-1.E0,-1.228579249489E-14,0.E0));
#14538=VECTOR('',#14537,1.851166104177E1);
#14539=CARTESIAN_POINT('',(9.255830520887E0,1.137326200080E-13,1.E2));
#14540=LINE('',#14539,#14538);
#14541=DIRECTION('',(-7.071067811863E-1,7.071067811868E-1,0.E0));
#14542=VECTOR('',#14541,6.968826008080E-1);
#14543=CARTESIAN_POINT('',(9.748600933609E0,-4.927704127223E-1,1.E2));
#14544=LINE('',#14543,#14542);
#14545=CARTESIAN_POINT('',(9.324336864897E0,-9.170344814348E-1,1.E2));
#14546=DIRECTION('',(0.E0,0.E0,1.E0));
#14547=DIRECTION('',(9.919469832320E-1,1.266537897454E-1,0.E0));
#14548=AXIS2_PLACEMENT_3D('',#14545,#14546,#14547);
#14550=CARTESIAN_POINT('',(1.272671501739E1,-4.826119826073E-1,1.E2));
#14551=DIRECTION('',(0.E0,0.E0,-1.E0));
#14552=DIRECTION('',(-1.266537897450E-1,-9.919469832321E-1,0.E0));
#14553=AXIS2_PLACEMENT_3D('',#14550,#14551,#14552);
#14555=CARTESIAN_POINT('',(1.229229251857E1,-3.884990135103E0,1.E2));
#14556=DIRECTION('',(0.E0,0.E0,1.E0));
#14557=DIRECTION('',(7.071067811874E-1,7.071067811857E-1,0.E0));
#14558=AXIS2_PLACEMENT_3D('',#14555,#14556,#14557);
#14560=DIRECTION('',(1.236048300749E-14,-1.E0,0.E0));
#14561=VECTOR('',#14560,1.2E1);
#14562=CARTESIAN_POINT('',(-7.E0,-8.598904206424E-14,8.E1));
#14563=LINE('',#14562,#14561);
#14564=DIRECTION('',(1.228646813919E-14,-1.E0,0.E0));
#14565=VECTOR('',#14564,1.2E1);
#14566=CARTESIAN_POINT('',(7.E0,8.598904206424E-14,8.E1));
#14567=LINE('',#14566,#14565);
#14568=CARTESIAN_POINT('',(1.474097863958E-13,-1.2E1,8.E1));
#14569=DIRECTION('',(-1.228414886632E-14,1.E0,0.E0));
#14570=DIRECTION('',(-1.E0,-1.218073261303E-14,0.E0));
#14571=AXIS2_PLACEMENT_3D('',#14568,#14569,#14570);
#14573=CARTESIAN_POINT('',(1.474097863958E-13,-1.2E1,8.E1));
#14574=DIRECTION('',(-1.228414886632E-14,1.E0,0.E0));
#14575=DIRECTION('',(1.E0,1.218073261303E-14,0.E0));
#14576=AXIS2_PLACEMENT_3D('',#14573,#14574,#14575);
#14578=CARTESIAN_POINT('',(1.474097863958E-13,-1.2E1,0.E0));
#14579=DIRECTION('',(-1.228414886632E-14,1.E0,0.E0));
#14580=DIRECTION('',(-1.E0,-1.218073261303E-14,0.E0));
#14581=AXIS2_PLACEMENT_3D('',#14578,#14579,#14580);
#14583=CARTESIAN_POINT('',(1.474097863958E-13,-1.2E1,0.E0));
#14584=DIRECTION('',(-1.228414886632E-14,1.E0,0.E0));
#14585=DIRECTION('',(1.E0,1.218073261303E-14,0.E0));
#14586=AXIS2_PLACEMENT_3D('',#14583,#14584,#14585);
#14588=CARTESIAN_POINT('',(1.474097863958E-13,-1.2E1,-8.E1));
#14589=DIRECTION('',(-1.228414886632E-14,1.E0,0.E0));
#14590=DIRECTION('',(-1.E0,-1.218073261303E-14,0.E0));
#14591=AXIS2_PLACEMENT_3D('',#14588,#14589,#14590);
#14593=CARTESIAN_POINT('',(1.474097863958E-13,-1.2E1,-8.E1));
#14594=DIRECTION('',(-1.228414886632E-14,1.E0,0.E0));
#14595=DIRECTION('',(1.E0,1.218073261303E-14,0.E0));
#14596=AXIS2_PLACEMENT_3D('',#14593,#14594,#14595);
#14598=DIRECTION('',(1.236048300749E-14,-1.E0,0.E0));
#14599=VECTOR('',#14598,1.2E1);
#14600=CARTESIAN_POINT('',(-7.E0,-8.598904206424E-14,0.E0));
#14601=LINE('',#14600,#14599);
#14602=DIRECTION('',(1.228646813919E-14,-1.E0,0.E0));
#14603=VECTOR('',#14602,1.2E1);
#14604=CARTESIAN_POINT('',(7.E0,8.598904206424E-14,0.E0));
#14605=LINE('',#14604,#14603);
#14606=DIRECTION('',(1.236048300749E-14,-1.E0,0.E0));
#14607=VECTOR('',#14606,1.2E1);
#14608=CARTESIAN_POINT('',(-7.E0,-8.598904206424E-14,-8.E1));
#14609=LINE('',#14608,#14607);
#14610=DIRECTION('',(1.228646813919E-14,-1.E0,0.E0));
#14611=VECTOR('',#14610,1.2E1);
#14612=CARTESIAN_POINT('',(7.E0,8.598904206424E-14,-8.E1));
#14613=LINE('',#14612,#14611);
#14614=CARTESIAN_POINT('',(1.474097863958E-13,-1.2E1,0.E0));
#14615=DIRECTION('',(-1.228414886632E-14,1.E0,0.E0));
#14616=DIRECTION('',(-1.E0,-1.223712489365E-14,0.E0));
#14617=AXIS2_PLACEMENT_3D('',#14614,#14615,#14616);
#14619=DIRECTION('',(1.224417392872E-14,-1.E0,0.E0));
#14620=VECTOR('',#14619,1.4E1);
#14621=CARTESIAN_POINT('',(-4.5E0,-1.2E1,0.E0));
#14622=LINE('',#14621,#14620);
#14623=CARTESIAN_POINT('',(1.474097863958E-13,-1.2E1,0.E0));
#14624=DIRECTION('',(-1.228414886632E-14,1.E0,0.E0));
#14625=DIRECTION('',(1.E0,1.223712489365E-14,0.E0));
#14626=AXIS2_PLACEMENT_3D('',#14623,#14624,#14625);
#14628=DIRECTION('',(1.230761524442E-14,-1.E0,0.E0));
#14629=VECTOR('',#14628,1.4E1);
#14630=CARTESIAN_POINT('',(4.5E0,-1.2E1,0.E0));
#14631=LINE('',#14630,#14629);
#14632=CARTESIAN_POINT('',(1.474097863958E-13,-1.2E1,8.E1));
#14633=DIRECTION('',(-1.228414886632E-14,1.E0,0.E0));
#14634=DIRECTION('',(-1.E0,-1.223712489365E-14,0.E0));
#14635=AXIS2_PLACEMENT_3D('',#14632,#14633,#14634);
#14637=DIRECTION('',(1.224417392872E-14,-1.E0,0.E0));
#14638=VECTOR('',#14637,1.4E1);
#14639=CARTESIAN_POINT('',(-4.5E0,-1.2E1,8.E1));
#14640=LINE('',#14639,#14638);
#14641=CARTESIAN_POINT('',(1.474097863958E-13,-1.2E1,8.E1));
#14642=DIRECTION('',(-1.228414886632E-14,1.E0,0.E0));
#14643=DIRECTION('',(1.E0,1.223712489365E-14,0.E0));
#14644=AXIS2_PLACEMENT_3D('',#14641,#14642,#14643);
#14646=DIRECTION('',(1.230761524442E-14,-1.E0,0.E0));
#14647=VECTOR('',#14646,1.4E1);
#14648=CARTESIAN_POINT('',(4.5E0,-1.2E1,8.E1));
#14649=LINE('',#14648,#14647);
#14650=CARTESIAN_POINT('',(1.474097863958E-13,-1.2E1,-8.E1));
#14651=DIRECTION('',(-1.228414886632E-14,1.E0,0.E0));
#14652=DIRECTION('',(-1.E0,-1.223712489365E-14,0.E0));
#14653=AXIS2_PLACEMENT_3D('',#14650,#14651,#14652);
#14655=DIRECTION('',(1.224417392872E-14,-1.E0,0.E0));
#14656=VECTOR('',#14655,1.4E1);
#14657=CARTESIAN_POINT('',(-4.5E0,-1.2E1,-8.E1));
#14658=LINE('',#14657,#14656);
#14659=CARTESIAN_POINT('',(1.474097863958E-13,-1.2E1,-8.E1));
#14660=DIRECTION('',(-1.228414886632E-14,1.E0,0.E0));
#14661=DIRECTION('',(1.E0,1.223712489365E-14,0.E0));
#14662=AXIS2_PLACEMENT_3D('',#14659,#14660,#14661);
#14664=DIRECTION('',(1.230761524442E-14,-1.E0,0.E0));
#14665=VECTOR('',#14664,1.4E1);
#14666=CARTESIAN_POINT('',(4.5E0,-1.2E1,-8.E1));
#14667=LINE('',#14666,#14665);
#14668=CARTESIAN_POINT('',(1.382426406871E1,-4.568433547825E0,-1.E2));
#14669=CARTESIAN_POINT('',(1.271655658728E1,-3.460726066391E0,-1.E2));
#14670=VERTEX_POINT('',#14668);
#14671=VERTEX_POINT('',#14669);
#14672=CARTESIAN_POINT('',(1.236828479241E1,-3.289821945164E0,-1.E2));
#14673=VERTEX_POINT('',#14672);
#14674=CARTESIAN_POINT('',(9.919505054846E0,-8.410422075863E-1,-1.E2));
#14675=VERTEX_POINT('',#14674);
#14676=CARTESIAN_POINT('',(9.748600933608E0,-4.927704127215E-1,-1.E2));
#14677=VERTEX_POINT('',#14676);
#14678=CARTESIAN_POINT('',(9.255830520887E0,1.137423488728E-13,-1.E2));
#14679=VERTEX_POINT('',#14678);
#14680=CARTESIAN_POINT('',(-9.255830520887E0,-1.136978062869E-13,-1.E2));
#14681=VERTEX_POINT('',#14680);
#14682=CARTESIAN_POINT('',(-9.748600933610E0,-4.927704127233E-1,-1.E2));
#14683=VERTEX_POINT('',#14682);
#14684=CARTESIAN_POINT('',(-9.919505054837E0,-8.410422075872E-1,-1.E2));
#14685=VERTEX_POINT('',#14684);
#14686=CARTESIAN_POINT('',(-1.236828479241E1,-3.289821945154E0,-1.E2));
#14687=VERTEX_POINT('',#14686);
#14688=CARTESIAN_POINT('',(-1.271655658728E1,-3.460726066394E0,-1.E2));
#14689=VERTEX_POINT('',#14688);
#14690=CARTESIAN_POINT('',(-1.382426406871E1,-4.568433547825E0,-1.E2));
#14691=VERTEX_POINT('',#14690);
#14692=CARTESIAN_POINT('',(-1.4E1,-4.992697616540E0,-1.E2));
#14693=VERTEX_POINT('',#14692);
#14694=CARTESIAN_POINT('',(-1.4E1,-7.013152407777E0,-1.E2));
#14695=VERTEX_POINT('',#14694);
#14696=CARTESIAN_POINT('',(-1.382426406871E1,-7.437416476490E0,-1.E2));
#14697=VERTEX_POINT('',#14696);
#14698=CARTESIAN_POINT('',(-1.272297497282E1,-8.538705572382E0,-1.E2));
#14699=VERTEX_POINT('',#14698);
#14700=CARTESIAN_POINT('',(-1.237358042830E1,-8.709751972541E0,-1.E2));
#14701=VERTEX_POINT('',#14700);
#14702=CARTESIAN_POINT('',(-9.918833972551E0,-1.116449842830E1,-1.E2));
#14703=VERTEX_POINT('',#14702);
#14704=CARTESIAN_POINT('',(-9.747787572381E0,-1.151389297282E1,-1.E2));
#14705=VERTEX_POINT('',#14704);
#14706=CARTESIAN_POINT('',(-9.534314575051E0,-1.172736597015E1,-1.E2));
#14707=VERTEX_POINT('',#14706);
#14708=CARTESIAN_POINT('',(-9.3E0,-1.229305139510E1,-1.E2));
#14709=VERTEX_POINT('',#14708);
#14710=CARTESIAN_POINT('',(-9.3E0,-1.552752949537E1,-1.E2));
#14711=VERTEX_POINT('',#14710);
#14712=CARTESIAN_POINT('',(-9.534314575051E0,-1.609321492031E1,-1.E2));
#14713=VERTEX_POINT('',#14712);
#14714=CARTESIAN_POINT('',(-1.376568542495E1,-2.032458577021E1,-1.E2));
#14715=VERTEX_POINT('',#14714);
#14716=CARTESIAN_POINT('',(-1.4E1,-2.089027119516E1,-1.E2));
#14717=VERTEX_POINT('',#14716);
#14718=CARTESIAN_POINT('',(-1.4E1,-2.45E1,-1.E2));
#14719=VERTEX_POINT('',#14718);
#14720=CARTESIAN_POINT('',(-1.25E1,-2.6E1,-1.E2));
#14721=VERTEX_POINT('',#14720);
#14722=CARTESIAN_POINT('',(-7.75E0,-2.6E1,-1.E2));
#14723=VERTEX_POINT('',#14722);
#14724=CARTESIAN_POINT('',(-7.25E0,-2.55E1,-1.E2));
#14725=VERTEX_POINT('',#14724);
#14726=CARTESIAN_POINT('',(-6.05E0,-2.55E1,-1.E2));
#14727=VERTEX_POINT('',#14726);
#14728=CARTESIAN_POINT('',(-5.55E0,-2.6E1,-1.E2));
#14729=VERTEX_POINT('',#14728);
#14730=CARTESIAN_POINT('',(5.55E0,-2.6E1,-1.E2));
#14731=VERTEX_POINT('',#14730);
#14732=CARTESIAN_POINT('',(6.05E0,-2.55E1,-1.E2));
#14733=VERTEX_POINT('',#14732);
#14734=CARTESIAN_POINT('',(7.25E0,-2.55E1,-1.E2));
#14735=VERTEX_POINT('',#14734);
#14736=CARTESIAN_POINT('',(7.75E0,-2.6E1,-1.E2));
#14737=VERTEX_POINT('',#14736);
#14738=CARTESIAN_POINT('',(1.25E1,-2.6E1,-1.E2));
#14739=VERTEX_POINT('',#14738);
#14740=CARTESIAN_POINT('',(1.4E1,-2.45E1,-1.E2));
#14741=VERTEX_POINT('',#14740);
#14742=CARTESIAN_POINT('',(1.4E1,-2.089027119516E1,-1.E2));
#14743=VERTEX_POINT('',#14742);
#14744=CARTESIAN_POINT('',(1.376568542495E1,-2.032458577021E1,-1.E2));
#14745=VERTEX_POINT('',#14744);
#14746=CARTESIAN_POINT('',(9.534314575051E0,-1.609321492031E1,-1.E2));
#14747=VERTEX_POINT('',#14746);
#14748=CARTESIAN_POINT('',(9.3E0,-1.552752949536E1,-1.E2));
#14749=VERTEX_POINT('',#14748);
#14750=CARTESIAN_POINT('',(9.3E0,-1.229305139510E1,-1.E2));
#14751=VERTEX_POINT('',#14750);
#14752=CARTESIAN_POINT('',(9.534314575049E0,-1.172736597015E1,-1.E2));
#14753=VERTEX_POINT('',#14752);
#14754=CARTESIAN_POINT('',(9.747787572382E0,-1.151389297282E1,-1.E2));
#14755=VERTEX_POINT('',#14754);
#14756=CARTESIAN_POINT('',(9.918833972541E0,-1.116449842830E1,-1.E2));
#14757=VERTEX_POINT('',#14756);
#14758=CARTESIAN_POINT('',(1.237358042830E1,-8.709751972550E0,-1.E2));
#14759=VERTEX_POINT('',#14758);
#14760=CARTESIAN_POINT('',(1.272297497282E1,-8.538705572383E0,-1.E2));
#14761=VERTEX_POINT('',#14760);
#14762=CARTESIAN_POINT('',(1.382426406871E1,-7.437416476489E0,-1.E2));
#14763=VERTEX_POINT('',#14762);
#14764=CARTESIAN_POINT('',(1.4E1,-7.013152407782E0,-1.E2));
#14765=VERTEX_POINT('',#14764);
#14766=CARTESIAN_POINT('',(1.4E1,-4.992697616537E0,-1.E2));
#14767=VERTEX_POINT('',#14766);
#14768=CARTESIAN_POINT('',(1.382426406871E1,-4.568433547825E0,1.E2));
#14769=CARTESIAN_POINT('',(1.271655658728E1,-3.460726066391E0,1.E2));
#14770=VERTEX_POINT('',#14768);
#14771=VERTEX_POINT('',#14769);
#14772=CARTESIAN_POINT('',(1.236828479241E1,-3.289821945164E0,1.E2));
#14773=VERTEX_POINT('',#14772);
#14774=CARTESIAN_POINT('',(9.919505054846E0,-8.410422075863E-1,1.E2));
#14775=VERTEX_POINT('',#14774);
#14776=CARTESIAN_POINT('',(9.748600933608E0,-4.927704127215E-1,1.E2));
#14777=VERTEX_POINT('',#14776);
#14778=CARTESIAN_POINT('',(9.255830520887E0,1.137423488728E-13,1.E2));
#14779=VERTEX_POINT('',#14778);
#14780=CARTESIAN_POINT('',(-9.255830520887E0,-1.136978062869E-13,1.E2));
#14781=VERTEX_POINT('',#14780);
#14782=CARTESIAN_POINT('',(-9.748600933610E0,-4.927704127233E-1,1.E2));
#14783=VERTEX_POINT('',#14782);
#14784=CARTESIAN_POINT('',(-9.919505054837E0,-8.410422075872E-1,1.E2));
#14785=VERTEX_POINT('',#14784);
#14786=CARTESIAN_POINT('',(-1.236828479241E1,-3.289821945154E0,1.E2));
#14787=VERTEX_POINT('',#14786);
#14788=CARTESIAN_POINT('',(-1.271655658728E1,-3.460726066394E0,1.E2));
#14789=VERTEX_POINT('',#14788);
#14790=CARTESIAN_POINT('',(-1.382426406871E1,-4.568433547825E0,1.E2));
#14791=VERTEX_POINT('',#14790);
#14792=CARTESIAN_POINT('',(-1.4E1,-4.992697616540E0,1.E2));
#14793=VERTEX_POINT('',#14792);
#14794=CARTESIAN_POINT('',(-1.4E1,-7.013152407777E0,1.E2));
#14795=VERTEX_POINT('',#14794);
#14796=CARTESIAN_POINT('',(-1.382426406871E1,-7.437416476490E0,1.E2));
#14797=VERTEX_POINT('',#14796);
#14798=CARTESIAN_POINT('',(-1.272297497282E1,-8.538705572382E0,1.E2));
#14799=VERTEX_POINT('',#14798);
#14800=CARTESIAN_POINT('',(-1.237358042830E1,-8.709751972541E0,1.E2));
#14801=VERTEX_POINT('',#14800);
#14802=CARTESIAN_POINT('',(-9.918833972551E0,-1.116449842830E1,1.E2));
#14803=VERTEX_POINT('',#14802);
#14804=CARTESIAN_POINT('',(-9.747787572381E0,-1.151389297282E1,1.E2));
#14805=VERTEX_POINT('',#14804);
#14806=CARTESIAN_POINT('',(-9.534314575051E0,-1.172736597015E1,1.E2));
#14807=VERTEX_POINT('',#14806);
#14808=CARTESIAN_POINT('',(-9.3E0,-1.229305139510E1,1.E2));
#14809=VERTEX_POINT('',#14808);
#14810=CARTESIAN_POINT('',(-9.3E0,-1.552752949537E1,1.E2));
#14811=VERTEX_POINT('',#14810);
#14812=CARTESIAN_POINT('',(-9.534314575051E0,-1.609321492031E1,1.E2));
#14813=VERTEX_POINT('',#14812);
#14814=CARTESIAN_POINT('',(-1.376568542495E1,-2.032458577021E1,1.E2));
#14815=VERTEX_POINT('',#14814);
#14816=CARTESIAN_POINT('',(-1.4E1,-2.089027119516E1,1.E2));
#14817=VERTEX_POINT('',#14816);
#14818=CARTESIAN_POINT('',(-1.4E1,-2.45E1,1.E2));
#14819=VERTEX_POINT('',#14818);
#14820=CARTESIAN_POINT('',(-1.25E1,-2.6E1,1.E2));
#14821=VERTEX_POINT('',#14820);
#14822=CARTESIAN_POINT('',(-7.75E0,-2.6E1,1.E2));
#14823=VERTEX_POINT('',#14822);
#14824=CARTESIAN_POINT('',(-7.25E0,-2.55E1,1.E2));
#14825=VERTEX_POINT('',#14824);
#14826=CARTESIAN_POINT('',(-6.05E0,-2.55E1,1.E2));
#14827=VERTEX_POINT('',#14826);
#14828=CARTESIAN_POINT('',(-5.55E0,-2.6E1,1.E2));
#14829=VERTEX_POINT('',#14828);
#14830=CARTESIAN_POINT('',(5.55E0,-2.6E1,1.E2));
#14831=VERTEX_POINT('',#14830);
#14832=CARTESIAN_POINT('',(6.05E0,-2.55E1,1.E2));
#14833=VERTEX_POINT('',#14832);
#14834=CARTESIAN_POINT('',(7.25E0,-2.55E1,1.E2));
#14835=VERTEX_POINT('',#14834);
#14836=CARTESIAN_POINT('',(7.75E0,-2.6E1,1.E2));
#14837=VERTEX_POINT('',#14836);
#14838=CARTESIAN_POINT('',(1.25E1,-2.6E1,1.E2));
#14839=VERTEX_POINT('',#14838);
#14840=CARTESIAN_POINT('',(1.4E1,-2.45E1,1.E2));
#14841=VERTEX_POINT('',#14840);
#14842=CARTESIAN_POINT('',(1.4E1,-2.089027119516E1,1.E2));
#14843=VERTEX_POINT('',#14842);
#14844=CARTESIAN_POINT('',(1.376568542495E1,-2.032458577021E1,1.E2));
#14845=VERTEX_POINT('',#14844);
#14846=CARTESIAN_POINT('',(9.534314575051E0,-1.609321492031E1,1.E2));
#14847=VERTEX_POINT('',#14846);
#14848=CARTESIAN_POINT('',(9.3E0,-1.552752949536E1,1.E2));
#14849=VERTEX_POINT('',#14848);
#14850=CARTESIAN_POINT('',(9.3E0,-1.229305139510E1,1.E2));
#14851=VERTEX_POINT('',#14850);
#14852=CARTESIAN_POINT('',(9.534314575049E0,-1.172736597015E1,1.E2));
#14853=VERTEX_POINT('',#14852);
#14854=CARTESIAN_POINT('',(9.747787572382E0,-1.151389297282E1,1.E2));
#14855=VERTEX_POINT('',#14854);
#14856=CARTESIAN_POINT('',(9.918833972541E0,-1.116449842830E1,1.E2));
#14857=VERTEX_POINT('',#14856);
#14858=CARTESIAN_POINT('',(1.237358042830E1,-8.709751972550E0,1.E2));
#14859=VERTEX_POINT('',#14858);
#14860=CARTESIAN_POINT('',(1.272297497282E1,-8.538705572383E0,1.E2));
#14861=VERTEX_POINT('',#14860);
#14862=CARTESIAN_POINT('',(1.382426406871E1,-7.437416476489E0,1.E2));
#14863=VERTEX_POINT('',#14862);
#14864=CARTESIAN_POINT('',(1.4E1,-7.013152407782E0,1.E2));
#14865=VERTEX_POINT('',#14864);
#14866=CARTESIAN_POINT('',(1.4E1,-4.992697616537E0,1.E2));
#14867=VERTEX_POINT('',#14866);
#14868=CARTESIAN_POINT('',(-4.5E0,-2.6E1,0.E0));
#14869=CARTESIAN_POINT('',(4.5E0,-2.6E1,0.E0));
#14870=VERTEX_POINT('',#14868);
#14871=VERTEX_POINT('',#14869);
#14872=CARTESIAN_POINT('',(-4.5E0,-2.6E1,8.E1));
#14873=CARTESIAN_POINT('',(4.5E0,-2.6E1,8.E1));
#14874=VERTEX_POINT('',#14872);
#14875=VERTEX_POINT('',#14873);
#14876=CARTESIAN_POINT('',(-4.5E0,-2.6E1,-8.E1));
#14877=CARTESIAN_POINT('',(4.5E0,-2.6E1,-8.E1));
#14878=VERTEX_POINT('',#14876);
#14879=VERTEX_POINT('',#14877);
#14880=CARTESIAN_POINT('',(-7.E0,-1.2E1,8.E1));
#14881=CARTESIAN_POINT('',(7.E0,-1.2E1,8.E1));
#14882=VERTEX_POINT('',#14880);
#14883=VERTEX_POINT('',#14881);
#14884=CARTESIAN_POINT('',(-7.E0,-1.2E1,0.E0));
#14885=CARTESIAN_POINT('',(7.E0,-1.2E1,0.E0));
#14886=VERTEX_POINT('',#14884);
#14887=VERTEX_POINT('',#14885);
#14888=CARTESIAN_POINT('',(-7.E0,-1.2E1,-8.E1));
#14889=CARTESIAN_POINT('',(7.E0,-1.2E1,-8.E1));
#14890=VERTEX_POINT('',#14888);
#14891=VERTEX_POINT('',#14889);
#14892=CARTESIAN_POINT('',(-7.E0,-8.598904206424E-14,8.E1));
#14893=CARTESIAN_POINT('',(7.E0,8.598904206424E-14,8.E1));
#14894=VERTEX_POINT('',#14892);
#14895=VERTEX_POINT('',#14893);
#14896=CARTESIAN_POINT('',(-7.E0,-8.598904206424E-14,0.E0));
#14897=CARTESIAN_POINT('',(7.E0,8.598904206424E-14,0.E0));
#14898=VERTEX_POINT('',#14896);
#14899=VERTEX_POINT('',#14897);
#14900=CARTESIAN_POINT('',(-7.E0,-8.598904206424E-14,-8.E1));
#14901=CARTESIAN_POINT('',(7.E0,8.598904206424E-14,-8.E1));
#14902=VERTEX_POINT('',#14900);
#14903=VERTEX_POINT('',#14901);
#14904=CARTESIAN_POINT('',(-4.5E0,-1.2E1,0.E0));
#14905=CARTESIAN_POINT('',(4.5E0,-1.2E1,0.E0));
#14906=VERTEX_POINT('',#14904);
#14907=VERTEX_POINT('',#14905);
#14908=CARTESIAN_POINT('',(-4.5E0,-1.2E1,8.E1));
#14909=CARTESIAN_POINT('',(4.5E0,-1.2E1,8.E1));
#14910=VERTEX_POINT('',#14908);
#14911=VERTEX_POINT('',#14909);
#14912=CARTESIAN_POINT('',(-4.5E0,-1.2E1,-8.E1));
#14913=CARTESIAN_POINT('',(4.5E0,-1.2E1,-8.E1));
#14914=VERTEX_POINT('',#14912);
#14915=VERTEX_POINT('',#14913);
#14916=CARTESIAN_POINT('',(0.E0,0.E0,-1.E2));
#14917=DIRECTION('',(0.E0,0.E0,1.E0));
#14918=DIRECTION('',(1.E0,0.E0,0.E0));
#14919=AXIS2_PLACEMENT_3D('',#14916,#14917,#14918);
#14920=PLANE('',#14919);
#14922=ORIENTED_EDGE('',*,*,#14921,.T.);
#14924=ORIENTED_EDGE('',*,*,#14923,.T.);
#14926=ORIENTED_EDGE('',*,*,#14925,.T.);
#14928=ORIENTED_EDGE('',*,*,#14927,.T.);
#14930=ORIENTED_EDGE('',*,*,#14929,.T.);
#14932=ORIENTED_EDGE('',*,*,#14931,.T.);
#14934=ORIENTED_EDGE('',*,*,#14933,.T.);
#14936=ORIENTED_EDGE('',*,*,#14935,.T.);
#14938=ORIENTED_EDGE('',*,*,#14937,.T.);
#14940=ORIENTED_EDGE('',*,*,#14939,.T.);
#14942=ORIENTED_EDGE('',*,*,#14941,.T.);
#14944=ORIENTED_EDGE('',*,*,#14943,.T.);
#14946=ORIENTED_EDGE('',*,*,#14945,.T.);
#14948=ORIENTED_EDGE('',*,*,#14947,.T.);
#14950=ORIENTED_EDGE('',*,*,#14949,.T.);
#14952=ORIENTED_EDGE('',*,*,#14951,.T.);
#14954=ORIENTED_EDGE('',*,*,#14953,.T.);
#14956=ORIENTED_EDGE('',*,*,#14955,.T.);
#14958=ORIENTED_EDGE('',*,*,#14957,.T.);
#14960=ORIENTED_EDGE('',*,*,#14959,.T.);
#14962=ORIENTED_EDGE('',*,*,#14961,.T.);
#14964=ORIENTED_EDGE('',*,*,#14963,.T.);
#14966=ORIENTED_EDGE('',*,*,#14965,.T.);
#14968=ORIENTED_EDGE('',*,*,#14967,.T.);
#14970=ORIENTED_EDGE('',*,*,#14969,.T.);
#14972=ORIENTED_EDGE('',*,*,#14971,.T.);
#14974=ORIENTED_EDGE('',*,*,#14973,.T.);
#14976=ORIENTED_EDGE('',*,*,#14975,.T.);
#14978=ORIENTED_EDGE('',*,*,#14977,.T.);
#14980=ORIENTED_EDGE('',*,*,#14979,.T.);
#14982=ORIENTED_EDGE('',*,*,#14981,.T.);
#14984=ORIENTED_EDGE('',*,*,#14983,.T.);
#14986=ORIENTED_EDGE('',*,*,#14985,.T.);
#14988=ORIENTED_EDGE('',*,*,#14987,.T.);
#14990=ORIENTED_EDGE('',*,*,#14989,.T.);
#14992=ORIENTED_EDGE('',*,*,#14991,.T.);
#14994=ORIENTED_EDGE('',*,*,#14993,.T.);
#14996=ORIENTED_EDGE('',*,*,#14995,.T.);
#14998=ORIENTED_EDGE('',*,*,#14997,.T.);
#15000=ORIENTED_EDGE('',*,*,#14999,.T.);
#15002=ORIENTED_EDGE('',*,*,#15001,.T.);
#15004=ORIENTED_EDGE('',*,*,#15003,.T.);
#15006=ORIENTED_EDGE('',*,*,#15005,.T.);
#15008=ORIENTED_EDGE('',*,*,#15007,.T.);
#15010=ORIENTED_EDGE('',*,*,#15009,.T.);
#15012=ORIENTED_EDGE('',*,*,#15011,.T.);
#15014=ORIENTED_EDGE('',*,*,#15013,.T.);
#15016=ORIENTED_EDGE('',*,*,#15015,.T.);
#15018=ORIENTED_EDGE('',*,*,#15017,.T.);
#15020=ORIENTED_EDGE('',*,*,#15019,.T.);
#15021=EDGE_LOOP('',(#14922,#14924,#14926,#14928,#14930,#14932,#14934,#14936,
#14938,#14940,#14942,#14944,#14946,#14948,#14950,#14952,#14954,#14956,#14958,
#14960,#14962,#14964,#14966,#14968,#14970,#14972,#14974,#14976,#14978,#14980,
#14982,#14984,#14986,#14988,#14990,#14992,#14994,#14996,#14998,#15000,#15002,
#15004,#15006,#15008,#15010,#15012,#15014,#15016,#15018,#15020));
#15022=FACE_OUTER_BOUND('',#15021,.F.);
#15023=ADVANCED_FACE('',(#15022),#14920,.F.);
#15024=CARTESIAN_POINT('',(1.382426406871E1,-4.568433547825E0,-1.E2));
#15025=DIRECTION('',(7.071067811865E-1,7.071067811865E-1,0.E0));
#15026=DIRECTION('',(-7.071067811865E-1,7.071067811865E-1,0.E0));
#15027=AXIS2_PLACEMENT_3D('',#15024,#15025,#15026);
#15028=PLANE('',#15027);
#15029=ORIENTED_EDGE('',*,*,#14921,.F.);
#15031=ORIENTED_EDGE('',*,*,#15030,.T.);
#15033=ORIENTED_EDGE('',*,*,#15032,.T.);
#15035=ORIENTED_EDGE('',*,*,#15034,.F.);
#15036=EDGE_LOOP('',(#15029,#15031,#15033,#15035));
#15037=FACE_OUTER_BOUND('',#15036,.F.);
#15038=ADVANCED_FACE('',(#15037),#15028,.T.);
#15039=CARTESIAN_POINT('',(1.34E1,-4.992697616537E0,-1.E2));
#15040=DIRECTION('',(0.E0,0.E0,1.E0));
#15041=DIRECTION('',(1.E0,0.E0,0.E0));
#15042=AXIS2_PLACEMENT_3D('',#15039,#15040,#15041);
#15043=CYLINDRICAL_SURFACE('',#15042,6.E-1);
#15044=ORIENTED_EDGE('',*,*,#15019,.F.);
#15046=ORIENTED_EDGE('',*,*,#15045,.T.);
#15048=ORIENTED_EDGE('',*,*,#15047,.T.);
#15049=ORIENTED_EDGE('',*,*,#15030,.F.);
#15050=EDGE_LOOP('',(#15044,#15046,#15048,#15049));
#15051=FACE_OUTER_BOUND('',#15050,.F.);
#15052=ADVANCED_FACE('',(#15051),#15043,.T.);
#15053=CARTESIAN_POINT('',(1.4E1,-7.013152407778E0,-1.E2));
#15054=DIRECTION('',(1.E0,0.E0,0.E0));
#15055=DIRECTION('',(0.E0,1.E0,0.E0));
#15056=AXIS2_PLACEMENT_3D('',#15053,#15054,#15055);
#15057=PLANE('',#15056);
#15058=ORIENTED_EDGE('',*,*,#15017,.F.);
#15060=ORIENTED_EDGE('',*,*,#15059,.T.);
#15062=ORIENTED_EDGE('',*,*,#15061,.T.);
#15063=ORIENTED_EDGE('',*,*,#15045,.F.);
#15064=EDGE_LOOP('',(#15058,#15060,#15062,#15063));
#15065=FACE_OUTER_BOUND('',#15064,.F.);
#15066=ADVANCED_FACE('',(#15065),#15057,.T.);
#15067=CARTESIAN_POINT('',(1.34E1,-7.013152407778E0,-1.E2));
#15068=DIRECTION('',(0.E0,0.E0,1.E0));
#15069=DIRECTION('',(1.E0,0.E0,0.E0));
#15070=AXIS2_PLACEMENT_3D('',#15067,#15068,#15069);
#15071=CYLINDRICAL_SURFACE('',#15070,6.E-1);
#15072=ORIENTED_EDGE('',*,*,#15015,.F.);
#15074=ORIENTED_EDGE('',*,*,#15073,.T.);
#15076=ORIENTED_EDGE('',*,*,#15075,.T.);
#15077=ORIENTED_EDGE('',*,*,#15059,.F.);
#15078=EDGE_LOOP('',(#15072,#15074,#15076,#15077));
#15079=FACE_OUTER_BOUND('',#15078,.F.);
#15080=ADVANCED_FACE('',(#15079),#15071,.T.);
#15081=CARTESIAN_POINT('',(1.272297497282E1,-8.538705572381E0,-1.E2));
#15082=DIRECTION('',(7.071067811865E-1,-7.071067811865E-1,0.E0));
#15083=DIRECTION('',(7.071067811865E-1,7.071067811865E-1,0.E0));
#15084=AXIS2_PLACEMENT_3D('',#15081,#15082,#15083);
#15085=PLANE('',#15084);
#15086=ORIENTED_EDGE('',*,*,#15013,.F.);
#15088=ORIENTED_EDGE('',*,*,#15087,.T.);
#15090=ORIENTED_EDGE('',*,*,#15089,.T.);
#15091=ORIENTED_EDGE('',*,*,#15073,.F.);
#15092=EDGE_LOOP('',(#15086,#15088,#15090,#15091));
#15093=FACE_OUTER_BOUND('',#15092,.F.);
#15094=ADVANCED_FACE('',(#15093),#15085,.T.);
#15095=CARTESIAN_POINT('',(1.229871090411E1,-8.114441503670E0,-1.E2));
#15096=DIRECTION('',(0.E0,0.E0,1.E0));
#15097=DIRECTION('',(1.E0,0.E0,0.E0));
#15098=AXIS2_PLACEMENT_3D('',#15095,#15096,#15097);
#15099=CYLINDRICAL_SURFACE('',#15098,6.E-1);
#15100=ORIENTED_EDGE('',*,*,#15011,.F.);
#15102=ORIENTED_EDGE('',*,*,#15101,.T.);
#15104=ORIENTED_EDGE('',*,*,#15103,.T.);
#15105=ORIENTED_EDGE('',*,*,#15087,.F.);
#15106=EDGE_LOOP('',(#15100,#15102,#15104,#15105));
#15107=FACE_OUTER_BOUND('',#15106,.F.);
#15108=ADVANCED_FACE('',(#15107),#15099,.T.);
#15109=CARTESIAN_POINT('',(1.272671501739E1,-1.151763301739E1,-1.E2));
#15110=DIRECTION('',(0.E0,0.E0,1.E0));
#15111=DIRECTION('',(1.E0,0.E0,0.E0));
#15112=AXIS2_PLACEMENT_3D('',#15109,#15110,#15111);
#15113=CYLINDRICAL_SURFACE('',#15112,2.83E0);
#15114=ORIENTED_EDGE('',*,*,#15009,.F.);
#15116=ORIENTED_EDGE('',*,*,#15115,.T.);
#15118=ORIENTED_EDGE('',*,*,#15117,.T.);
#15119=ORIENTED_EDGE('',*,*,#15101,.F.);
#15120=EDGE_LOOP('',(#15114,#15116,#15118,#15119));
#15121=FACE_OUTER_BOUND('',#15120,.F.);
#15122=ADVANCED_FACE('',(#15121),#15113,.F.);
#15123=CARTESIAN_POINT('',(9.323523503670E0,-1.108962890411E1,-1.E2));
#15124=DIRECTION('',(0.E0,0.E0,1.E0));
#15125=DIRECTION('',(1.E0,0.E0,0.E0));
#15126=AXIS2_PLACEMENT_3D('',#15123,#15124,#15125);
#15127=CYLINDRICAL_SURFACE('',#15126,6.E-1);
#15128=ORIENTED_EDGE('',*,*,#15007,.F.);
#15130=ORIENTED_EDGE('',*,*,#15129,.T.);
#15132=ORIENTED_EDGE('',*,*,#15131,.T.);
#15133=ORIENTED_EDGE('',*,*,#15115,.F.);
#15134=EDGE_LOOP('',(#15128,#15130,#15132,#15133));
#15135=FACE_OUTER_BOUND('',#15134,.F.);
#15136=ADVANCED_FACE('',(#15135),#15127,.T.);
#15137=CARTESIAN_POINT('',(9.534314575051E0,-1.172736597015E1,-1.E2));
#15138=DIRECTION('',(7.071067811858E-1,-7.071067811873E-1,0.E0));
#15139=DIRECTION('',(7.071067811873E-1,7.071067811858E-1,0.E0));
#15140=AXIS2_PLACEMENT_3D('',#15137,#15138,#15139);
#15141=PLANE('',#15140);
#15142=ORIENTED_EDGE('',*,*,#15005,.F.);
#15144=ORIENTED_EDGE('',*,*,#15143,.T.);
#15146=ORIENTED_EDGE('',*,*,#15145,.T.);
#15147=ORIENTED_EDGE('',*,*,#15129,.F.);
#15148=EDGE_LOOP('',(#15142,#15144,#15146,#15147));
#15149=FACE_OUTER_BOUND('',#15148,.F.);
#15150=ADVANCED_FACE('',(#15149),#15141,.T.);
#15151=CARTESIAN_POINT('',(1.01E1,-1.229305139510E1,-1.E2));
#15152=DIRECTION('',(0.E0,0.E0,1.E0));
#15153=DIRECTION('',(1.E0,0.E0,0.E0));
#15154=AXIS2_PLACEMENT_3D('',#15151,#15152,#15153);
#15155=CYLINDRICAL_SURFACE('',#15154,8.E-1);
#15156=ORIENTED_EDGE('',*,*,#15003,.F.);
#15158=ORIENTED_EDGE('',*,*,#15157,.T.);
#15160=ORIENTED_EDGE('',*,*,#15159,.T.);
#15161=ORIENTED_EDGE('',*,*,#15143,.F.);
#15162=EDGE_LOOP('',(#15156,#15158,#15160,#15161));
#15163=FACE_OUTER_BOUND('',#15162,.F.);
#15164=ADVANCED_FACE('',(#15163),#15155,.F.);
#15165=CARTESIAN_POINT('',(9.3E0,-1.552752949536E1,-1.E2));
#15166=DIRECTION('',(1.E0,1.400445388732E-13,0.E0));
#15167=DIRECTION('',(-1.400445388732E-13,1.E0,0.E0));
#15168=AXIS2_PLACEMENT_3D('',#15165,#15166,#15167);
#15169=PLANE('',#15168);
#15170=ORIENTED_EDGE('',*,*,#15001,.F.);
#15172=ORIENTED_EDGE('',*,*,#15171,.T.);
#15174=ORIENTED_EDGE('',*,*,#15173,.T.);
#15175=ORIENTED_EDGE('',*,*,#15157,.F.);
#15176=EDGE_LOOP('',(#15170,#15172,#15174,#15175));
#15177=FACE_OUTER_BOUND('',#15176,.F.);
#15178=ADVANCED_FACE('',(#15177),#15169,.T.);
#15179=CARTESIAN_POINT('',(1.01E1,-1.552752949536E1,-1.E2));
#15180=DIRECTION('',(0.E0,0.E0,1.E0));
#15181=DIRECTION('',(1.E0,0.E0,0.E0));
#15182=AXIS2_PLACEMENT_3D('',#15179,#15180,#15181);
#15183=CYLINDRICAL_SURFACE('',#15182,8.E-1);
#15184=ORIENTED_EDGE('',*,*,#14999,.F.);
#15186=ORIENTED_EDGE('',*,*,#15185,.T.);
#15188=ORIENTED_EDGE('',*,*,#15187,.T.);
#15189=ORIENTED_EDGE('',*,*,#15171,.F.);
#15190=EDGE_LOOP('',(#15184,#15186,#15188,#15189));
#15191=FACE_OUTER_BOUND('',#15190,.F.);
#15192=ADVANCED_FACE('',(#15191),#15183,.F.);
#15193=CARTESIAN_POINT('',(1.376568542495E1,-2.032458577021E1,-1.E2));
#15194=DIRECTION('',(7.071067811865E-1,7.071067811866E-1,0.E0));
#15195=DIRECTION('',(-7.071067811866E-1,7.071067811865E-1,0.E0));
#15196=AXIS2_PLACEMENT_3D('',#15193,#15194,#15195);
#15197=PLANE('',#15196);
#15198=ORIENTED_EDGE('',*,*,#14997,.F.);
#15200=ORIENTED_EDGE('',*,*,#15199,.T.);
#15202=ORIENTED_EDGE('',*,*,#15201,.T.);
#15203=ORIENTED_EDGE('',*,*,#15185,.F.);
#15204=EDGE_LOOP('',(#15198,#15200,#15202,#15203));
#15205=FACE_OUTER_BOUND('',#15204,.F.);
#15206=ADVANCED_FACE('',(#15205),#15197,.T.);
#15207=CARTESIAN_POINT('',(1.32E1,-2.089027119516E1,-1.E2));
#15208=DIRECTION('',(0.E0,0.E0,1.E0));
#15209=DIRECTION('',(1.E0,0.E0,0.E0));
#15210=AXIS2_PLACEMENT_3D('',#15207,#15208,#15209);
#15211=CYLINDRICAL_SURFACE('',#15210,8.E-1);
#15212=ORIENTED_EDGE('',*,*,#14995,.F.);
#15214=ORIENTED_EDGE('',*,*,#15213,.T.);
#15216=ORIENTED_EDGE('',*,*,#15215,.T.);
#15217=ORIENTED_EDGE('',*,*,#15199,.F.);
#15218=EDGE_LOOP('',(#15212,#15214,#15216,#15217));
#15219=FACE_OUTER_BOUND('',#15218,.F.);
#15220=ADVANCED_FACE('',(#15219),#15211,.T.);
#15221=CARTESIAN_POINT('',(1.4E1,-2.45E1,-1.E2));
#15222=DIRECTION('',(1.E0,0.E0,0.E0));
#15223=DIRECTION('',(0.E0,1.E0,0.E0));
#15224=AXIS2_PLACEMENT_3D('',#15221,#15222,#15223);
#15225=PLANE('',#15224);
#15226=ORIENTED_EDGE('',*,*,#14993,.F.);
#15228=ORIENTED_EDGE('',*,*,#15227,.T.);
#15230=ORIENTED_EDGE('',*,*,#15229,.T.);
#15231=ORIENTED_EDGE('',*,*,#15213,.F.);
#15232=EDGE_LOOP('',(#15226,#15228,#15230,#15231));
#15233=FACE_OUTER_BOUND('',#15232,.F.);
#15234=ADVANCED_FACE('',(#15233),#15225,.T.);
#15235=CARTESIAN_POINT('',(1.25E1,-2.6E1,-1.E2));
#15236=DIRECTION('',(7.071067811865E-1,-7.071067811866E-1,0.E0));
#15237=DIRECTION('',(7.071067811866E-1,7.071067811865E-1,0.E0));
#15238=AXIS2_PLACEMENT_3D('',#15235,#15236,#15237);
#15239=PLANE('',#15238);
#15240=ORIENTED_EDGE('',*,*,#14991,.F.);
#15242=ORIENTED_EDGE('',*,*,#15241,.T.);
#15244=ORIENTED_EDGE('',*,*,#15243,.T.);
#15245=ORIENTED_EDGE('',*,*,#15227,.F.);
#15246=EDGE_LOOP('',(#15240,#15242,#15244,#15245));
#15247=FACE_OUTER_BOUND('',#15246,.F.);
#15248=ADVANCED_FACE('',(#15247),#15239,.T.);
#15249=CARTESIAN_POINT('',(7.75E0,-2.6E1,-1.E2));
#15250=DIRECTION('',(0.E0,-1.E0,0.E0));
#15251=DIRECTION('',(1.E0,0.E0,0.E0));
#15252=AXIS2_PLACEMENT_3D('',#15249,#15250,#15251);
#15253=PLANE('',#15252);
#15254=ORIENTED_EDGE('',*,*,#14989,.F.);
#15256=ORIENTED_EDGE('',*,*,#15255,.T.);
#15258=ORIENTED_EDGE('',*,*,#15257,.T.);
#15259=ORIENTED_EDGE('',*,*,#15241,.F.);
#15260=EDGE_LOOP('',(#15254,#15256,#15258,#15259));
#15261=FACE_OUTER_BOUND('',#15260,.F.);
#15262=ADVANCED_FACE('',(#15261),#15253,.T.);
#15263=CARTESIAN_POINT('',(7.25E0,-2.55E1,-1.E2));
#15264=DIRECTION('',(-7.071067811866E-1,-7.071067811865E-1,0.E0));
#15265=DIRECTION('',(7.071067811865E-1,-7.071067811866E-1,0.E0));
#15266=AXIS2_PLACEMENT_3D('',#15263,#15264,#15265);
#15267=PLANE('',#15266);
#15268=ORIENTED_EDGE('',*,*,#14987,.F.);
#15270=ORIENTED_EDGE('',*,*,#15269,.T.);
#15272=ORIENTED_EDGE('',*,*,#15271,.T.);
#15273=ORIENTED_EDGE('',*,*,#15255,.F.);
#15274=EDGE_LOOP('',(#15268,#15270,#15272,#15273));
#15275=FACE_OUTER_BOUND('',#15274,.F.);
#15276=ADVANCED_FACE('',(#15275),#15267,.T.);
#15277=CARTESIAN_POINT('',(6.05E0,-2.55E1,-1.E2));
#15278=DIRECTION('',(0.E0,-1.E0,0.E0));
#15279=DIRECTION('',(1.E0,0.E0,0.E0));
#15280=AXIS2_PLACEMENT_3D('',#15277,#15278,#15279);
#15281=PLANE('',#15280);
#15282=ORIENTED_EDGE('',*,*,#14985,.F.);
#15284=ORIENTED_EDGE('',*,*,#15283,.T.);
#15286=ORIENTED_EDGE('',*,*,#15285,.T.);
#15287=ORIENTED_EDGE('',*,*,#15269,.F.);
#15288=EDGE_LOOP('',(#15282,#15284,#15286,#15287));
#15289=FACE_OUTER_BOUND('',#15288,.F.);
#15290=ADVANCED_FACE('',(#15289),#15281,.T.);
#15291=CARTESIAN_POINT('',(5.55E0,-2.6E1,-1.E2));
#15292=DIRECTION('',(7.071067811862E-1,-7.071067811869E-1,0.E0));
#15293=DIRECTION('',(7.071067811869E-1,7.071067811862E-1,0.E0));
#15294=AXIS2_PLACEMENT_3D('',#15291,#15292,#15293);
#15295=PLANE('',#15294);
#15296=ORIENTED_EDGE('',*,*,#14983,.F.);
#15298=ORIENTED_EDGE('',*,*,#15297,.T.);
#15300=ORIENTED_EDGE('',*,*,#15299,.T.);
#15301=ORIENTED_EDGE('',*,*,#15283,.F.);
#15302=EDGE_LOOP('',(#15296,#15298,#15300,#15301));
#15303=FACE_OUTER_BOUND('',#15302,.F.);
#15304=ADVANCED_FACE('',(#15303),#15295,.T.);
#15305=CARTESIAN_POINT('',(-5.55E0,-2.6E1,-1.E2));
#15306=DIRECTION('',(0.E0,-1.E0,0.E0));
#15307=DIRECTION('',(1.E0,0.E0,0.E0));
#15308=AXIS2_PLACEMENT_3D('',#15305,#15306,#15307);
#15309=PLANE('',#15308);
#15310=ORIENTED_EDGE('',*,*,#14981,.F.);
#15312=ORIENTED_EDGE('',*,*,#15311,.T.);
#15314=ORIENTED_EDGE('',*,*,#15313,.T.);
#15315=ORIENTED_EDGE('',*,*,#15297,.F.);
#15316=EDGE_LOOP('',(#15310,#15312,#15314,#15315));
#15317=FACE_OUTER_BOUND('',#15316,.F.);
#15319=ORIENTED_EDGE('',*,*,#15318,.F.);
#15321=ORIENTED_EDGE('',*,*,#15320,.F.);
#15322=EDGE_LOOP('',(#15319,#15321));
#15323=FACE_BOUND('',#15322,.F.);
#15325=ORIENTED_EDGE('',*,*,#15324,.F.);
#15327=ORIENTED_EDGE('',*,*,#15326,.F.);
#15328=EDGE_LOOP('',(#15325,#15327));
#15329=FACE_BOUND('',#15328,.F.);
#15331=ORIENTED_EDGE('',*,*,#15330,.F.);
#15333=ORIENTED_EDGE('',*,*,#15332,.F.);
#15334=EDGE_LOOP('',(#15331,#15333));
#15335=FACE_BOUND('',#15334,.F.);
#15336=ADVANCED_FACE('',(#15317,#15323,#15329,#15335),#15309,.T.);
#15337=CARTESIAN_POINT('',(-6.05E0,-2.55E1,-1.E2));
#15338=DIRECTION('',(-7.071067811862E-1,-7.071067811869E-1,0.E0));
#15339=DIRECTION('',(7.071067811869E-1,-7.071067811862E-1,0.E0));
#15340=AXIS2_PLACEMENT_3D('',#15337,#15338,#15339);
#15341=PLANE('',#15340);
#15342=ORIENTED_EDGE('',*,*,#14979,.F.);
#15344=ORIENTED_EDGE('',*,*,#15343,.T.);
#15346=ORIENTED_EDGE('',*,*,#15345,.T.);
#15347=ORIENTED_EDGE('',*,*,#15311,.F.);
#15348=EDGE_LOOP('',(#15342,#15344,#15346,#15347));
#15349=FACE_OUTER_BOUND('',#15348,.F.);
#15350=ADVANCED_FACE('',(#15349),#15341,.T.);
#15351=CARTESIAN_POINT('',(-7.25E0,-2.55E1,-1.E2));
#15352=DIRECTION('',(0.E0,-1.E0,0.E0));
#15353=DIRECTION('',(1.E0,0.E0,0.E0));
#15354=AXIS2_PLACEMENT_3D('',#15351,#15352,#15353);
#15355=PLANE('',#15354);
#15356=ORIENTED_EDGE('',*,*,#14977,.F.);
#15358=ORIENTED_EDGE('',*,*,#15357,.T.);
#15360=ORIENTED_EDGE('',*,*,#15359,.T.);
#15361=ORIENTED_EDGE('',*,*,#15343,.F.);
#15362=EDGE_LOOP('',(#15356,#15358,#15360,#15361));
#15363=FACE_OUTER_BOUND('',#15362,.F.);
#15364=ADVANCED_FACE('',(#15363),#15355,.T.);
#15365=CARTESIAN_POINT('',(-7.75E0,-2.6E1,-1.E2));
#15366=DIRECTION('',(7.071067811866E-1,-7.071067811865E-1,0.E0));
#15367=DIRECTION('',(7.071067811865E-1,7.071067811866E-1,0.E0));
#15368=AXIS2_PLACEMENT_3D('',#15365,#15366,#15367);
#15369=PLANE('',#15368);
#15370=ORIENTED_EDGE('',*,*,#14975,.F.);
#15372=ORIENTED_EDGE('',*,*,#15371,.T.);
#15374=ORIENTED_EDGE('',*,*,#15373,.T.);
#15375=ORIENTED_EDGE('',*,*,#15357,.F.);
#15376=EDGE_LOOP('',(#15370,#15372,#15374,#15375));
#15377=FACE_OUTER_BOUND('',#15376,.F.);
#15378=ADVANCED_FACE('',(#15377),#15369,.T.);
#15379=CARTESIAN_POINT('',(-1.25E1,-2.6E1,-1.E2));
#15380=DIRECTION('',(0.E0,-1.E0,0.E0));
#15381=DIRECTION('',(1.E0,0.E0,0.E0));
#15382=AXIS2_PLACEMENT_3D('',#15379,#15380,#15381);
#15383=PLANE('',#15382);
#15384=ORIENTED_EDGE('',*,*,#14973,.F.);
#15386=ORIENTED_EDGE('',*,*,#15385,.T.);
#15388=ORIENTED_EDGE('',*,*,#15387,.T.);
#15389=ORIENTED_EDGE('',*,*,#15371,.F.);
#15390=EDGE_LOOP('',(#15384,#15386,#15388,#15389));
#15391=FACE_OUTER_BOUND('',#15390,.F.);
#15392=ADVANCED_FACE('',(#15391),#15383,.T.);
#15393=CARTESIAN_POINT('',(-1.4E1,-2.45E1,-1.E2));
#15394=DIRECTION('',(-7.071067811865E-1,-7.071067811865E-1,0.E0));
#15395=DIRECTION('',(7.071067811865E-1,-7.071067811865E-1,0.E0));
#15396=AXIS2_PLACEMENT_3D('',#15393,#15394,#15395);
#15397=PLANE('',#15396);
#15398=ORIENTED_EDGE('',*,*,#14971,.F.);
#15400=ORIENTED_EDGE('',*,*,#15399,.T.);
#15402=ORIENTED_EDGE('',*,*,#15401,.T.);
#15403=ORIENTED_EDGE('',*,*,#15385,.F.);
#15404=EDGE_LOOP('',(#15398,#15400,#15402,#15403));
#15405=FACE_OUTER_BOUND('',#15404,.F.);
#15406=ADVANCED_FACE('',(#15405),#15397,.T.);
#15407=CARTESIAN_POINT('',(-1.4E1,-2.089027119516E1,-1.E2));
#15408=DIRECTION('',(-1.E0,2.519565183273E-13,0.E0));
#15409=DIRECTION('',(-2.519565183273E-13,-1.E0,0.E0));
#15410=AXIS2_PLACEMENT_3D('',#15407,#15408,#15409);
#15411=PLANE('',#15410);
#15412=ORIENTED_EDGE('',*,*,#14969,.F.);
#15414=ORIENTED_EDGE('',*,*,#15413,.T.);
#15416=ORIENTED_EDGE('',*,*,#15415,.T.);
#15417=ORIENTED_EDGE('',*,*,#15399,.F.);
#15418=EDGE_LOOP('',(#15412,#15414,#15416,#15417));
#15419=FACE_OUTER_BOUND('',#15418,.F.);
#15420=ADVANCED_FACE('',(#15419),#15411,.T.);
#15421=CARTESIAN_POINT('',(-1.32E1,-2.089027119516E1,-1.E2));
#15422=DIRECTION('',(0.E0,0.E0,1.E0));
#15423=DIRECTION('',(1.E0,0.E0,0.E0));
#15424=AXIS2_PLACEMENT_3D('',#15421,#15422,#15423);
#15425=CYLINDRICAL_SURFACE('',#15424,8.E-1);
#15426=ORIENTED_EDGE('',*,*,#14967,.F.);
#15428=ORIENTED_EDGE('',*,*,#15427,.T.);
#15430=ORIENTED_EDGE('',*,*,#15429,.T.);
#15431=ORIENTED_EDGE('',*,*,#15413,.F.);
#15432=EDGE_LOOP('',(#15426,#15428,#15430,#15431));
#15433=FACE_OUTER_BOUND('',#15432,.F.);
#15434=ADVANCED_FACE('',(#15433),#15425,.T.);
#15435=CARTESIAN_POINT('',(-9.534314575051E0,-1.609321492031E1,-1.E2));
#15436=DIRECTION('',(-7.071067811865E-1,7.071067811866E-1,0.E0));
#15437=DIRECTION('',(-7.071067811866E-1,-7.071067811865E-1,0.E0));
#15438=AXIS2_PLACEMENT_3D('',#15435,#15436,#15437);
#15439=PLANE('',#15438);
#15440=ORIENTED_EDGE('',*,*,#14965,.F.);
#15442=ORIENTED_EDGE('',*,*,#15441,.T.);
#15444=ORIENTED_EDGE('',*,*,#15443,.T.);
#15445=ORIENTED_EDGE('',*,*,#15427,.F.);
#15446=EDGE_LOOP('',(#15440,#15442,#15444,#15445));
#15447=FACE_OUTER_BOUND('',#15446,.F.);
#15448=ADVANCED_FACE('',(#15447),#15439,.T.);
#15449=CARTESIAN_POINT('',(-1.01E1,-1.552752949536E1,-1.E2));
#15450=DIRECTION('',(0.E0,0.E0,1.E0));
#15451=DIRECTION('',(1.E0,0.E0,0.E0));
#15452=AXIS2_PLACEMENT_3D('',#15449,#15450,#15451);
#15453=CYLINDRICAL_SURFACE('',#15452,8.E-1);
#15454=ORIENTED_EDGE('',*,*,#14963,.F.);
#15456=ORIENTED_EDGE('',*,*,#15455,.T.);
#15458=ORIENTED_EDGE('',*,*,#15457,.T.);
#15459=ORIENTED_EDGE('',*,*,#15441,.F.);
#15460=EDGE_LOOP('',(#15454,#15456,#15458,#15459));
#15461=FACE_OUTER_BOUND('',#15460,.F.);
#15462=ADVANCED_FACE('',(#15461),#15453,.F.);
#15463=CARTESIAN_POINT('',(-9.3E0,-1.229305139510E1,-1.E2));
#15464=DIRECTION('',(-1.E0,0.E0,0.E0));
#15465=DIRECTION('',(0.E0,-1.E0,0.E0));
#15466=AXIS2_PLACEMENT_3D('',#15463,#15464,#15465);
#15467=PLANE('',#15466);
#15468=ORIENTED_EDGE('',*,*,#14961,.F.);
#15470=ORIENTED_EDGE('',*,*,#15469,.T.);
#15472=ORIENTED_EDGE('',*,*,#15471,.T.);
#15473=ORIENTED_EDGE('',*,*,#15455,.F.);
#15474=EDGE_LOOP('',(#15468,#15470,#15472,#15473));
#15475=FACE_OUTER_BOUND('',#15474,.F.);
#15476=ADVANCED_FACE('',(#15475),#15467,.T.);
#15477=CARTESIAN_POINT('',(-1.01E1,-1.229305139510E1,-1.E2));
#15478=DIRECTION('',(0.E0,0.E0,1.E0));
#15479=DIRECTION('',(1.E0,0.E0,0.E0));
#15480=AXIS2_PLACEMENT_3D('',#15477,#15478,#15479);
#15481=CYLINDRICAL_SURFACE('',#15480,8.E-1);
#15482=ORIENTED_EDGE('',*,*,#14959,.F.);
#15484=ORIENTED_EDGE('',*,*,#15483,.T.);
#15486=ORIENTED_EDGE('',*,*,#15485,.T.);
#15487=ORIENTED_EDGE('',*,*,#15469,.F.);
#15488=EDGE_LOOP('',(#15482,#15484,#15486,#15487));
#15489=FACE_OUTER_BOUND('',#15488,.F.);
#15490=ADVANCED_FACE('',(#15489),#15481,.F.);
#15491=CARTESIAN_POINT('',(-9.747787572382E0,-1.151389297282E1,-1.E2));
#15492=DIRECTION('',(-7.071067811867E-1,-7.071067811864E-1,0.E0));
#15493=DIRECTION('',(7.071067811864E-1,-7.071067811867E-1,0.E0));
#15494=AXIS2_PLACEMENT_3D('',#15491,#15492,#15493);
#15495=PLANE('',#15494);
#15496=ORIENTED_EDGE('',*,*,#14957,.F.);
#15498=ORIENTED_EDGE('',*,*,#15497,.T.);
#15500=ORIENTED_EDGE('',*,*,#15499,.T.);
#15501=ORIENTED_EDGE('',*,*,#15483,.F.);
#15502=EDGE_LOOP('',(#15496,#15498,#15500,#15501));
#15503=FACE_OUTER_BOUND('',#15502,.F.);
#15504=ADVANCED_FACE('',(#15503),#15495,.T.);
#15505=CARTESIAN_POINT('',(-9.323523503670E0,-1.108962890411E1,-1.E2));
#15506=DIRECTION('',(0.E0,0.E0,1.E0));
#15507=DIRECTION('',(1.E0,0.E0,0.E0));
#15508=AXIS2_PLACEMENT_3D('',#15505,#15506,#15507);
#15509=CYLINDRICAL_SURFACE('',#15508,6.E-1);
#15510=ORIENTED_EDGE('',*,*,#14955,.F.);
#15512=ORIENTED_EDGE('',*,*,#15511,.T.);
#15514=ORIENTED_EDGE('',*,*,#15513,.T.);
#15515=ORIENTED_EDGE('',*,*,#15497,.F.);
#15516=EDGE_LOOP('',(#15510,#15512,#15514,#15515));
#15517=FACE_OUTER_BOUND('',#15516,.F.);
#15518=ADVANCED_FACE('',(#15517),#15509,.T.);
#15519=CARTESIAN_POINT('',(-1.272671501739E1,-1.151763301739E1,-1.E2));
#15520=DIRECTION('',(0.E0,0.E0,1.E0));
#15521=DIRECTION('',(1.E0,0.E0,0.E0));
#15522=AXIS2_PLACEMENT_3D('',#15519,#15520,#15521);
#15523=CYLINDRICAL_SURFACE('',#15522,2.83E0);
#15524=ORIENTED_EDGE('',*,*,#14953,.F.);
#15526=ORIENTED_EDGE('',*,*,#15525,.T.);
#15528=ORIENTED_EDGE('',*,*,#15527,.T.);
#15529=ORIENTED_EDGE('',*,*,#15511,.F.);
#15530=EDGE_LOOP('',(#15524,#15526,#15528,#15529));
#15531=FACE_OUTER_BOUND('',#15530,.F.);
#15532=ADVANCED_FACE('',(#15531),#15523,.F.);
#15533=CARTESIAN_POINT('',(-1.229871090411E1,-8.114441503670E0,-1.E2));
#15534=DIRECTION('',(0.E0,0.E0,1.E0));
#15535=DIRECTION('',(1.E0,0.E0,0.E0));
#15536=AXIS2_PLACEMENT_3D('',#15533,#15534,#15535);
#15537=CYLINDRICAL_SURFACE('',#15536,6.E-1);
#15538=ORIENTED_EDGE('',*,*,#14951,.F.);
#15540=ORIENTED_EDGE('',*,*,#15539,.T.);
#15542=ORIENTED_EDGE('',*,*,#15541,.T.);
#15543=ORIENTED_EDGE('',*,*,#15525,.F.);
#15544=EDGE_LOOP('',(#15538,#15540,#15542,#15543));
#15545=FACE_OUTER_BOUND('',#15544,.F.);
#15546=ADVANCED_FACE('',(#15545),#15537,.T.);
#15547=CARTESIAN_POINT('',(-1.382426406871E1,-7.437416476490E0,-1.E2));
#15548=DIRECTION('',(-7.071067811867E-1,-7.071067811864E-1,0.E0));
#15549=DIRECTION('',(7.071067811864E-1,-7.071067811867E-1,0.E0));
#15550=AXIS2_PLACEMENT_3D('',#15547,#15548,#15549);
#15551=PLANE('',#15550);
#15552=ORIENTED_EDGE('',*,*,#14949,.F.);
#15554=ORIENTED_EDGE('',*,*,#15553,.T.);
#15556=ORIENTED_EDGE('',*,*,#15555,.T.);
#15557=ORIENTED_EDGE('',*,*,#15539,.F.);
#15558=EDGE_LOOP('',(#15552,#15554,#15556,#15557));
#15559=FACE_OUTER_BOUND('',#15558,.F.);
#15560=ADVANCED_FACE('',(#15559),#15551,.T.);
#15561=CARTESIAN_POINT('',(-1.34E1,-7.013152407778E0,-1.E2));
#15562=DIRECTION('',(0.E0,0.E0,1.E0));
#15563=DIRECTION('',(1.E0,0.E0,0.E0));
#15564=AXIS2_PLACEMENT_3D('',#15561,#15562,#15563);
#15565=CYLINDRICAL_SURFACE('',#15564,6.E-1);
#15566=ORIENTED_EDGE('',*,*,#14947,.F.);
#15568=ORIENTED_EDGE('',*,*,#15567,.T.);
#15570=ORIENTED_EDGE('',*,*,#15569,.T.);
#15571=ORIENTED_EDGE('',*,*,#15553,.F.);
#15572=EDGE_LOOP('',(#15566,#15568,#15570,#15571));
#15573=FACE_OUTER_BOUND('',#15572,.F.);
#15574=ADVANCED_FACE('',(#15573),#15565,.T.);
#15575=CARTESIAN_POINT('',(-1.4E1,-4.992697616537E0,-1.E2));
#15576=DIRECTION('',(-1.E0,0.E0,0.E0));
#15577=DIRECTION('',(0.E0,-1.E0,0.E0));
#15578=AXIS2_PLACEMENT_3D('',#15575,#15576,#15577);
#15579=PLANE('',#15578);
#15580=ORIENTED_EDGE('',*,*,#14945,.F.);
#15582=ORIENTED_EDGE('',*,*,#15581,.T.);
#15584=ORIENTED_EDGE('',*,*,#15583,.T.);
#15585=ORIENTED_EDGE('',*,*,#15567,.F.);
#15586=EDGE_LOOP('',(#15580,#15582,#15584,#15585));
#15587=FACE_OUTER_BOUND('',#15586,.F.);
#15588=ADVANCED_FACE('',(#15587),#15579,.T.);
#15589=CARTESIAN_POINT('',(-1.34E1,-4.992697616537E0,-1.E2));
#15590=DIRECTION('',(0.E0,0.E0,1.E0));
#15591=DIRECTION('',(1.E0,0.E0,0.E0));
#15592=AXIS2_PLACEMENT_3D('',#15589,#15590,#15591);
#15593=CYLINDRICAL_SURFACE('',#15592,6.E-1);
#15594=ORIENTED_EDGE('',*,*,#14943,.F.);
#15596=ORIENTED_EDGE('',*,*,#15595,.T.);
#15598=ORIENTED_EDGE('',*,*,#15597,.T.);
#15599=ORIENTED_EDGE('',*,*,#15581,.F.);
#15600=EDGE_LOOP('',(#15594,#15596,#15598,#15599));
#15601=FACE_OUTER_BOUND('',#15600,.F.);
#15602=ADVANCED_FACE('',(#15601),#15593,.T.);
#15603=CARTESIAN_POINT('',(-1.271655658728E1,-3.460726066391E0,-1.E2));
#15604=DIRECTION('',(-7.071067811867E-1,7.071067811864E-1,0.E0));
#15605=DIRECTION('',(-7.071067811864E-1,-7.071067811867E-1,0.E0));
#15606=AXIS2_PLACEMENT_3D('',#15603,#15604,#15605);
#15607=PLANE('',#15606);
#15608=ORIENTED_EDGE('',*,*,#14941,.F.);
#15610=ORIENTED_EDGE('',*,*,#15609,.T.);
#15612=ORIENTED_EDGE('',*,*,#15611,.T.);
#15613=ORIENTED_EDGE('',*,*,#15595,.F.);
#15614=EDGE_LOOP('',(#15608,#15610,#15612,#15613));
#15615=FACE_OUTER_BOUND('',#15614,.F.);
#15616=ADVANCED_FACE('',(#15615),#15607,.T.);
#15617=CARTESIAN_POINT('',(-1.229229251857E1,-3.884990135103E0,-1.E2));
#15618=DIRECTION('',(0.E0,0.E0,1.E0));
#15619=DIRECTION('',(1.E0,0.E0,0.E0));
#15620=AXIS2_PLACEMENT_3D('',#15617,#15618,#15619);
#15621=CYLINDRICAL_SURFACE('',#15620,6.E-1);
#15622=ORIENTED_EDGE('',*,*,#14939,.F.);
#15624=ORIENTED_EDGE('',*,*,#15623,.T.);
#15626=ORIENTED_EDGE('',*,*,#15625,.T.);
#15627=ORIENTED_EDGE('',*,*,#15609,.F.);
#15628=EDGE_LOOP('',(#15622,#15624,#15626,#15627));
#15629=FACE_OUTER_BOUND('',#15628,.F.);
#15630=ADVANCED_FACE('',(#15629),#15621,.T.);
#15631=CARTESIAN_POINT('',(-1.272671501739E1,-4.826119826073E-1,-1.E2));
#15632=DIRECTION('',(0.E0,0.E0,1.E0));
#15633=DIRECTION('',(1.E0,0.E0,0.E0));
#15634=AXIS2_PLACEMENT_3D('',#15631,#15632,#15633);
#15635=CYLINDRICAL_SURFACE('',#15634,2.83E0);
#15636=ORIENTED_EDGE('',*,*,#14937,.F.);
#15638=ORIENTED_EDGE('',*,*,#15637,.T.);
#15640=ORIENTED_EDGE('',*,*,#15639,.T.);
#15641=ORIENTED_EDGE('',*,*,#15623,.F.);
#15642=EDGE_LOOP('',(#15636,#15638,#15640,#15641));
#15643=FACE_OUTER_BOUND('',#15642,.F.);
#15644=ADVANCED_FACE('',(#15643),#15635,.F.);
#15645=CARTESIAN_POINT('',(-9.324336864897E0,-9.170344814344E-1,-1.E2));
#15646=DIRECTION('',(0.E0,0.E0,1.E0));
#15647=DIRECTION('',(1.E0,0.E0,0.E0));
#15648=AXIS2_PLACEMENT_3D('',#15645,#15646,#15647);
#15649=CYLINDRICAL_SURFACE('',#15648,6.E-1);
#15650=ORIENTED_EDGE('',*,*,#14935,.F.);
#15652=ORIENTED_EDGE('',*,*,#15651,.T.);
#15654=ORIENTED_EDGE('',*,*,#15653,.T.);
#15655=ORIENTED_EDGE('',*,*,#15637,.F.);
#15656=EDGE_LOOP('',(#15650,#15652,#15654,#15655));
#15657=FACE_OUTER_BOUND('',#15656,.F.);
#15658=ADVANCED_FACE('',(#15657),#15649,.T.);
#15659=CARTESIAN_POINT('',(-9.255830520887E0,-1.137E-13,-1.E2));
#15660=DIRECTION('',(-7.071067811868E-1,7.071067811863E-1,0.E0));
#15661=DIRECTION('',(-7.071067811863E-1,-7.071067811868E-1,0.E0));
#15662=AXIS2_PLACEMENT_3D('',#15659,#15660,#15661);
#15663=PLANE('',#15662);
#15664=ORIENTED_EDGE('',*,*,#14933,.F.);
#15666=ORIENTED_EDGE('',*,*,#15665,.T.);
#15668=ORIENTED_EDGE('',*,*,#15667,.T.);
#15669=ORIENTED_EDGE('',*,*,#15651,.F.);
#15670=EDGE_LOOP('',(#15664,#15666,#15668,#15669));
#15671=FACE_OUTER_BOUND('',#15670,.F.);
#15672=ADVANCED_FACE('',(#15671),#15663,.T.);
#15673=CARTESIAN_POINT('',(9.255830520887E0,1.137E-13,-1.E2));
#15674=DIRECTION('',(-1.228414886632E-14,1.E0,0.E0));
#15675=DIRECTION('',(-1.E0,-1.228414886632E-14,0.E0));
#15676=AXIS2_PLACEMENT_3D('',#15673,#15674,#15675);
#15677=PLANE('',#15676);
#15678=ORIENTED_EDGE('',*,*,#14931,.F.);
#15680=ORIENTED_EDGE('',*,*,#15679,.T.);
#15682=ORIENTED_EDGE('',*,*,#15681,.T.);
#15683=ORIENTED_EDGE('',*,*,#15665,.F.);
#15684=EDGE_LOOP('',(#15678,#15680,#15682,#15683));
#15685=FACE_OUTER_BOUND('',#15684,.F.);
#15687=ORIENTED_EDGE('',*,*,#15686,.T.);
#15689=ORIENTED_EDGE('',*,*,#15688,.T.);
#15690=EDGE_LOOP('',(#15687,#15689));
#15691=FACE_BOUND('',#15690,.F.);
#15693=ORIENTED_EDGE('',*,*,#15692,.T.);
#15695=ORIENTED_EDGE('',*,*,#15694,.T.);
#15696=EDGE_LOOP('',(#15693,#15695));
#15697=FACE_BOUND('',#15696,.F.);
#15699=ORIENTED_EDGE('',*,*,#15698,.T.);
#15701=ORIENTED_EDGE('',*,*,#15700,.T.);
#15702=EDGE_LOOP('',(#15699,#15701));
#15703=FACE_BOUND('',#15702,.F.);
#15704=ADVANCED_FACE('',(#15685,#15691,#15697,#15703),#15677,.T.);
#15705=CARTESIAN_POINT('',(9.748600933609E0,-4.927704127227E-1,-1.E2));
#15706=DIRECTION('',(7.071067811867E-1,7.071067811864E-1,0.E0));
#15707=DIRECTION('',(-7.071067811864E-1,7.071067811867E-1,0.E0));
#15708=AXIS2_PLACEMENT_3D('',#15705,#15706,#15707);
#15709=PLANE('',#15708);
#15710=ORIENTED_EDGE('',*,*,#14929,.F.);
#15712=ORIENTED_EDGE('',*,*,#15711,.T.);
#15714=ORIENTED_EDGE('',*,*,#15713,.T.);
#15715=ORIENTED_EDGE('',*,*,#15679,.F.);
#15716=EDGE_LOOP('',(#15710,#15712,#15714,#15715));
#15717=FACE_OUTER_BOUND('',#15716,.F.);
#15718=ADVANCED_FACE('',(#15717),#15709,.T.);
#15719=CARTESIAN_POINT('',(9.324336864897E0,-9.170344814348E-1,-1.E2));
#15720=DIRECTION('',(0.E0,0.E0,1.E0));
#15721=DIRECTION('',(1.E0,0.E0,0.E0));
#15722=AXIS2_PLACEMENT_3D('',#15719,#15720,#15721);
#15723=CYLINDRICAL_SURFACE('',#15722,6.E-1);
#15724=ORIENTED_EDGE('',*,*,#14927,.F.);
#15726=ORIENTED_EDGE('',*,*,#15725,.T.);
#15728=ORIENTED_EDGE('',*,*,#15727,.T.);
#15729=ORIENTED_EDGE('',*,*,#15711,.F.);
#15730=EDGE_LOOP('',(#15724,#15726,#15728,#15729));
#15731=FACE_OUTER_BOUND('',#15730,.F.);
#15732=ADVANCED_FACE('',(#15731),#15723,.T.);
#15733=CARTESIAN_POINT('',(1.272671501739E1,-4.826119826073E-1,-1.E2));
#15734=DIRECTION('',(0.E0,0.E0,1.E0));
#15735=DIRECTION('',(1.E0,0.E0,0.E0));
#15736=AXIS2_PLACEMENT_3D('',#15733,#15734,#15735);
#15737=CYLINDRICAL_SURFACE('',#15736,2.83E0);
#15738=ORIENTED_EDGE('',*,*,#14925,.F.);
#15740=ORIENTED_EDGE('',*,*,#15739,.T.);
#15742=ORIENTED_EDGE('',*,*,#15741,.T.);
#15743=ORIENTED_EDGE('',*,*,#15725,.F.);
#15744=EDGE_LOOP('',(#15738,#15740,#15742,#15743));
#15745=FACE_OUTER_BOUND('',#15744,.F.);
#15746=ADVANCED_FACE('',(#15745),#15737,.F.);
#15747=CARTESIAN_POINT('',(1.229229251857E1,-3.884990135103E0,-1.E2));
#15748=DIRECTION('',(0.E0,0.E0,1.E0));
#15749=DIRECTION('',(1.E0,0.E0,0.E0));
#15750=AXIS2_PLACEMENT_3D('',#15747,#15748,#15749);
#15751=CYLINDRICAL_SURFACE('',#15750,6.E-1);
#15752=ORIENTED_EDGE('',*,*,#14923,.F.);
#15753=ORIENTED_EDGE('',*,*,#15034,.T.);
#15755=ORIENTED_EDGE('',*,*,#15754,.T.);
#15756=ORIENTED_EDGE('',*,*,#15739,.F.);
#15757=EDGE_LOOP('',(#15752,#15753,#15755,#15756));
#15758=FACE_OUTER_BOUND('',#15757,.F.);
#15759=ADVANCED_FACE('',(#15758),#15751,.T.);
#15760=CARTESIAN_POINT('',(0.E0,0.E0,1.E2));
#15761=DIRECTION('',(0.E0,0.E0,1.E0));
#15762=DIRECTION('',(1.E0,0.E0,0.E0));
#15763=AXIS2_PLACEMENT_3D('',#15760,#15761,#15762);
#15764=PLANE('',#15763);
#15765=ORIENTED_EDGE('',*,*,#15032,.F.);
#15766=ORIENTED_EDGE('',*,*,#15047,.F.);
#15767=ORIENTED_EDGE('',*,*,#15061,.F.);
#15768=ORIENTED_EDGE('',*,*,#15075,.F.);
#15769=ORIENTED_EDGE('',*,*,#15089,.F.);
#15770=ORIENTED_EDGE('',*,*,#15103,.F.);
#15771=ORIENTED_EDGE('',*,*,#15117,.F.);
#15772=ORIENTED_EDGE('',*,*,#15131,.F.);
#15773=ORIENTED_EDGE('',*,*,#15145,.F.);
#15774=ORIENTED_EDGE('',*,*,#15159,.F.);
#15775=ORIENTED_EDGE('',*,*,#15173,.F.);
#15776=ORIENTED_EDGE('',*,*,#15187,.F.);
#15777=ORIENTED_EDGE('',*,*,#15201,.F.);
#15778=ORIENTED_EDGE('',*,*,#15215,.F.);
#15779=ORIENTED_EDGE('',*,*,#15229,.F.);
#15780=ORIENTED_EDGE('',*,*,#15243,.F.);
#15781=ORIENTED_EDGE('',*,*,#15257,.F.);
#15782=ORIENTED_EDGE('',*,*,#15271,.F.);
#15783=ORIENTED_EDGE('',*,*,#15285,.F.);
#15784=ORIENTED_EDGE('',*,*,#15299,.F.);
#15785=ORIENTED_EDGE('',*,*,#15313,.F.);
#15786=ORIENTED_EDGE('',*,*,#15345,.F.);
#15787=ORIENTED_EDGE('',*,*,#15359,.F.);
#15788=ORIENTED_EDGE('',*,*,#15373,.F.);
#15789=ORIENTED_EDGE('',*,*,#15387,.F.);
#15790=ORIENTED_EDGE('',*,*,#15401,.F.);
#15791=ORIENTED_EDGE('',*,*,#15415,.F.);
#15792=ORIENTED_EDGE('',*,*,#15429,.F.);
#15793=ORIENTED_EDGE('',*,*,#15443,.F.);
#15794=ORIENTED_EDGE('',*,*,#15457,.F.);
#15795=ORIENTED_EDGE('',*,*,#15471,.F.);
#15796=ORIENTED_EDGE('',*,*,#15485,.F.);
#15797=ORIENTED_EDGE('',*,*,#15499,.F.);
#15798=ORIENTED_EDGE('',*,*,#15513,.F.);
#15799=ORIENTED_EDGE('',*,*,#15527,.F.);
#15800=ORIENTED_EDGE('',*,*,#15541,.F.);
#15801=ORIENTED_EDGE('',*,*,#15555,.F.);
#15802=ORIENTED_EDGE('',*,*,#15569,.F.);
#15803=ORIENTED_EDGE('',*,*,#15583,.F.);
#15804=ORIENTED_EDGE('',*,*,#15597,.F.);
#15805=ORIENTED_EDGE('',*,*,#15611,.F.);
#15806=ORIENTED_EDGE('',*,*,#15625,.F.);
#15807=ORIENTED_EDGE('',*,*,#15639,.F.);
#15808=ORIENTED_EDGE('',*,*,#15653,.F.);
#15809=ORIENTED_EDGE('',*,*,#15667,.F.);
#15810=ORIENTED_EDGE('',*,*,#15681,.F.);
#15811=ORIENTED_EDGE('',*,*,#15713,.F.);
#15812=ORIENTED_EDGE('',*,*,#15727,.F.);
#15813=ORIENTED_EDGE('',*,*,#15741,.F.);
#15814=ORIENTED_EDGE('',*,*,#15754,.F.);
#15815=EDGE_LOOP('',(#15765,#15766,#15767,#15768,#15769,#15770,#15771,#15772,
#15773,#15774,#15775,#15776,#15777,#15778,#15779,#15780,#15781,#15782,#15783,
#15784,#15785,#15786,#15787,#15788,#15789,#15790,#15791,#15792,#15793,#15794,
#15795,#15796,#15797,#15798,#15799,#15800,#15801,#15802,#15803,#15804,#15805,
#15806,#15807,#15808,#15809,#15810,#15811,#15812,#15813,#15814));
#15816=FACE_OUTER_BOUND('',#15815,.F.);
#15817=ADVANCED_FACE('',(#15816),#15764,.T.);
#15818=CARTESIAN_POINT('',(0.E0,0.E0,8.E1));
#15819=DIRECTION('',(-1.228414886632E-14,1.E0,0.E0));
#15820=DIRECTION('',(-1.E0,-1.228414886632E-14,0.E0));
#15821=AXIS2_PLACEMENT_3D('',#15818,#15819,#15820);
#15822=CYLINDRICAL_SURFACE('',#15821,7.E0);
#15823=ORIENTED_EDGE('',*,*,#15686,.F.);
#15825=ORIENTED_EDGE('',*,*,#15824,.T.);
#15827=ORIENTED_EDGE('',*,*,#15826,.T.);
#15829=ORIENTED_EDGE('',*,*,#15828,.F.);
#15830=EDGE_LOOP('',(#15823,#15825,#15827,#15829));
#15831=FACE_OUTER_BOUND('',#15830,.F.);
#15832=ADVANCED_FACE('',(#15831),#15822,.F.);
#15833=CARTESIAN_POINT('',(0.E0,0.E0,8.E1));
#15834=DIRECTION('',(-1.228414886632E-14,1.E0,0.E0));
#15835=DIRECTION('',(-1.E0,-1.228414886632E-14,0.E0));
#15836=AXIS2_PLACEMENT_3D('',#15833,#15834,#15835);
#15837=CYLINDRICAL_SURFACE('',#15836,7.E0);
#15838=ORIENTED_EDGE('',*,*,#15688,.F.);
#15839=ORIENTED_EDGE('',*,*,#15828,.T.);
#15841=ORIENTED_EDGE('',*,*,#15840,.T.);
#15842=ORIENTED_EDGE('',*,*,#15824,.F.);
#15843=EDGE_LOOP('',(#15838,#15839,#15841,#15842));
#15844=FACE_OUTER_BOUND('',#15843,.F.);
#15845=ADVANCED_FACE('',(#15844),#15837,.F.);
#15846=CARTESIAN_POINT('',(1.474097863958E-13,-1.2E1,0.E0));
#15847=DIRECTION('',(-1.228414886632E-14,1.E0,0.E0));
#15848=DIRECTION('',(-1.E0,-1.228414886632E-14,0.E0));
#15849=AXIS2_PLACEMENT_3D('',#15846,#15847,#15848);
#15850=PLANE('',#15849);
#15851=ORIENTED_EDGE('',*,*,#15826,.F.);
#15852=ORIENTED_EDGE('',*,*,#15840,.F.);
#15853=EDGE_LOOP('',(#15851,#15852));
#15854=FACE_OUTER_BOUND('',#15853,.F.);
#15856=ORIENTED_EDGE('',*,*,#15855,.T.);
#15858=ORIENTED_EDGE('',*,*,#15857,.T.);
#15859=EDGE_LOOP('',(#15856,#15858));
#15860=FACE_BOUND('',#15859,.F.);
#15861=ADVANCED_FACE('',(#15854,#15860),#15850,.T.);
#15862=CARTESIAN_POINT('',(1.474097863958E-13,-1.2E1,0.E0));
#15863=DIRECTION('',(-1.228414886632E-14,1.E0,0.E0));
#15864=DIRECTION('',(-1.E0,-1.228414886632E-14,0.E0));
#15865=AXIS2_PLACEMENT_3D('',#15862,#15863,#15864);
#15866=PLANE('',#15865);
#15868=ORIENTED_EDGE('',*,*,#15867,.F.);
#15870=ORIENTED_EDGE('',*,*,#15869,.F.);
#15871=EDGE_LOOP('',(#15868,#15870));
#15872=FACE_OUTER_BOUND('',#15871,.F.);
#15874=ORIENTED_EDGE('',*,*,#15873,.T.);
#15876=ORIENTED_EDGE('',*,*,#15875,.T.);
#15877=EDGE_LOOP('',(#15874,#15876));
#15878=FACE_BOUND('',#15877,.F.);
#15879=ADVANCED_FACE('',(#15872,#15878),#15866,.T.);
#15880=CARTESIAN_POINT('',(1.474097863958E-13,-1.2E1,0.E0));
#15881=DIRECTION('',(-1.228414886632E-14,1.E0,0.E0));
#15882=DIRECTION('',(-1.E0,-1.228414886632E-14,0.E0));
#15883=AXIS2_PLACEMENT_3D('',#15880,#15881,#15882);
#15884=PLANE('',#15883);
#15886=ORIENTED_EDGE('',*,*,#15885,.F.);
#15888=ORIENTED_EDGE('',*,*,#15887,.F.);
#15889=EDGE_LOOP('',(#15886,#15888));
#15890=FACE_OUTER_BOUND('',#15889,.F.);
#15892=ORIENTED_EDGE('',*,*,#15891,.T.);
#15894=ORIENTED_EDGE('',*,*,#15893,.T.);
#15895=EDGE_LOOP('',(#15892,#15894));
#15896=FACE_BOUND('',#15895,.F.);
#15897=ADVANCED_FACE('',(#15890,#15896),#15884,.T.);
#15898=CARTESIAN_POINT('',(0.E0,0.E0,0.E0));
#15899=DIRECTION('',(-1.228414886632E-14,1.E0,0.E0));
#15900=DIRECTION('',(-1.E0,-1.228414886632E-14,0.E0));
#15901=AXIS2_PLACEMENT_3D('',#15898,#15899,#15900);
#15902=CYLINDRICAL_SURFACE('',#15901,7.E0);
#15903=ORIENTED_EDGE('',*,*,#15692,.F.);
#15905=ORIENTED_EDGE('',*,*,#15904,.T.);
#15906=ORIENTED_EDGE('',*,*,#15867,.T.);
#15908=ORIENTED_EDGE('',*,*,#15907,.F.);
#15909=EDGE_LOOP('',(#15903,#15905,#15906,#15908));
#15910=FACE_OUTER_BOUND('',#15909,.F.);
#15911=ADVANCED_FACE('',(#15910),#15902,.F.);
#15912=CARTESIAN_POINT('',(0.E0,0.E0,0.E0));
#15913=DIRECTION('',(-1.228414886632E-14,1.E0,0.E0));
#15914=DIRECTION('',(-1.E0,-1.228414886632E-14,0.E0));
#15915=AXIS2_PLACEMENT_3D('',#15912,#15913,#15914);
#15916=CYLINDRICAL_SURFACE('',#15915,7.E0);
#15917=ORIENTED_EDGE('',*,*,#15694,.F.);
#15918=ORIENTED_EDGE('',*,*,#15907,.T.);
#15919=ORIENTED_EDGE('',*,*,#15869,.T.);
#15920=ORIENTED_EDGE('',*,*,#15904,.F.);
#15921=EDGE_LOOP('',(#15917,#15918,#15919,#15920));
#15922=FACE_OUTER_BOUND('',#15921,.F.);
#15923=ADVANCED_FACE('',(#15922),#15916,.F.);
#15924=CARTESIAN_POINT('',(0.E0,0.E0,-8.E1));
#15925=DIRECTION('',(-1.228414886632E-14,1.E0,0.E0));
#15926=DIRECTION('',(-1.E0,-1.228414886632E-14,0.E0));
#15927=AXIS2_PLACEMENT_3D('',#15924,#15925,#15926);
#15928=CYLINDRICAL_SURFACE('',#15927,7.E0);
#15929=ORIENTED_EDGE('',*,*,#15698,.F.);
#15931=ORIENTED_EDGE('',*,*,#15930,.T.);
#15932=ORIENTED_EDGE('',*,*,#15885,.T.);
#15934=ORIENTED_EDGE('',*,*,#15933,.F.);
#15935=EDGE_LOOP('',(#15929,#15931,#15932,#15934));
#15936=FACE_OUTER_BOUND('',#15935,.F.);
#15937=ADVANCED_FACE('',(#15936),#15928,.F.);
#15938=CARTESIAN_POINT('',(0.E0,0.E0,-8.E1));
#15939=DIRECTION('',(-1.228414886632E-14,1.E0,0.E0));
#15940=DIRECTION('',(-1.E0,-1.228414886632E-14,0.E0));
#15941=AXIS2_PLACEMENT_3D('',#15938,#15939,#15940);
#15942=CYLINDRICAL_SURFACE('',#15941,7.E0);
#15943=ORIENTED_EDGE('',*,*,#15700,.F.);
#15944=ORIENTED_EDGE('',*,*,#15933,.T.);
#15945=ORIENTED_EDGE('',*,*,#15887,.T.);
#15946=ORIENTED_EDGE('',*,*,#15930,.F.);
#15947=EDGE_LOOP('',(#15943,#15944,#15945,#15946));
#15948=FACE_OUTER_BOUND('',#15947,.F.);
#15949=ADVANCED_FACE('',(#15948),#15942,.F.);
#15950=CARTESIAN_POINT('',(0.E0,0.E0,0.E0));
#15951=DIRECTION('',(-1.228414886632E-14,1.E0,0.E0));
#15952=DIRECTION('',(-1.E0,-1.228414886632E-14,0.E0));
#15953=AXIS2_PLACEMENT_3D('',#15950,#15951,#15952);
#15954=CYLINDRICAL_SURFACE('',#15953,4.5E0);
#15955=ORIENTED_EDGE('',*,*,#15873,.F.);
#15957=ORIENTED_EDGE('',*,*,#15956,.T.);
#15958=ORIENTED_EDGE('',*,*,#15318,.T.);
#15960=ORIENTED_EDGE('',*,*,#15959,.F.);
#15961=EDGE_LOOP('',(#15955,#15957,#15958,#15960));
#15962=FACE_OUTER_BOUND('',#15961,.F.);
#15963=ADVANCED_FACE('',(#15962),#15954,.F.);
#15964=CARTESIAN_POINT('',(0.E0,0.E0,0.E0));
#15965=DIRECTION('',(-1.228414886632E-14,1.E0,0.E0));
#15966=DIRECTION('',(-1.E0,-1.228414886632E-14,0.E0));
#15967=AXIS2_PLACEMENT_3D('',#15964,#15965,#15966);
#15968=CYLINDRICAL_SURFACE('',#15967,4.5E0);
#15969=ORIENTED_EDGE('',*,*,#15875,.F.);
#15970=ORIENTED_EDGE('',*,*,#15959,.T.);
#15971=ORIENTED_EDGE('',*,*,#15320,.T.);
#15972=ORIENTED_EDGE('',*,*,#15956,.F.);
#15973=EDGE_LOOP('',(#15969,#15970,#15971,#15972));
#15974=FACE_OUTER_BOUND('',#15973,.F.);
#15975=ADVANCED_FACE('',(#15974),#15968,.F.);
#15976=CARTESIAN_POINT('',(0.E0,0.E0,8.E1));
#15977=DIRECTION('',(-1.228414886632E-14,1.E0,0.E0));
#15978=DIRECTION('',(-1.E0,-1.228414886632E-14,0.E0));
#15979=AXIS2_PLACEMENT_3D('',#15976,#15977,#15978);
#15980=CYLINDRICAL_SURFACE('',#15979,4.5E0);
#15981=ORIENTED_EDGE('',*,*,#15855,.F.);
#15983=ORIENTED_EDGE('',*,*,#15982,.T.);
#15984=ORIENTED_EDGE('',*,*,#15324,.T.);
#15986=ORIENTED_EDGE('',*,*,#15985,.F.);
#15987=EDGE_LOOP('',(#15981,#15983,#15984,#15986));
#15988=FACE_OUTER_BOUND('',#15987,.F.);
#15989=ADVANCED_FACE('',(#15988),#15980,.F.);
#15990=CARTESIAN_POINT('',(0.E0,0.E0,8.E1));
#15991=DIRECTION('',(-1.228414886632E-14,1.E0,0.E0));
#15992=DIRECTION('',(-1.E0,-1.228414886632E-14,0.E0));
#15993=AXIS2_PLACEMENT_3D('',#15990,#15991,#15992);
#15994=CYLINDRICAL_SURFACE('',#15993,4.5E0);
#15995=ORIENTED_EDGE('',*,*,#15857,.F.);
#15996=ORIENTED_EDGE('',*,*,#15985,.T.);
#15997=ORIENTED_EDGE('',*,*,#15326,.T.);
#15998=ORIENTED_EDGE('',*,*,#15982,.F.);
#15999=EDGE_LOOP('',(#15995,#15996,#15997,#15998));
#16000=FACE_OUTER_BOUND('',#15999,.F.);
#16001=ADVANCED_FACE('',(#16000),#15994,.F.);
#16002=CARTESIAN_POINT('',(0.E0,0.E0,-8.E1));
#16003=DIRECTION('',(-1.228414886632E-14,1.E0,0.E0));
#16004=DIRECTION('',(-1.E0,-1.228414886632E-14,0.E0));
#16005=AXIS2_PLACEMENT_3D('',#16002,#16003,#16004);
#16006=CYLINDRICAL_SURFACE('',#16005,4.5E0);
#16007=ORIENTED_EDGE('',*,*,#15891,.F.);
#16009=ORIENTED_EDGE('',*,*,#16008,.T.);
#16010=ORIENTED_EDGE('',*,*,#15330,.T.);
#16012=ORIENTED_EDGE('',*,*,#16011,.F.);
#16013=EDGE_LOOP('',(#16007,#16009,#16010,#16012));
#16014=FACE_OUTER_BOUND('',#16013,.F.);
#16015=ADVANCED_FACE('',(#16014),#16006,.F.);
#16016=CARTESIAN_POINT('',(0.E0,0.E0,-8.E1));
#16017=DIRECTION('',(-1.228414886632E-14,1.E0,0.E0));
#16018=DIRECTION('',(-1.E0,-1.228414886632E-14,0.E0));
#16019=AXIS2_PLACEMENT_3D('',#16016,#16017,#16018);
#16020=CYLINDRICAL_SURFACE('',#16019,4.5E0);
#16021=ORIENTED_EDGE('',*,*,#15893,.F.);
#16022=ORIENTED_EDGE('',*,*,#16011,.T.);
#16023=ORIENTED_EDGE('',*,*,#15332,.T.);
#16024=ORIENTED_EDGE('',*,*,#16008,.F.);
#16025=EDGE_LOOP('',(#16021,#16022,#16023,#16024));
#16026=FACE_OUTER_BOUND('',#16025,.F.);
#16027=ADVANCED_FACE('',(#16026),#16020,.F.);
#16028=CLOSED_SHELL('',(#15023,#15038,#15052,#15066,#15080,#15094,#15108,#15122,
#15136,#15150,#15164,#15178,#15192,#15206,#15220,#15234,#15248,#15262,#15276,
#15290,#15304,#15336,#15350,#15364,#15378,#15392,#15406,#15420,#15434,#15448,
#15462,#15476,#15490,#15504,#15518,#15532,#15546,#15560,#15574,#15588,#15602,
#15616,#15630,#15644,#15658,#15672,#15704,#15718,#15732,#15746,#15759,#15817,
#15832,#15845,#15861,#15879,#15897,#15911,#15923,#15937,#15949,#15963,#15975,
#15989,#16001,#16015,#16027));
#16029=MANIFOLD_SOLID_BREP('',#16028);
#16030=(LENGTH_UNIT()NAMED_UNIT(*)SI_UNIT(.MILLI.,.METRE.));
#16031=DIMENSIONAL_EXPONENTS(0.E0,0.E0,0.E0,0.E0,0.E0,0.E0,0.E0);
#16032=(NAMED_UNIT(*)PLANE_ANGLE_UNIT()SI_UNIT($,.RADIAN.));
#16033=PLANE_ANGLE_MEASURE_WITH_UNIT(PLANE_ANGLE_MEASURE(1.745329251994E-2),
#16032);
#16034=(CONVERSION_BASED_UNIT('DEGREE',#16033)NAMED_UNIT(#16031)PLANE_ANGLE_UNIT());
#16035=(NAMED_UNIT(*)SI_UNIT($,.STERADIAN.)SOLID_ANGLE_UNIT());
#16036=UNCERTAINTY_MEASURE_WITH_UNIT(LENGTH_MEASURE(2.036091433761E-2),#16030,
'closure',
'Maximum model space distance between geometric entities at asserted connectivities');
#16037=(GEOMETRIC_REPRESENTATION_CONTEXT(3)GLOBAL_UNCERTAINTY_ASSIGNED_CONTEXT((
#16036))GLOBAL_UNIT_ASSIGNED_CONTEXT((#16030,#16034,#16035))REPRESENTATION_CONTEXT('ID2','3'));
#16038=CARTESIAN_POINT('',(0.E0,0.E0,0.E0));
#16039=DIRECTION('',(0.E0,0.E0,1.E0));
#16040=DIRECTION('',(1.E0,0.E0,0.E0));
#16043=APPLICATION_CONTEXT(
'CONFIGURATION CONTROLLED 3D DESIGNS OF MECHANICAL PARTS AND ASSEMBLIES');
#16044=APPLICATION_PROTOCOL_DEFINITION('international standard',
'config_control_design',1994,#16043);
#16045=DESIGN_CONTEXT('',#16043,'design');
#16046=MECHANICAL_CONTEXT('',#16043,'mechanical');
#16047=PRODUCT('HGR30','HGR30','NOT SPECIFIED',(#16046));
#16048=PRODUCT_DEFINITION_FORMATION_WITH_SPECIFIED_SOURCE('1','LAST_VERSION',
#16047,.MADE.);
#16054=CARTESIAN_POINT('',(0.E0,0.E0,0.E0));
#16055=DIRECTION('',(0.E0,0.E0,1.E0));
#16056=DIRECTION('',(1.E0,0.E0,0.E0));
#16057=AXIS2_PLACEMENT_3D('',#16054,#16055,#16056);
#16058=ITEM_DEFINED_TRANSFORMATION('','',#16041,#16057);
#16059=(REPRESENTATION_RELATIONSHIP('','',#16042,#13846)REPRESENTATION_RELATIONSHIP_WITH_TRANSFORMATION(#16058)SHAPE_REPRESENTATION_RELATIONSHIP());
#16060=CONTEXT_DEPENDENT_SHAPE_REPRESENTATION(#16059,#16053);
#16061=(LENGTH_UNIT()NAMED_UNIT(*)SI_UNIT(.MILLI.,.METRE.));
#16062=DIMENSIONAL_EXPONENTS(0.E0,0.E0,0.E0,0.E0,0.E0,0.E0,0.E0);
#16063=(NAMED_UNIT(*)PLANE_ANGLE_UNIT()SI_UNIT($,.RADIAN.));
#16064=PLANE_ANGLE_MEASURE_WITH_UNIT(PLANE_ANGLE_MEASURE(1.745329251994E-2),
#16063);
#16065=(CONVERSION_BASED_UNIT('DEGREE',#16064)NAMED_UNIT(#16062)PLANE_ANGLE_UNIT());
#16066=(NAMED_UNIT(*)SI_UNIT($,.STERADIAN.)SOLID_ANGLE_UNIT());
#16067=UNCERTAINTY_MEASURE_WITH_UNIT(LENGTH_MEASURE(2.232935533323E-2),#16061,
'closure',
'Maximum model space distance between geometric entities at asserted connectivities');
#16068=(GEOMETRIC_REPRESENTATION_CONTEXT(3)GLOBAL_UNCERTAINTY_ASSIGNED_CONTEXT((
#16067))GLOBAL_UNIT_ASSIGNED_CONTEXT((#16061,#16065,#16066))REPRESENTATION_CONTEXT('ID3','3'));
#16069=CARTESIAN_POINT('',(0.E0,0.E0,0.E0));
#16070=DIRECTION('',(0.E0,0.E0,1.E0));
#16071=DIRECTION('',(1.E0,0.E0,0.E0));
#16073=APPLICATION_CONTEXT(
'CONFIGURATION CONTROLLED 3D DESIGNS OF MECHANICAL PARTS AND ASSEMBLIES');
#16074=APPLICATION_PROTOCOL_DEFINITION('international standard',
'config_control_design',1994,#16073);
#16075=DESIGN_CONTEXT('',#16073,'design');
#16076=MECHANICAL_CONTEXT('',#16073,'mechanical');
#16077=PRODUCT('HGW30_ASM','HGW30_ASM','NOT SPECIFIED',(#16076));
#16078=PRODUCT_DEFINITION_FORMATION_WITH_SPECIFIED_SOURCE('1','LAST_VERSION',
#16077,.MADE.);
#16080=PRODUCT_CATEGORY('part','');
#16081=PRODUCT_RELATED_PRODUCT_CATEGORY('assembly','',(#16077));
#16082=PRODUCT_CATEGORY_RELATIONSHIP('','',#16080,#16081);
#16083=PRODUCT_CATEGORY('part','');
#16084=PRODUCT_RELATED_PRODUCT_CATEGORY('detail','',(#13839,#16047));
#16085=PRODUCT_CATEGORY_RELATIONSHIP('','',#16083,#16084);
#16086=SECURITY_CLASSIFICATION_LEVEL('unclassified');
#16087=SECURITY_CLASSIFICATION('','',#16086);
#16088=CC_DESIGN_SECURITY_CLASSIFICATION(#16087,(#13840,#16048,#16078,#13847,
#16052));
#16089=APPROVAL_STATUS('approved');
#16090=APPROVAL(#16089,'');
#16091=CC_DESIGN_APPROVAL(#16090,(#16087,#13840,#16048,#16078,#13841,#16049,
#16079));
#16092=CALENDAR_DATE(106,23,8);
#16093=COORDINATED_UNIVERSAL_TIME_OFFSET(8,0,.AHEAD.);
#16094=LOCAL_TIME(13,8,3.3E1,#16093);
#16095=DATE_AND_TIME(#16092,#16094);
#16096=APPROVAL_DATE_TIME(#16095,#16090);
#16097=DATE_TIME_ROLE('creation_date');
#16098=CC_DESIGN_DATE_AND_TIME_ASSIGNMENT(#16095,#16097,(#13841,#16049,#16079));
#16099=DATE_TIME_ROLE('classification_date');
#16100=CC_DESIGN_DATE_AND_TIME_ASSIGNMENT(#16095,#16099,(#16087));
#16101=PERSON('UNSPECIFIED','UNSPECIFIED',$,$,$,$);
#16102=ORGANIZATION('UNSPECIFIED','UNSPECIFIED','UNSPECIFIED');
#16103=PERSON_AND_ORGANIZATION(#16101,#16102);
#16104=APPROVAL_ROLE('approver');
#16105=APPROVAL_PERSON_ORGANIZATION(#16103,#16090,#16104);
#16106=PERSON_AND_ORGANIZATION_ROLE('creator');
#16107=CC_DESIGN_PERSON_AND_ORGANIZATION_ASSIGNMENT(#16103,#16106,(#13840,
#16048,#16078,#13841,#16049,#16079));
#16108=PERSON_AND_ORGANIZATION_ROLE('design_supplier');
#16109=CC_DESIGN_PERSON_AND_ORGANIZATION_ASSIGNMENT(#16103,#16108,(#13840,
#16048,#16078));
#16110=PERSON_AND_ORGANIZATION_ROLE('classification_officer');
#16111=CC_DESIGN_PERSON_AND_ORGANIZATION_ASSIGNMENT(#16103,#16110,(#16087));
#16112=PERSON_AND_ORGANIZATION_ROLE('design_owner');
#16113=CC_DESIGN_PERSON_AND_ORGANIZATION_ASSIGNMENT(#16103,#16112,(#16077,
#13839,#16047));
#153=CIRCLE('',#152,7.E0);
#166=CIRCLE('',#165,7.E0);
#179=CIRCLE('',#178,7.E0);
#192=CIRCLE('',#191,7.E0);
#229=CIRCLE('',#228,5.E0);
#234=CIRCLE('',#233,5.E0);
#239=CIRCLE('',#238,5.E0);
#244=CIRCLE('',#243,5.E0);
#281=CIRCLE('',#280,5.E0);
#286=CIRCLE('',#285,5.E0);
#291=CIRCLE('',#290,5.E0);
#296=CIRCLE('',#295,5.E0);
#340=B_SPLINE_CURVE_WITH_KNOTS('',3,(#329,#330,#331,#332,#333,#334,#335,#336,
#337,#338,#339),.UNSPECIFIED.,.F.,.F.,(4,1,1,1,1,1,1,1,4),(0.E0,1.25E-1,2.5E-1,
3.75E-1,5.E-1,6.25E-1,7.5E-1,8.75E-1,1.E0),.UNSPECIFIED.);
#345=CIRCLE('',#344,2.5E0);
#350=CIRCLE('',#349,2.5E0);
#362=B_SPLINE_CURVE_WITH_KNOTS('',3,(#351,#352,#353,#354,#355,#356,#357,#358,
#359,#360,#361),.UNSPECIFIED.,.F.,.F.,(4,1,1,1,1,1,1,1,4),(0.E0,1.25E-1,2.5E-1,
3.75E-1,5.E-1,6.25E-1,7.5E-1,8.75E-1,1.E0),.UNSPECIFIED.);
#376=B_SPLINE_CURVE_WITH_KNOTS('',3,(#371,#372,#373,#374,#375),.UNSPECIFIED.,
.F.,.F.,(4,1,4),(0.E0,5.E-1,1.E0),.UNSPECIFIED.);
#382=B_SPLINE_CURVE_WITH_KNOTS('',3,(#377,#378,#379,#380,#381),.UNSPECIFIED.,
.F.,.F.,(4,1,4),(0.E0,5.E-1,1.E0),.UNSPECIFIED.);
#397=B_SPLINE_CURVE_WITH_KNOTS('',3,(#391,#392,#393,#394,#395,#396),
.UNSPECIFIED.,.F.,.F.,(4,1,1,4),(0.E0,5.E-1,7.5E-1,1.E0),.UNSPECIFIED.);
#408=B_SPLINE_CURVE_WITH_KNOTS('',3,(#402,#403,#404,#405,#406,#407),
.UNSPECIFIED.,.F.,.F.,(4,1,1,4),(0.E0,2.5E-1,5.E-1,1.E0),.UNSPECIFIED.);
#415=B_SPLINE_CURVE_WITH_KNOTS('',3,(#409,#410,#411,#412,#413,#414),
.UNSPECIFIED.,.F.,.F.,(4,1,1,4),(0.E0,5.E-1,7.5E-1,1.E0),.UNSPECIFIED.);
#426=B_SPLINE_CURVE_WITH_KNOTS('',3,(#420,#421,#422,#423,#424,#425),
.UNSPECIFIED.,.F.,.F.,(4,1,1,4),(0.E0,2.5E-1,5.E-1,1.E0),.UNSPECIFIED.);
#795=CIRCLE('',#794,8.E-1);
#804=CIRCLE('',#803,8.E-1);
#813=CIRCLE('',#812,6.E-1);
#818=CIRCLE('',#817,2.83E0);
#823=CIRCLE('',#822,6.E-1);
#832=CIRCLE('',#831,6.E-1);
#841=CIRCLE('',#840,6.E-1);
#850=CIRCLE('',#849,6.E-1);
#855=CIRCLE('',#854,2.83E0);
#860=CIRCLE('',#859,6.E-1);
#877=CIRCLE('',#876,6.E-1);
#882=CIRCLE('',#881,2.83E0);
#887=CIRCLE('',#886,6.E-1);
#896=CIRCLE('',#895,6.E-1);
#905=CIRCLE('',#904,6.E-1);
#914=CIRCLE('',#913,6.E-1);
#919=CIRCLE('',#918,2.83E0);
#924=CIRCLE('',#923,6.E-1);
#933=CIRCLE('',#932,8.E-1);
#942=CIRCLE('',#941,8.E-1);
#1047=CIRCLE('',#1046,8.E-1);
#1056=CIRCLE('',#1055,8.E-1);
#1065=CIRCLE('',#1064,6.E-1);
#1070=CIRCLE('',#1069,2.83E0);
#1075=CIRCLE('',#1074,6.E-1);
#1084=CIRCLE('',#1083,6.E-1);
#1093=CIRCLE('',#1092,6.E-1);
#1102=CIRCLE('',#1101,6.E-1);
#1107=CIRCLE('',#1106,2.83E0);
#1112=CIRCLE('',#1111,6.E-1);
#1129=CIRCLE('',#1128,6.E-1);
#1134=CIRCLE('',#1133,2.83E0);
#1139=CIRCLE('',#1138,6.E-1);
#1148=CIRCLE('',#1147,6.E-1);
#1157=CIRCLE('',#1156,6.E-1);
#1166=CIRCLE('',#1165,6.E-1);
#1171=CIRCLE('',#1170,2.83E0);
#1176=CIRCLE('',#1175,6.E-1);
#1185=CIRCLE('',#1184,8.E-1);
#1194=CIRCLE('',#1193,8.E-1);
#1211=B_SPLINE_CURVE_WITH_KNOTS('',3,(#1207,#1208,#1209,#1210),.UNSPECIFIED.,
.F.,.F.,(4,4),(0.E0,1.E0),.UNSPECIFIED.);
#1216=B_SPLINE_CURVE_WITH_KNOTS('',3,(#1212,#1213,#1214,#1215),.UNSPECIFIED.,
.F.,.F.,(4,4),(0.E0,1.E0),.UNSPECIFIED.);
#1233=B_SPLINE_CURVE_WITH_KNOTS('',3,(#1229,#1230,#1231,#1232),.UNSPECIFIED.,
.F.,.F.,(4,4),(0.E0,1.E0),.UNSPECIFIED.);
#1238=B_SPLINE_CURVE_WITH_KNOTS('',3,(#1234,#1235,#1236,#1237),.UNSPECIFIED.,
.F.,.F.,(4,4),(0.E0,1.E0),.UNSPECIFIED.);
#1247=B_SPLINE_CURVE_WITH_KNOTS('',3,(#1243,#1244,#1245,#1246),.UNSPECIFIED.,
.F.,.F.,(4,4),(0.E0,1.E0),.UNSPECIFIED.);
#1252=B_SPLINE_CURVE_WITH_KNOTS('',3,(#1248,#1249,#1250,#1251),.UNSPECIFIED.,
.F.,.F.,(4,4),(0.E0,1.E0),.UNSPECIFIED.);
#1269=B_SPLINE_CURVE_WITH_KNOTS('',3,(#1265,#1266,#1267,#1268),.UNSPECIFIED.,
.F.,.F.,(4,4),(0.E0,1.E0),.UNSPECIFIED.);
#1274=B_SPLINE_CURVE_WITH_KNOTS('',3,(#1270,#1271,#1272,#1273),.UNSPECIFIED.,
.F.,.F.,(4,4),(0.E0,1.E0),.UNSPECIFIED.);
#1291=B_SPLINE_CURVE_WITH_KNOTS('',3,(#1287,#1288,#1289,#1290),.UNSPECIFIED.,
.F.,.F.,(4,4),(0.E0,1.E0),.UNSPECIFIED.);
#1296=B_SPLINE_CURVE_WITH_KNOTS('',3,(#1292,#1293,#1294,#1295),.UNSPECIFIED.,
.F.,.F.,(4,4),(0.E0,1.E0),.UNSPECIFIED.);
#1313=B_SPLINE_CURVE_WITH_KNOTS('',3,(#1309,#1310,#1311,#1312),.UNSPECIFIED.,
.F.,.F.,(4,4),(0.E0,1.E0),.UNSPECIFIED.);
#1318=B_SPLINE_CURVE_WITH_KNOTS('',3,(#1314,#1315,#1316,#1317),.UNSPECIFIED.,
.F.,.F.,(4,4),(0.E0,1.E0),.UNSPECIFIED.);
#1327=B_SPLINE_CURVE_WITH_KNOTS('',3,(#1323,#1324,#1325,#1326),.UNSPECIFIED.,
.F.,.F.,(4,4),(0.E0,1.E0),.UNSPECIFIED.);
#1332=B_SPLINE_CURVE_WITH_KNOTS('',3,(#1328,#1329,#1330,#1331),.UNSPECIFIED.,
.F.,.F.,(4,4),(0.E0,1.E0),.UNSPECIFIED.);
#1349=B_SPLINE_CURVE_WITH_KNOTS('',3,(#1345,#1346,#1347,#1348),.UNSPECIFIED.,
.F.,.F.,(4,4),(0.E0,1.E0),.UNSPECIFIED.);
#1354=B_SPLINE_CURVE_WITH_KNOTS('',3,(#1350,#1351,#1352,#1353),.UNSPECIFIED.,
.F.,.F.,(4,4),(0.E0,1.E0),.UNSPECIFIED.);
#1375=B_SPLINE_CURVE_WITH_KNOTS('',3,(#1371,#1372,#1373,#1374),.UNSPECIFIED.,
.F.,.F.,(4,4),(0.E0,1.E0),.UNSPECIFIED.);
#1380=B_SPLINE_CURVE_WITH_KNOTS('',3,(#1376,#1377,#1378,#1379),.UNSPECIFIED.,
.F.,.F.,(4,4),(0.E0,1.E0),.UNSPECIFIED.);
#1389=B_SPLINE_CURVE_WITH_KNOTS('',3,(#1385,#1386,#1387,#1388),.UNSPECIFIED.,
.F.,.F.,(4,4),(0.E0,1.E0),.UNSPECIFIED.);
#1394=B_SPLINE_CURVE_WITH_KNOTS('',3,(#1390,#1391,#1392,#1393),.UNSPECIFIED.,
.F.,.F.,(4,4),(0.E0,1.E0),.UNSPECIFIED.);
#1411=B_SPLINE_CURVE_WITH_KNOTS('',3,(#1407,#1408,#1409,#1410),.UNSPECIFIED.,
.F.,.F.,(4,4),(0.E0,1.E0),.UNSPECIFIED.);
#1416=B_SPLINE_CURVE_WITH_KNOTS('',3,(#1412,#1413,#1414,#1415),.UNSPECIFIED.,
.F.,.F.,(4,4),(0.E0,1.E0),.UNSPECIFIED.);
#1425=B_SPLINE_CURVE_WITH_KNOTS('',3,(#1421,#1422,#1423,#1424),.UNSPECIFIED.,
.F.,.F.,(4,4),(0.E0,1.E0),.UNSPECIFIED.);
#1430=B_SPLINE_CURVE_WITH_KNOTS('',3,(#1426,#1427,#1428,#1429),.UNSPECIFIED.,
.F.,.F.,(4,4),(0.E0,1.E0),.UNSPECIFIED.);
#1443=B_SPLINE_CURVE_WITH_KNOTS('',3,(#1439,#1440,#1441,#1442),.UNSPECIFIED.,
.F.,.F.,(4,4),(0.E0,1.E0),.UNSPECIFIED.);
#1448=B_SPLINE_CURVE_WITH_KNOTS('',3,(#1444,#1445,#1446,#1447),.UNSPECIFIED.,
.F.,.F.,(4,4),(0.E0,1.E0),.UNSPECIFIED.);
#1453=B_SPLINE_CURVE_WITH_KNOTS('',3,(#1449,#1450,#1451,#1452),.UNSPECIFIED.,
.F.,.F.,(4,4),(0.E0,1.E0),.UNSPECIFIED.);
#1458=B_SPLINE_CURVE_WITH_KNOTS('',3,(#1454,#1455,#1456,#1457),.UNSPECIFIED.,
.F.,.F.,(4,4),(0.E0,1.E0),.UNSPECIFIED.);
#1475=B_SPLINE_CURVE_WITH_KNOTS('',3,(#1471,#1472,#1473,#1474),.UNSPECIFIED.,
.F.,.F.,(4,4),(0.E0,1.E0),.UNSPECIFIED.);
#1480=B_SPLINE_CURVE_WITH_KNOTS('',3,(#1476,#1477,#1478,#1479),.UNSPECIFIED.,
.F.,.F.,(4,4),(0.E0,1.E0),.UNSPECIFIED.);
#1509=B_SPLINE_CURVE_WITH_KNOTS('',3,(#1505,#1506,#1507,#1508),.UNSPECIFIED.,
.F.,.F.,(4,4),(0.E0,1.E0),.UNSPECIFIED.);
#1514=B_SPLINE_CURVE_WITH_KNOTS('',3,(#1510,#1511,#1512,#1513),.UNSPECIFIED.,
.F.,.F.,(4,4),(0.E0,1.E0),.UNSPECIFIED.);
#1531=B_SPLINE_CURVE_WITH_KNOTS('',3,(#1527,#1528,#1529,#1530),.UNSPECIFIED.,
.F.,.F.,(4,4),(0.E0,1.E0),.UNSPECIFIED.);
#1536=B_SPLINE_CURVE_WITH_KNOTS('',3,(#1532,#1533,#1534,#1535),.UNSPECIFIED.,
.F.,.F.,(4,4),(0.E0,1.E0),.UNSPECIFIED.);
#1541=B_SPLINE_CURVE_WITH_KNOTS('',3,(#1537,#1538,#1539,#1540),.UNSPECIFIED.,
.F.,.F.,(4,4),(0.E0,1.E0),.UNSPECIFIED.);
#1546=B_SPLINE_CURVE_WITH_KNOTS('',3,(#1542,#1543,#1544,#1545),.UNSPECIFIED.,
.F.,.F.,(4,4),(0.E0,1.E0),.UNSPECIFIED.);
#1559=B_SPLINE_CURVE_WITH_KNOTS('',3,(#1555,#1556,#1557,#1558),.UNSPECIFIED.,
.F.,.F.,(4,4),(0.E0,1.E0),.UNSPECIFIED.);
#1564=B_SPLINE_CURVE_WITH_KNOTS('',3,(#1560,#1561,#1562,#1563),.UNSPECIFIED.,
.F.,.F.,(4,4),(0.E0,1.E0),.UNSPECIFIED.);
#1569=B_SPLINE_CURVE_WITH_KNOTS('',3,(#1565,#1566,#1567,#1568),.UNSPECIFIED.,
.F.,.F.,(4,4),(0.E0,1.E0),.UNSPECIFIED.);
#1574=B_SPLINE_CURVE_WITH_KNOTS('',3,(#1570,#1571,#1572,#1573),.UNSPECIFIED.,
.F.,.F.,(4,4),(0.E0,1.E0),.UNSPECIFIED.);
#1591=B_SPLINE_CURVE_WITH_KNOTS('',3,(#1587,#1588,#1589,#1590),.UNSPECIFIED.,
.F.,.F.,(4,4),(0.E0,1.E0),.UNSPECIFIED.);
#1596=B_SPLINE_CURVE_WITH_KNOTS('',3,(#1592,#1593,#1594,#1595),.UNSPECIFIED.,
.F.,.F.,(4,4),(0.E0,1.E0),.UNSPECIFIED.);
#1617=B_SPLINE_CURVE_WITH_KNOTS('',3,(#1613,#1614,#1615,#1616),.UNSPECIFIED.,
.F.,.F.,(4,4),(0.E0,1.E0),.UNSPECIFIED.);
#1622=B_SPLINE_CURVE_WITH_KNOTS('',3,(#1618,#1619,#1620,#1621),.UNSPECIFIED.,
.F.,.F.,(4,4),(0.E0,1.E0),.UNSPECIFIED.);
#1631=B_SPLINE_CURVE_WITH_KNOTS('',3,(#1627,#1628,#1629,#1630),.UNSPECIFIED.,
.F.,.F.,(4,4),(0.E0,1.E0),.UNSPECIFIED.);
#1636=B_SPLINE_CURVE_WITH_KNOTS('',3,(#1632,#1633,#1634,#1635),.UNSPECIFIED.,
.F.,.F.,(4,4),(0.E0,1.E0),.UNSPECIFIED.);
#1653=B_SPLINE_CURVE_WITH_KNOTS('',3,(#1649,#1650,#1651,#1652),.UNSPECIFIED.,
.F.,.F.,(4,4),(0.E0,1.E0),.UNSPECIFIED.);
#1658=B_SPLINE_CURVE_WITH_KNOTS('',3,(#1654,#1655,#1656,#1657),.UNSPECIFIED.,
.F.,.F.,(4,4),(0.E0,1.E0),.UNSPECIFIED.);
#1667=B_SPLINE_CURVE_WITH_KNOTS('',3,(#1663,#1664,#1665,#1666),.UNSPECIFIED.,
.F.,.F.,(4,4),(0.E0,1.E0),.UNSPECIFIED.);
#1672=B_SPLINE_CURVE_WITH_KNOTS('',3,(#1668,#1669,#1670,#1671),.UNSPECIFIED.,
.F.,.F.,(4,4),(0.E0,1.E0),.UNSPECIFIED.);
#1689=B_SPLINE_CURVE_WITH_KNOTS('',3,(#1685,#1686,#1687,#1688),.UNSPECIFIED.,
.F.,.F.,(4,4),(0.E0,1.E0),.UNSPECIFIED.);
#1694=B_SPLINE_CURVE_WITH_KNOTS('',3,(#1690,#1691,#1692,#1693),.UNSPECIFIED.,
.F.,.F.,(4,4),(0.E0,1.E0),.UNSPECIFIED.);
#1715=B_SPLINE_CURVE_WITH_KNOTS('',3,(#1711,#1712,#1713,#1714),.UNSPECIFIED.,
.F.,.F.,(4,4),(0.E0,1.E0),.UNSPECIFIED.);
#1720=B_SPLINE_CURVE_WITH_KNOTS('',3,(#1716,#1717,#1718,#1719),.UNSPECIFIED.,
.F.,.F.,(4,4),(0.E0,1.E0),.UNSPECIFIED.);
#1737=B_SPLINE_CURVE_WITH_KNOTS('',3,(#1733,#1734,#1735,#1736),.UNSPECIFIED.,
.F.,.F.,(4,4),(0.E0,1.E0),.UNSPECIFIED.);
#1742=B_SPLINE_CURVE_WITH_KNOTS('',3,(#1738,#1739,#1740,#1741),.UNSPECIFIED.,
.F.,.F.,(4,4),(0.E0,1.E0),.UNSPECIFIED.);
#1763=B_SPLINE_CURVE_WITH_KNOTS('',3,(#1759,#1760,#1761,#1762),.UNSPECIFIED.,
.F.,.F.,(4,4),(0.E0,1.E0),.UNSPECIFIED.);
#1768=B_SPLINE_CURVE_WITH_KNOTS('',3,(#1764,#1765,#1766,#1767),.UNSPECIFIED.,
.F.,.F.,(4,4),(0.E0,1.E0),.UNSPECIFIED.);
#1777=B_SPLINE_CURVE_WITH_KNOTS('',3,(#1773,#1774,#1775,#1776),.UNSPECIFIED.,
.F.,.F.,(4,4),(0.E0,1.E0),.UNSPECIFIED.);
#1782=B_SPLINE_CURVE_WITH_KNOTS('',3,(#1778,#1779,#1780,#1781),.UNSPECIFIED.,
.F.,.F.,(4,4),(0.E0,1.E0),.UNSPECIFIED.);
#2621=B_SPLINE_CURVE_WITH_KNOTS('',3,(#2615,#2616,#2617,#2618,#2619,#2620),
.UNSPECIFIED.,.F.,.F.,(4,1,1,4),(0.E0,3.333333333333E-1,6.666666666667E-1,1.E0),
.UNSPECIFIED.);
#2628=B_SPLINE_CURVE_WITH_KNOTS('',3,(#2622,#2623,#2624,#2625,#2626,#2627),
.UNSPECIFIED.,.F.,.F.,(4,1,1,4),(0.E0,3.333333333333E-1,6.666666666667E-1,1.E0),
.UNSPECIFIED.);
#2647=B_SPLINE_CURVE_WITH_KNOTS('',3,(#2641,#2642,#2643,#2644,#2645,#2646),
.UNSPECIFIED.,.F.,.F.,(4,1,1,4),(0.E0,3.333333333333E-1,6.666666666667E-1,1.E0),
.UNSPECIFIED.);
#2654=B_SPLINE_CURVE_WITH_KNOTS('',3,(#2648,#2649,#2650,#2651,#2652,#2653),
.UNSPECIFIED.,.F.,.F.,(4,1,1,4),(0.E0,3.333333333333E-1,6.666666666667E-1,1.E0),
.UNSPECIFIED.);
#2666=B_SPLINE_CURVE_WITH_KNOTS('',3,(#2659,#2660,#2661,#2662,#2663,#2664,
#2665),.UNSPECIFIED.,.F.,.F.,(4,1,1,1,4),(0.E0,2.5E-1,5.E-1,7.5E-1,1.E0),
.UNSPECIFIED.);
#2673=B_SPLINE_CURVE_WITH_KNOTS('',3,(#2667,#2668,#2669,#2670,#2671,#2672),
.UNSPECIFIED.,.F.,.F.,(4,1,1,4),(0.E0,3.333333333333E-1,6.666666666667E-1,1.E0),
.UNSPECIFIED.);
#2692=B_SPLINE_CURVE_WITH_KNOTS('',3,(#2686,#2687,#2688,#2689,#2690,#2691),
.UNSPECIFIED.,.F.,.F.,(4,1,1,4),(0.E0,3.333333333333E-1,6.666666666667E-1,1.E0),
.UNSPECIFIED.);
#2699=B_SPLINE_CURVE_WITH_KNOTS('',3,(#2693,#2694,#2695,#2696,#2697,#2698),
.UNSPECIFIED.,.F.,.F.,(4,1,1,4),(0.E0,3.333333333333E-1,6.666666666667E-1,1.E0),
.UNSPECIFIED.);
#2718=B_SPLINE_CURVE_WITH_KNOTS('',3,(#2712,#2713,#2714,#2715,#2716,#2717),
.UNSPECIFIED.,.F.,.F.,(4,1,1,4),(0.E0,3.333333333333E-1,6.666666666667E-1,1.E0),
.UNSPECIFIED.);
#2726=B_SPLINE_CURVE_WITH_KNOTS('',3,(#2719,#2720,#2721,#2722,#2723,#2724,
#2725),.UNSPECIFIED.,.F.,.F.,(4,1,1,1,4),(0.E0,2.5E-1,5.E-1,7.5E-1,1.E0),
.UNSPECIFIED.);
#2745=B_SPLINE_CURVE_WITH_KNOTS('',3,(#2739,#2740,#2741,#2742,#2743,#2744),
.UNSPECIFIED.,.F.,.F.,(4,1,1,4),(0.E0,3.333333333333E-1,6.666666666667E-1,1.E0),
.UNSPECIFIED.);
#2752=B_SPLINE_CURVE_WITH_KNOTS('',3,(#2746,#2747,#2748,#2749,#2750,#2751),
.UNSPECIFIED.,.F.,.F.,(4,1,1,4),(0.E0,3.333333333333E-1,6.666666666667E-1,1.E0),
.UNSPECIFIED.);
#2763=B_SPLINE_CURVE_WITH_KNOTS('',3,(#2757,#2758,#2759,#2760,#2761,#2762),
.UNSPECIFIED.,.F.,.F.,(4,1,1,4),(0.E0,3.333333333333E-1,6.666666666667E-1,1.E0),
.UNSPECIFIED.);
#2771=B_SPLINE_CURVE_WITH_KNOTS('',3,(#2764,#2765,#2766,#2767,#2768,#2769,
#2770),.UNSPECIFIED.,.F.,.F.,(4,1,1,1,4),(0.E0,2.5E-1,5.E-1,7.5E-1,1.E0),
.UNSPECIFIED.);
#2790=B_SPLINE_CURVE_WITH_KNOTS('',3,(#2784,#2785,#2786,#2787,#2788,#2789),
.UNSPECIFIED.,.F.,.F.,(4,1,1,4),(0.E0,3.333333333333E-1,6.666666666667E-1,1.E0),
.UNSPECIFIED.);
#2797=B_SPLINE_CURVE_WITH_KNOTS('',3,(#2791,#2792,#2793,#2794,#2795,#2796),
.UNSPECIFIED.,.F.,.F.,(4,1,1,4),(0.E0,3.333333333333E-1,6.666666666667E-1,1.E0),
.UNSPECIFIED.);
#2812=B_SPLINE_CURVE_WITH_KNOTS('',3,(#2806,#2807,#2808,#2809,#2810,#2811),
.UNSPECIFIED.,.F.,.F.,(4,1,1,4),(0.E0,3.333333333333E-1,6.666666666667E-1,1.E0),
.UNSPECIFIED.);
#2819=B_SPLINE_CURVE_WITH_KNOTS('',3,(#2813,#2814,#2815,#2816,#2817,#2818),
.UNSPECIFIED.,.F.,.F.,(4,1,1,4),(0.E0,3.333333333333E-1,6.666666666667E-1,1.E0),
.UNSPECIFIED.);
#2830=B_SPLINE_CURVE_WITH_KNOTS('',3,(#2824,#2825,#2826,#2827,#2828,#2829),
.UNSPECIFIED.,.F.,.F.,(4,1,1,4),(0.E0,3.333333333333E-1,6.666666666667E-1,1.E0),
.UNSPECIFIED.);
#2837=B_SPLINE_CURVE_WITH_KNOTS('',3,(#2831,#2832,#2833,#2834,#2835,#2836),
.UNSPECIFIED.,.F.,.F.,(4,1,1,4),(0.E0,3.333333333333E-1,6.666666666667E-1,1.E0),
.UNSPECIFIED.);
#2856=B_SPLINE_CURVE_WITH_KNOTS('',3,(#2850,#2851,#2852,#2853,#2854,#2855),
.UNSPECIFIED.,.F.,.F.,(4,1,1,4),(0.E0,3.333333333333E-1,6.666666666667E-1,1.E0),
.UNSPECIFIED.);
#2863=B_SPLINE_CURVE_WITH_KNOTS('',3,(#2857,#2858,#2859,#2860,#2861,#2862),
.UNSPECIFIED.,.F.,.F.,(4,1,1,4),(0.E0,3.333333333333E-1,6.666666666667E-1,1.E0),
.UNSPECIFIED.);
#2874=B_SPLINE_CURVE_WITH_KNOTS('',3,(#2868,#2869,#2870,#2871,#2872,#2873),
.UNSPECIFIED.,.F.,.F.,(4,1,1,4),(0.E0,3.333333333333E-1,6.666666666667E-1,1.E0),
.UNSPECIFIED.);
#2881=B_SPLINE_CURVE_WITH_KNOTS('',3,(#2875,#2876,#2877,#2878,#2879,#2880),
.UNSPECIFIED.,.F.,.F.,(4,1,1,4),(0.E0,3.333333333333E-1,6.666666666667E-1,1.E0),
.UNSPECIFIED.);
#2904=B_SPLINE_CURVE_WITH_KNOTS('',3,(#2898,#2899,#2900,#2901,#2902,#2903),
.UNSPECIFIED.,.F.,.F.,(4,1,1,4),(0.E0,3.333333333333E-1,6.666666666667E-1,1.E0),
.UNSPECIFIED.);
#2911=B_SPLINE_CURVE_WITH_KNOTS('',3,(#2905,#2906,#2907,#2908,#2909,#2910),
.UNSPECIFIED.,.F.,.F.,(4,1,1,4),(0.E0,3.333333333333E-1,6.666666666667E-1,1.E0),
.UNSPECIFIED.);
#2930=B_SPLINE_CURVE_WITH_KNOTS('',3,(#2924,#2925,#2926,#2927,#2928,#2929),
.UNSPECIFIED.,.F.,.F.,(4,1,1,4),(0.E0,3.333333333333E-1,6.666666666667E-1,1.E0),
.UNSPECIFIED.);
#2937=B_SPLINE_CURVE_WITH_KNOTS('',3,(#2931,#2932,#2933,#2934,#2935,#2936),
.UNSPECIFIED.,.F.,.F.,(4,1,1,4),(0.E0,3.333333333333E-1,6.666666666667E-1,1.E0),
.UNSPECIFIED.);
#2944=B_SPLINE_CURVE_WITH_KNOTS('',3,(#2938,#2939,#2940,#2941,#2942,#2943),
.UNSPECIFIED.,.F.,.F.,(4,1,1,4),(0.E0,3.333333333333E-1,6.666666666667E-1,1.E0),
.UNSPECIFIED.);
#2951=B_SPLINE_CURVE_WITH_KNOTS('',3,(#2945,#2946,#2947,#2948,#2949,#2950),
.UNSPECIFIED.,.F.,.F.,(4,1,1,4),(0.E0,3.333333333333E-1,6.666666666667E-1,1.E0),
.UNSPECIFIED.);
#2966=B_SPLINE_CURVE_WITH_KNOTS('',3,(#2960,#2961,#2962,#2963,#2964,#2965),
.UNSPECIFIED.,.F.,.F.,(4,1,1,4),(0.E0,3.333333333333E-1,6.666666666667E-1,1.E0),
.UNSPECIFIED.);
#2973=B_SPLINE_CURVE_WITH_KNOTS('',3,(#2967,#2968,#2969,#2970,#2971,#2972),
.UNSPECIFIED.,.F.,.F.,(4,1,1,4),(0.E0,3.333333333333E-1,6.666666666667E-1,1.E0),
.UNSPECIFIED.);
#2980=B_SPLINE_CURVE_WITH_KNOTS('',3,(#2974,#2975,#2976,#2977,#2978,#2979),
.UNSPECIFIED.,.F.,.F.,(4,1,1,4),(0.E0,3.333333333333E-1,6.666666666667E-1,1.E0),
.UNSPECIFIED.);
#2987=B_SPLINE_CURVE_WITH_KNOTS('',3,(#2981,#2982,#2983,#2984,#2985,#2986),
.UNSPECIFIED.,.F.,.F.,(4,1,1,4),(0.E0,3.333333333333E-1,6.666666666667E-1,1.E0),
.UNSPECIFIED.);
#3006=B_SPLINE_CURVE_WITH_KNOTS('',3,(#3000,#3001,#3002,#3003,#3004,#3005),
.UNSPECIFIED.,.F.,.F.,(4,1,1,4),(0.E0,3.333333333333E-1,6.666666666667E-1,1.E0),
.UNSPECIFIED.);
#3013=B_SPLINE_CURVE_WITH_KNOTS('',3,(#3007,#3008,#3009,#3010,#3011,#3012),
.UNSPECIFIED.,.F.,.F.,(4,1,1,4),(0.E0,3.333333333333E-1,6.666666666667E-1,1.E0),
.UNSPECIFIED.);
#3045=B_SPLINE_CURVE_WITH_KNOTS('',3,(#3038,#3039,#3040,#3041,#3042,#3043,
#3044),.UNSPECIFIED.,.F.,.F.,(4,1,1,1,4),(0.E0,2.5E-1,5.E-1,7.5E-1,1.E0),
.UNSPECIFIED.);
#3052=B_SPLINE_CURVE_WITH_KNOTS('',3,(#3046,#3047,#3048,#3049,#3050,#3051),
.UNSPECIFIED.,.F.,.F.,(4,1,1,4),(0.E0,3.333333333333E-1,6.666666666667E-1,1.E0),
.UNSPECIFIED.);
#3071=B_SPLINE_CURVE_WITH_KNOTS('',3,(#3065,#3066,#3067,#3068,#3069,#3070),
.UNSPECIFIED.,.F.,.F.,(4,1,1,4),(0.E0,3.333333333333E-1,6.666666666667E-1,1.E0),
.UNSPECIFIED.);
#3078=B_SPLINE_CURVE_WITH_KNOTS('',3,(#3072,#3073,#3074,#3075,#3076,#3077),
.UNSPECIFIED.,.F.,.F.,(4,1,1,4),(0.E0,3.333333333333E-1,6.666666666667E-1,1.E0),
.UNSPECIFIED.);
#3085=B_SPLINE_CURVE_WITH_KNOTS('',3,(#3079,#3080,#3081,#3082,#3083,#3084),
.UNSPECIFIED.,.F.,.F.,(4,1,1,4),(0.E0,3.333333333333E-1,6.666666666667E-1,1.E0),
.UNSPECIFIED.);
#3092=B_SPLINE_CURVE_WITH_KNOTS('',3,(#3086,#3087,#3088,#3089,#3090,#3091),
.UNSPECIFIED.,.F.,.F.,(4,1,1,4),(0.E0,3.333333333333E-1,6.666666666667E-1,1.E0),
.UNSPECIFIED.);
#3107=B_SPLINE_CURVE_WITH_KNOTS('',3,(#3101,#3102,#3103,#3104,#3105,#3106),
.UNSPECIFIED.,.F.,.F.,(4,1,1,4),(0.E0,3.333333333333E-1,6.666666666667E-1,1.E0),
.UNSPECIFIED.);
#3114=B_SPLINE_CURVE_WITH_KNOTS('',3,(#3108,#3109,#3110,#3111,#3112,#3113),
.UNSPECIFIED.,.F.,.F.,(4,1,1,4),(0.E0,3.333333333333E-1,6.666666666667E-1,1.E0),
.UNSPECIFIED.);
#3125=B_SPLINE_CURVE_WITH_KNOTS('',3,(#3119,#3120,#3121,#3122,#3123,#3124),
.UNSPECIFIED.,.F.,.F.,(4,1,1,4),(0.E0,3.333333333333E-1,6.666666666667E-1,1.E0),
.UNSPECIFIED.);
#3132=B_SPLINE_CURVE_WITH_KNOTS('',3,(#3126,#3127,#3128,#3129,#3130,#3131),
.UNSPECIFIED.,.F.,.F.,(4,1,1,4),(0.E0,3.333333333333E-1,6.666666666667E-1,1.E0),
.UNSPECIFIED.);
#3151=B_SPLINE_CURVE_WITH_KNOTS('',3,(#3145,#3146,#3147,#3148,#3149,#3150),
.UNSPECIFIED.,.F.,.F.,(4,1,1,4),(0.E0,3.333333333333E-1,6.666666666667E-1,1.E0),
.UNSPECIFIED.);
#3158=B_SPLINE_CURVE_WITH_KNOTS('',3,(#3152,#3153,#3154,#3155,#3156,#3157),
.UNSPECIFIED.,.F.,.F.,(4,1,1,4),(0.E0,3.333333333333E-1,6.666666666667E-1,1.E0),
.UNSPECIFIED.);
#3169=B_SPLINE_CURVE_WITH_KNOTS('',3,(#3163,#3164,#3165,#3166,#3167,#3168),
.UNSPECIFIED.,.F.,.F.,(4,1,1,4),(0.E0,3.333333333333E-1,6.666666666667E-1,1.E0),
.UNSPECIFIED.);
#3176=B_SPLINE_CURVE_WITH_KNOTS('',3,(#3170,#3171,#3172,#3173,#3174,#3175),
.UNSPECIFIED.,.F.,.F.,(4,1,1,4),(0.E0,3.333333333333E-1,6.666666666667E-1,1.E0),
.UNSPECIFIED.);
#3195=B_SPLINE_CURVE_WITH_KNOTS('',3,(#3189,#3190,#3191,#3192,#3193,#3194),
.UNSPECIFIED.,.F.,.F.,(4,1,1,4),(0.E0,3.333333333333E-1,6.666666666667E-1,1.E0),
.UNSPECIFIED.);
#3203=B_SPLINE_CURVE_WITH_KNOTS('',3,(#3196,#3197,#3198,#3199,#3200,#3201,
#3202),.UNSPECIFIED.,.F.,.F.,(4,1,1,1,4),(0.E0,2.5E-1,5.E-1,7.5E-1,1.E0),
.UNSPECIFIED.);
#3214=B_SPLINE_CURVE_WITH_KNOTS('',3,(#3208,#3209,#3210,#3211,#3212,#3213),
.UNSPECIFIED.,.F.,.F.,(4,1,1,4),(0.E0,3.333333333333E-1,6.666666666667E-1,1.E0),
.UNSPECIFIED.);
#3221=B_SPLINE_CURVE_WITH_KNOTS('',3,(#3215,#3216,#3217,#3218,#3219,#3220),
.UNSPECIFIED.,.F.,.F.,(4,1,1,4),(0.E0,3.333333333333E-1,6.666666666667E-1,1.E0),
.UNSPECIFIED.);
#3244=B_SPLINE_CURVE_WITH_KNOTS('',3,(#3238,#3239,#3240,#3241,#3242,#3243),
.UNSPECIFIED.,.F.,.F.,(4,1,1,4),(0.E0,3.333333333333E-1,6.666666666667E-1,1.E0),
.UNSPECIFIED.);
#3252=B_SPLINE_CURVE_WITH_KNOTS('',3,(#3245,#3246,#3247,#3248,#3249,#3250,
#3251),.UNSPECIFIED.,.F.,.F.,(4,1,1,1,4),(0.E0,2.5E-1,5.E-1,7.5E-1,1.E0),
.UNSPECIFIED.);
#3271=B_SPLINE_CURVE_WITH_KNOTS('',3,(#3265,#3266,#3267,#3268,#3269,#3270),
.UNSPECIFIED.,.F.,.F.,(4,1,1,4),(0.E0,3.333333333333E-1,6.666666666667E-1,1.E0),
.UNSPECIFIED.);
#3280=B_SPLINE_CURVE_WITH_KNOTS('',3,(#3272,#3273,#3274,#3275,#3276,#3277,#3278,
#3279),.UNSPECIFIED.,.F.,.F.,(4,1,1,1,1,4),(0.E0,2.E-1,4.E-1,6.E-1,8.E-1,1.E0),
.UNSPECIFIED.);
#3304=B_SPLINE_CURVE_WITH_KNOTS('',3,(#3297,#3298,#3299,#3300,#3301,#3302,
#3303),.UNSPECIFIED.,.F.,.F.,(4,1,1,1,4),(0.E0,2.5E-1,5.E-1,7.5E-1,1.E0),
.UNSPECIFIED.);
#3311=B_SPLINE_CURVE_WITH_KNOTS('',3,(#3305,#3306,#3307,#3308,#3309,#3310),
.UNSPECIFIED.,.F.,.F.,(4,1,1,4),(0.E0,3.333333333333E-1,6.666666666667E-1,1.E0),
.UNSPECIFIED.);
#4957=B_SPLINE_CURVE_WITH_KNOTS('',3,(#4952,#4953,#4954,#4955,#4956),
.UNSPECIFIED.,.F.,.F.,(4,1,4),(0.E0,5.E-1,1.E0),.UNSPECIFIED.);
#4971=B_SPLINE_CURVE_WITH_KNOTS('',3,(#4966,#4967,#4968,#4969,#4970),
.UNSPECIFIED.,.F.,.F.,(4,1,4),(0.E0,5.E-1,1.E0),.UNSPECIFIED.);
#4984=CIRCLE('',#4983,2.5E0);
#4996=B_SPLINE_CURVE_WITH_KNOTS('',3,(#4985,#4986,#4987,#4988,#4989,#4990,#4991,
#4992,#4993,#4994,#4995),.UNSPECIFIED.,.F.,.F.,(4,1,1,1,1,1,1,1,4),(0.E0,
1.25E-1,2.5E-1,3.75E-1,5.E-1,6.25E-1,7.5E-1,8.75E-1,1.E0),.UNSPECIFIED.);
#5008=B_SPLINE_CURVE_WITH_KNOTS('',3,(#4997,#4998,#4999,#5000,#5001,#5002,#5003,
#5004,#5005,#5006,#5007),.UNSPECIFIED.,.F.,.F.,(4,1,1,1,1,1,1,1,4),(0.E0,
1.25E-1,2.5E-1,3.75E-1,5.E-1,6.25E-1,7.5E-1,8.75E-1,1.E0),.UNSPECIFIED.);
#5013=CIRCLE('',#5012,2.5E0);
#5056=B_SPLINE_CURVE_WITH_KNOTS('',3,(#5050,#5051,#5052,#5053,#5054,#5055),
.UNSPECIFIED.,.F.,.F.,(4,1,1,4),(0.E0,5.E-1,7.5E-1,1.E0),.UNSPECIFIED.);
#5063=B_SPLINE_CURVE_WITH_KNOTS('',3,(#5057,#5058,#5059,#5060,#5061,#5062),
.UNSPECIFIED.,.F.,.F.,(4,1,1,4),(0.E0,2.5E-1,5.E-1,1.E0),.UNSPECIFIED.);
#5074=B_SPLINE_CURVE_WITH_KNOTS('',3,(#5068,#5069,#5070,#5071,#5072,#5073),
.UNSPECIFIED.,.F.,.F.,(4,1,1,4),(0.E0,2.5E-1,5.E-1,1.E0),.UNSPECIFIED.);
#5089=B_SPLINE_CURVE_WITH_KNOTS('',3,(#5083,#5084,#5085,#5086,#5087,#5088),
.UNSPECIFIED.,.F.,.F.,(4,1,1,4),(0.E0,5.E-1,7.5E-1,1.E0),.UNSPECIFIED.);
#5134=CIRCLE('',#5133,5.E0);
#5143=CIRCLE('',#5142,5.E0);
#5152=CIRCLE('',#5151,5.E0);
#5161=CIRCLE('',#5160,5.E0);
#5170=CIRCLE('',#5169,5.E0);
#5179=CIRCLE('',#5178,5.E0);
#5188=CIRCLE('',#5187,5.E0);
#5197=CIRCLE('',#5196,5.E0);
#6679=EDGE_CURVE('',#6580,#6581,#4,.T.);
#6681=EDGE_CURVE('',#6587,#6581,#8,.T.);
#6683=EDGE_CURVE('',#6587,#5236,#12,.T.);
#6685=EDGE_CURVE('',#5236,#5237,#16,.T.);
#6687=EDGE_CURVE('',#5237,#5493,#20,.T.);
#6689=EDGE_CURVE('',#5492,#5493,#24,.T.);
#6691=EDGE_CURVE('',#5513,#5492,#28,.T.);
#6693=EDGE_CURVE('',#5511,#5513,#32,.T.);
#6695=EDGE_CURVE('',#5509,#5511,#36,.T.);
#6697=EDGE_CURVE('',#5507,#5509,#40,.T.);
#6699=EDGE_CURVE('',#5505,#5507,#44,.T.);
#6701=EDGE_CURVE('',#5503,#5505,#48,.T.);
#6703=EDGE_CURVE('',#5501,#5503,#52,.T.);
#6705=EDGE_CURVE('',#5499,#5501,#56,.T.);
#6707=EDGE_CURVE('',#5497,#5499,#60,.T.);
#6709=EDGE_CURVE('',#5496,#5497,#64,.T.);
#6711=EDGE_CURVE('',#5496,#5204,#68,.T.);
#6713=EDGE_CURVE('',#5204,#5205,#72,.T.);
#6715=EDGE_CURVE('',#5205,#6589,#76,.T.);
#6717=EDGE_CURVE('',#6589,#6584,#80,.T.);
#6719=EDGE_CURVE('',#6584,#6585,#84,.T.);
#6721=EDGE_CURVE('',#6585,#5208,#88,.T.);
#6723=EDGE_CURVE('',#5208,#5209,#92,.T.);
#6725=EDGE_CURVE('',#5209,#5211,#96,.T.);
#6727=EDGE_CURVE('',#5211,#5213,#100,.T.);
#6729=EDGE_CURVE('',#5213,#5215,#104,.T.);
#6731=EDGE_CURVE('',#5215,#5217,#108,.T.);
#6733=EDGE_CURVE('',#5217,#5219,#112,.T.);
#6735=EDGE_CURVE('',#5219,#5221,#116,.T.);
#6737=EDGE_CURVE('',#5221,#5223,#120,.T.);
#6739=EDGE_CURVE('',#5223,#5225,#124,.T.);
#6741=EDGE_CURVE('',#5225,#5227,#128,.T.);
#6743=EDGE_CURVE('',#5227,#5229,#132,.T.);
#6745=EDGE_CURVE('',#5229,#5231,#136,.T.);
#6747=EDGE_CURVE('',#5231,#5233,#140,.T.);
#6749=EDGE_CURVE('',#5233,#6580,#144,.T.);
#6760=EDGE_CURVE('',#6580,#6631,#200,.T.);
#6762=EDGE_CURVE('',#6569,#6631,#148,.T.);
#6764=EDGE_CURVE('',#6568,#6569,#153,.T.);
#6766=EDGE_CURVE('',#6581,#6568,#157,.T.);
#6770=EDGE_CURVE('',#6664,#6665,#5188,.T.);
#6772=EDGE_CURVE('',#6665,#6664,#5197,.T.);
#6783=EDGE_CURVE('',#6577,#6584,#161,.T.);
#6785=EDGE_CURVE('',#6576,#6577,#166,.T.);
#6787=EDGE_CURVE('',#6627,#6576,#170,.T.);
#6789=EDGE_CURVE('',#6585,#6627,#312,.T.);
#6793=EDGE_CURVE('',#6672,#6673,#5152,.T.);
#6795=EDGE_CURVE('',#6673,#6672,#5161,.T.);
#6805=EDGE_CURVE('',#6592,#6593,#438,.T.);
#6807=EDGE_CURVE('',#6565,#6593,#174,.T.);
#6809=EDGE_CURVE('',#6564,#6565,#179,.T.);
#6811=EDGE_CURVE('',#6633,#6564,#183,.T.);
#6813=EDGE_CURVE('',#6633,#6592,#208,.T.);
#6817=EDGE_CURVE('',#6660,#6661,#5170,.T.);
#6819=EDGE_CURVE('',#6661,#6660,#5179,.T.);
#6829=EDGE_CURVE('',#6596,#6597,#502,.T.);
#6831=EDGE_CURVE('',#6629,#6597,#328,.T.);
#6833=EDGE_CURVE('',#6573,#6629,#187,.T.);
#6835=EDGE_CURVE('',#6572,#6573,#192,.T.);
#6837=EDGE_CURVE('',#6596,#6572,#196,.T.);
#6841=EDGE_CURVE('',#6668,#6669,#5134,.T.);
#6843=EDGE_CURVE('',#6669,#6668,#5143,.T.);
#6855=EDGE_CURVE('',#5233,#5269,#204,.T.);
#6857=EDGE_CURVE('',#5269,#6592,#442,.T.);
#6860=EDGE_CURVE('',#6635,#6633,#212,.T.);
#6862=EDGE_CURVE('',#6637,#6635,#5045,.T.);
#6864=EDGE_CURVE('',#6637,#6631,#216,.T.);
#6875=EDGE_CURVE('',#5231,#5267,#220,.T.);
#6877=EDGE_CURVE('',#5267,#5269,#446,.T.);
#6889=EDGE_CURVE('',#5229,#5265,#224,.T.);
#6891=EDGE_CURVE('',#5265,#5267,#450,.T.);
#6896=EDGE_CURVE('',#6556,#6557,#229,.T.);
#6898=EDGE_CURVE('',#6557,#6556,#234,.T.);
#6902=EDGE_CURVE('',#6560,#6561,#239,.T.);
#6904=EDGE_CURVE('',#6561,#6560,#244,.T.);
#6915=EDGE_CURVE('',#5227,#5263,#248,.T.);
#6917=EDGE_CURVE('',#5263,#5265,#454,.T.);
#6929=EDGE_CURVE('',#5225,#5261,#252,.T.);
#6931=EDGE_CURVE('',#5261,#5263,#458,.T.);
#6943=EDGE_CURVE('',#5223,#5259,#256,.T.);
#6945=EDGE_CURVE('',#5259,#5261,#462,.T.);
#6957=EDGE_CURVE('',#5221,#5257,#260,.T.);
#6959=EDGE_CURVE('',#5257,#5259,#466,.T.);
#6971=EDGE_CURVE('',#5219,#5255,#264,.T.);
#6973=EDGE_CURVE('',#5255,#5257,#470,.T.);
#6985=EDGE_CURVE('',#5217,#5253,#268,.T.);
#6987=EDGE_CURVE('',#5253,#5255,#474,.T.);
#6999=EDGE_CURVE('',#5215,#5251,#272,.T.);
#7001=EDGE_CURVE('',#5251,#5253,#478,.T.);
#7013=EDGE_CURVE('',#5213,#5249,#276,.T.);
#7015=EDGE_CURVE('',#5249,#5251,#482,.T.);
#7020=EDGE_CURVE('',#6548,#6549,#281,.T.);
#7022=EDGE_CURVE('',#6549,#6548,#286,.T.);
#7026=EDGE_CURVE('',#6552,#6553,#291,.T.);
#7028=EDGE_CURVE('',#6553,#6552,#296,.T.);
#7039=EDGE_CURVE('',#5211,#5247,#300,.T.);
#7041=EDGE_CURVE('',#5247,#5249,#486,.T.);
#7053=EDGE_CURVE('',#5209,#5245,#304,.T.);
#7055=EDGE_CURVE('',#5245,#5247,#490,.T.);
#7067=EDGE_CURVE('',#5208,#5244,#308,.T.);
#7069=EDGE_CURVE('',#5244,#5245,#494,.T.);
#7081=EDGE_CURVE('',#6625,#6627,#316,.T.);
#7083=EDGE_CURVE('',#6625,#6623,#320,.T.);
#7085=EDGE_CURVE('',#6623,#6629,#324,.T.);
#7088=EDGE_CURVE('',#6597,#5244,#498,.T.);
#7100=EDGE_CURVE('',#6616,#6617,#350,.T.);
#7102=EDGE_CURVE('',#6616,#6621,#5125,.T.);
#7104=EDGE_CURVE('',#6621,#6625,#5113,.T.);
#7108=EDGE_CURVE('',#6617,#6576,#5097,.T.);
#7118=EDGE_CURVE('',#6611,#6608,#340,.T.);
#7120=EDGE_CURVE('',#6613,#6611,#345,.T.);
#7122=EDGE_CURVE('',#6616,#6613,#5129,.T.);
#7125=EDGE_CURVE('',#6609,#6617,#362,.T.);
#7127=EDGE_CURVE('',#6609,#6608,#366,.T.);
#7137=EDGE_CURVE('',#6602,#6603,#376,.T.);
#7139=EDGE_CURVE('',#6607,#6602,#397,.T.);
#7141=EDGE_CURVE('',#6607,#6572,#370,.T.);
#7144=EDGE_CURVE('',#6611,#6573,#5105,.T.);
#7147=EDGE_CURVE('',#6603,#6608,#408,.T.);
#7158=EDGE_CURVE('',#6604,#6603,#419,.T.);
#7160=EDGE_CURVE('',#6604,#6605,#382,.T.);
#7162=EDGE_CURVE('',#5205,#6605,#434,.T.);
#7165=EDGE_CURVE('',#5204,#5240,#386,.T.);
#7167=EDGE_CURVE('',#5240,#5241,#514,.T.);
#7169=EDGE_CURVE('',#6602,#5241,#401,.T.);
#7179=EDGE_CURVE('',#6601,#6607,#390,.T.);
#7183=EDGE_CURVE('',#5241,#6601,#510,.T.);
#7195=EDGE_CURVE('',#6609,#6604,#415,.T.);
#7206=EDGE_CURVE('',#6605,#6610,#426,.T.);
#7208=EDGE_CURVE('',#6589,#6610,#430,.T.);
#7220=EDGE_CURVE('',#6601,#6596,#506,.T.);
#7253=EDGE_CURVE('',#5376,#5240,#518,.T.);
#7255=EDGE_CURVE('',#5376,#5377,#522,.T.);
#7257=EDGE_CURVE('',#5377,#5379,#526,.T.);
#7259=EDGE_CURVE('',#5379,#5381,#530,.T.);
#7261=EDGE_CURVE('',#5381,#5383,#534,.T.);
#7263=EDGE_CURVE('',#5383,#5385,#538,.T.);
#7265=EDGE_CURVE('',#5385,#5387,#542,.T.);
#7267=EDGE_CURVE('',#5387,#5389,#546,.T.);
#7269=EDGE_CURVE('',#5389,#5391,#550,.T.);
#7271=EDGE_CURVE('',#5391,#5393,#554,.T.);
#7273=EDGE_CURVE('',#5393,#5372,#558,.T.);
#7275=EDGE_CURVE('',#5372,#5373,#562,.T.);
#7277=EDGE_CURVE('',#5273,#5373,#566,.T.);
#7279=EDGE_CURVE('',#5272,#5273,#570,.T.);
#7281=EDGE_CURVE('',#6599,#5272,#574,.T.);
#7283=EDGE_CURVE('',#6599,#6593,#578,.T.);
#7294=EDGE_CURVE('',#5496,#5471,#586,.T.);
#7296=EDGE_CURVE('',#5469,#5471,#950,.T.);
#7298=EDGE_CURVE('',#5469,#5349,#582,.T.);
#7300=EDGE_CURVE('',#5349,#5351,#1038,.T.);
#7302=EDGE_CURVE('',#5376,#5351,#2458,.T.);
#7315=EDGE_CURVE('',#5497,#5473,#590,.T.);
#7317=EDGE_CURVE('',#5471,#5473,#954,.T.);
#7329=EDGE_CURVE('',#5499,#5475,#594,.T.);
#7331=EDGE_CURVE('',#5473,#5475,#958,.T.);
#7343=EDGE_CURVE('',#5501,#5477,#598,.T.);
#7345=EDGE_CURVE('',#5475,#5477,#962,.T.);
#7357=EDGE_CURVE('',#5503,#5479,#602,.T.);
#7359=EDGE_CURVE('',#5477,#5479,#966,.T.);
#7371=EDGE_CURVE('',#5505,#5481,#606,.T.);
#7373=EDGE_CURVE('',#5479,#5481,#970,.T.);
#7385=EDGE_CURVE('',#5507,#5483,#610,.T.);
#7387=EDGE_CURVE('',#5481,#5483,#974,.T.);
#7399=EDGE_CURVE('',#5509,#5485,#614,.T.);
#7401=EDGE_CURVE('',#5483,#5485,#978,.T.);
#7413=EDGE_CURVE('',#5511,#5487,#618,.T.);
#7415=EDGE_CURVE('',#5485,#5487,#982,.T.);
#7427=EDGE_CURVE('',#5513,#5489,#622,.T.);
#7429=EDGE_CURVE('',#5487,#5489,#986,.T.);
#7441=EDGE_CURVE('',#5492,#5396,#626,.T.);
#7443=EDGE_CURVE('',#5489,#5396,#990,.T.);
#7455=EDGE_CURVE('',#5493,#5397,#630,.T.);
#7457=EDGE_CURVE('',#5396,#5397,#782,.T.);
#7468=EDGE_CURVE('',#5399,#5279,#642,.T.);
#7470=EDGE_CURVE('',#5397,#5399,#786,.T.);
#7474=EDGE_CURVE('',#5237,#5273,#634,.T.);
#7477=EDGE_CURVE('',#5373,#5277,#638,.T.);
#7479=EDGE_CURVE('',#5277,#5279,#1202,.T.);
#7489=EDGE_CURVE('',#5401,#5281,#646,.T.);
#7491=EDGE_CURVE('',#5399,#5401,#790,.T.);
#7494=EDGE_CURVE('',#5279,#5281,#1198,.T.);
#7504=EDGE_CURVE('',#5403,#5283,#650,.T.);
#7506=EDGE_CURVE('',#5401,#5403,#795,.T.);
#7509=EDGE_CURVE('',#5281,#5283,#1194,.T.);
#7519=EDGE_CURVE('',#5405,#5285,#654,.T.);
#7521=EDGE_CURVE('',#5403,#5405,#799,.T.);
#7524=EDGE_CURVE('',#5283,#5285,#1189,.T.);
#7534=EDGE_CURVE('',#5407,#5287,#658,.T.);
#7536=EDGE_CURVE('',#5405,#5407,#804,.T.);
#7539=EDGE_CURVE('',#5285,#5287,#1185,.T.);
#7549=EDGE_CURVE('',#5409,#5289,#662,.T.);
#7551=EDGE_CURVE('',#5407,#5409,#808,.T.);
#7554=EDGE_CURVE('',#5287,#5289,#1180,.T.);
#7564=EDGE_CURVE('',#5411,#5291,#666,.T.);
#7566=EDGE_CURVE('',#5409,#5411,#813,.T.);
#7569=EDGE_CURVE('',#5289,#5291,#1176,.T.);
#7579=EDGE_CURVE('',#5413,#5293,#670,.T.);
#7581=EDGE_CURVE('',#5411,#5413,#818,.T.);
#7584=EDGE_CURVE('',#5291,#5293,#1171,.T.);
#7594=EDGE_CURVE('',#5415,#5295,#674,.T.);
#7596=EDGE_CURVE('',#5413,#5415,#823,.T.);
#7599=EDGE_CURVE('',#5293,#5295,#1166,.T.);
#7609=EDGE_CURVE('',#5417,#5297,#678,.T.);
#7611=EDGE_CURVE('',#5415,#5417,#827,.T.);
#7614=EDGE_CURVE('',#5295,#5297,#1161,.T.);
#7624=EDGE_CURVE('',#5419,#5299,#682,.T.);
#7626=EDGE_CURVE('',#5417,#5419,#832,.T.);
#7629=EDGE_CURVE('',#5297,#5299,#1157,.T.);
#7639=EDGE_CURVE('',#5421,#5301,#686,.T.);
#7641=EDGE_CURVE('',#5419,#5421,#836,.T.);
#7644=EDGE_CURVE('',#5299,#5301,#1152,.T.);
#7654=EDGE_CURVE('',#5423,#5303,#690,.T.);
#7656=EDGE_CURVE('',#5421,#5423,#841,.T.);
#7659=EDGE_CURVE('',#5301,#5303,#1148,.T.);
#7669=EDGE_CURVE('',#5425,#5305,#694,.T.);
#7671=EDGE_CURVE('',#5423,#5425,#845,.T.);
#7674=EDGE_CURVE('',#5303,#5305,#1143,.T.);
#7684=EDGE_CURVE('',#5427,#5307,#698,.T.);
#7686=EDGE_CURVE('',#5425,#5427,#850,.T.);
#7689=EDGE_CURVE('',#5305,#5307,#1139,.T.);
#7699=EDGE_CURVE('',#5429,#5309,#702,.T.);
#7701=EDGE_CURVE('',#5427,#5429,#855,.T.);
#7704=EDGE_CURVE('',#5307,#5309,#1134,.T.);
#7714=EDGE_CURVE('',#5431,#5311,#706,.T.);
#7716=EDGE_CURVE('',#5429,#5431,#860,.T.);
#7719=EDGE_CURVE('',#5309,#5311,#1129,.T.);
#7729=EDGE_CURVE('',#5433,#5313,#710,.T.);
#7731=EDGE_CURVE('',#5431,#5433,#864,.T.);
#7734=EDGE_CURVE('',#5311,#5313,#1124,.T.);
#7744=EDGE_CURVE('',#5435,#5315,#714,.T.);
#7746=EDGE_CURVE('',#5433,#5435,#868,.T.);
#7749=EDGE_CURVE('',#5313,#5315,#1120,.T.);
#7759=EDGE_CURVE('',#5437,#5317,#718,.T.);
#7761=EDGE_CURVE('',#5435,#5437,#872,.T.);
#7764=EDGE_CURVE('',#5315,#5317,#1116,.T.);
#7774=EDGE_CURVE('',#5439,#5319,#722,.T.);
#7776=EDGE_CURVE('',#5437,#5439,#877,.T.);
#7779=EDGE_CURVE('',#5317,#5319,#1112,.T.);
#7789=EDGE_CURVE('',#5441,#5321,#726,.T.);
#7791=EDGE_CURVE('',#5439,#5441,#882,.T.);
#7794=EDGE_CURVE('',#5319,#5321,#1107,.T.);
#7804=EDGE_CURVE('',#5443,#5323,#730,.T.);
#7806=EDGE_CURVE('',#5441,#5443,#887,.T.);
#7809=EDGE_CURVE('',#5321,#5323,#1102,.T.);
#7819=EDGE_CURVE('',#5445,#5325,#734,.T.);
#7821=EDGE_CURVE('',#5443,#5445,#891,.T.);
#7824=EDGE_CURVE('',#5323,#5325,#1097,.T.);
#7834=EDGE_CURVE('',#5447,#5327,#738,.T.);
#7836=EDGE_CURVE('',#5445,#5447,#896,.T.);
#7839=EDGE_CURVE('',#5325,#5327,#1093,.T.);
#7849=EDGE_CURVE('',#5449,#5329,#742,.T.);
#7851=EDGE_CURVE('',#5447,#5449,#900,.T.);
#7854=EDGE_CURVE('',#5327,#5329,#1088,.T.);
#7864=EDGE_CURVE('',#5451,#5331,#746,.T.);
#7866=EDGE_CURVE('',#5449,#5451,#905,.T.);
#7869=EDGE_CURVE('',#5329,#5331,#1084,.T.);
#7879=EDGE_CURVE('',#5453,#5333,#750,.T.);
#7881=EDGE_CURVE('',#5451,#5453,#909,.T.);
#7884=EDGE_CURVE('',#5331,#5333,#1079,.T.);
#7894=EDGE_CURVE('',#5455,#5335,#754,.T.);
#7896=EDGE_CURVE('',#5453,#5455,#914,.T.);
#7899=EDGE_CURVE('',#5333,#5335,#1075,.T.);
#7909=EDGE_CURVE('',#5457,#5337,#758,.T.);
#7911=EDGE_CURVE('',#5455,#5457,#919,.T.);
#7914=EDGE_CURVE('',#5335,#5337,#1070,.T.);
#7924=EDGE_CURVE('',#5459,#5339,#762,.T.);
#7926=EDGE_CURVE('',#5457,#5459,#924,.T.);
#7929=EDGE_CURVE('',#5337,#5339,#1065,.T.);
#7939=EDGE_CURVE('',#5461,#5341,#766,.T.);
#7941=EDGE_CURVE('',#5459,#5461,#928,.T.);
#7944=EDGE_CURVE('',#5339,#5341,#1060,.T.);
#7954=EDGE_CURVE('',#5463,#5343,#770,.T.);
#7956=EDGE_CURVE('',#5461,#5463,#933,.T.);
#7959=EDGE_CURVE('',#5341,#5343,#1056,.T.);
#7969=EDGE_CURVE('',#5465,#5345,#774,.T.);
#7971=EDGE_CURVE('',#5463,#5465,#937,.T.);
#7974=EDGE_CURVE('',#5343,#5345,#1051,.T.);
#7984=EDGE_CURVE('',#5467,#5347,#778,.T.);
#7986=EDGE_CURVE('',#5465,#5467,#942,.T.);
#7989=EDGE_CURVE('',#5345,#5347,#1047,.T.);
#8000=EDGE_CURVE('',#5467,#5469,#946,.T.);
#8003=EDGE_CURVE('',#5347,#5349,#1042,.T.);
#8069=EDGE_CURVE('',#5276,#5277,#994,.T.);
#8071=EDGE_CURVE('',#5369,#5276,#998,.T.);
#8073=EDGE_CURVE('',#5367,#5369,#1002,.T.);
#8075=EDGE_CURVE('',#5365,#5367,#1006,.T.);
#8077=EDGE_CURVE('',#5363,#5365,#1010,.T.);
#8079=EDGE_CURVE('',#5361,#5363,#1014,.T.);
#8081=EDGE_CURVE('',#5359,#5361,#1018,.T.);
#8083=EDGE_CURVE('',#5357,#5359,#1022,.T.);
#8085=EDGE_CURVE('',#5355,#5357,#1026,.T.);
#8087=EDGE_CURVE('',#5353,#5355,#1030,.T.);
#8089=EDGE_CURVE('',#5351,#5353,#1034,.T.);
#8130=EDGE_CURVE('',#6032,#6033,#1206,.T.);
#8132=EDGE_CURVE('',#6033,#6034,#1211,.T.);
#8134=EDGE_CURVE('',#6034,#6035,#1216,.T.);
#8136=EDGE_CURVE('',#6035,#6037,#1220,.T.);
#8138=EDGE_CURVE('',#6037,#6039,#1224,.T.);
#8140=EDGE_CURVE('',#6039,#6041,#1228,.T.);
#8142=EDGE_CURVE('',#6041,#6042,#1233,.T.);
#8144=EDGE_CURVE('',#6042,#6043,#1238,.T.);
#8146=EDGE_CURVE('',#6043,#6045,#1242,.T.);
#8148=EDGE_CURVE('',#6045,#6046,#1247,.T.);
#8150=EDGE_CURVE('',#6046,#6047,#1252,.T.);
#8152=EDGE_CURVE('',#6047,#6049,#1256,.T.);
#8154=EDGE_CURVE('',#6049,#6051,#1260,.T.);
#8156=EDGE_CURVE('',#6051,#6053,#1264,.T.);
#8158=EDGE_CURVE('',#6053,#6054,#1269,.T.);
#8160=EDGE_CURVE('',#6054,#6055,#1274,.T.);
#8162=EDGE_CURVE('',#6055,#6057,#1278,.T.);
#8164=EDGE_CURVE('',#6057,#6059,#1282,.T.);
#8166=EDGE_CURVE('',#6059,#6061,#1286,.T.);
#8168=EDGE_CURVE('',#6061,#6062,#1291,.T.);
#8170=EDGE_CURVE('',#6062,#6063,#1296,.T.);
#8172=EDGE_CURVE('',#6063,#6065,#1300,.T.);
#8174=EDGE_CURVE('',#6065,#6067,#1304,.T.);
#8176=EDGE_CURVE('',#6067,#6069,#1308,.T.);
#8178=EDGE_CURVE('',#6069,#6070,#1313,.T.);
#8180=EDGE_CURVE('',#6070,#6071,#1318,.T.);
#8182=EDGE_CURVE('',#6071,#6073,#1322,.T.);
#8184=EDGE_CURVE('',#6073,#6074,#1327,.T.);
#8186=EDGE_CURVE('',#6074,#6075,#1332,.T.);
#8188=EDGE_CURVE('',#6075,#6077,#1336,.T.);
#8190=EDGE_CURVE('',#6077,#6079,#1340,.T.);
#8192=EDGE_CURVE('',#6079,#6081,#1344,.T.);
#8194=EDGE_CURVE('',#6081,#6082,#1349,.T.);
#8196=EDGE_CURVE('',#6082,#6083,#1354,.T.);
#8198=EDGE_CURVE('',#6083,#6085,#1358,.T.);
#8200=EDGE_CURVE('',#6085,#6032,#1362,.T.);
#8204=EDGE_CURVE('',#6088,#6089,#1366,.T.);
#8206=EDGE_CURVE('',#6089,#6091,#1370,.T.);
#8208=EDGE_CURVE('',#6091,#6092,#1375,.T.);
#8210=EDGE_CURVE('',#6092,#6093,#1380,.T.);
#8212=EDGE_CURVE('',#6093,#6095,#1384,.T.);
#8214=EDGE_CURVE('',#6095,#6096,#1389,.T.);
#8216=EDGE_CURVE('',#6096,#6097,#1394,.T.);
#8218=EDGE_CURVE('',#6097,#6099,#1398,.T.);
#8220=EDGE_CURVE('',#6099,#6101,#1402,.T.);
#8222=EDGE_CURVE('',#6101,#6103,#1406,.T.);
#8224=EDGE_CURVE('',#6103,#6104,#1411,.T.);
#8226=EDGE_CURVE('',#6104,#6105,#1416,.T.);
#8228=EDGE_CURVE('',#6105,#6107,#1420,.T.);
#8230=EDGE_CURVE('',#6107,#6108,#1425,.T.);
#8232=EDGE_CURVE('',#6108,#6109,#1430,.T.);
#8234=EDGE_CURVE('',#6109,#6088,#1434,.T.);
#8238=EDGE_CURVE('',#6112,#6113,#1438,.T.);
#8240=EDGE_CURVE('',#6113,#6114,#1443,.T.);
#8242=EDGE_CURVE('',#6114,#6115,#1448,.T.);
#8244=EDGE_CURVE('',#6115,#6116,#1453,.T.);
#8246=EDGE_CURVE('',#6116,#6117,#1458,.T.);
#8248=EDGE_CURVE('',#6117,#6119,#1462,.T.);
#8250=EDGE_CURVE('',#6119,#6121,#1466,.T.);
#8252=EDGE_CURVE('',#6121,#6123,#1470,.T.);
#8254=EDGE_CURVE('',#6123,#6124,#1475,.T.);
#8256=EDGE_CURVE('',#6124,#6125,#1480,.T.);
#8258=EDGE_CURVE('',#6125,#6127,#1484,.T.);
#8260=EDGE_CURVE('',#6127,#6129,#1488,.T.);
#8262=EDGE_CURVE('',#6129,#6131,#1492,.T.);
#8264=EDGE_CURVE('',#6131,#6133,#1496,.T.);
#8266=EDGE_CURVE('',#6133,#6135,#1500,.T.);
#8268=EDGE_CURVE('',#6135,#6137,#1504,.T.);
#8270=EDGE_CURVE('',#6137,#6138,#1509,.T.);
#8272=EDGE_CURVE('',#6138,#6139,#1514,.T.);
#8274=EDGE_CURVE('',#6139,#6141,#1518,.T.);
#8276=EDGE_CURVE('',#6141,#6143,#1522,.T.);
#8278=EDGE_CURVE('',#6143,#6145,#1526,.T.);
#8280=EDGE_CURVE('',#6145,#6146,#1531,.T.);
#8282=EDGE_CURVE('',#6146,#6147,#1536,.T.);
#8284=EDGE_CURVE('',#6147,#6148,#1541,.T.);
#8286=EDGE_CURVE('',#6148,#6149,#1546,.T.);
#8288=EDGE_CURVE('',#6149,#6151,#1550,.T.);
#8290=EDGE_CURVE('',#6151,#6153,#1554,.T.);
#8292=EDGE_CURVE('',#6153,#6154,#1559,.T.);
#8294=EDGE_CURVE('',#6154,#6155,#1564,.T.);
#8296=EDGE_CURVE('',#6155,#6156,#1569,.T.);
#8298=EDGE_CURVE('',#6156,#6157,#1574,.T.);
#8300=EDGE_CURVE('',#6157,#6159,#1578,.T.);
#8302=EDGE_CURVE('',#6159,#6161,#1582,.T.);
#8304=EDGE_CURVE('',#6161,#6163,#1586,.T.);
#8306=EDGE_CURVE('',#6163,#6164,#1591,.T.);
#8308=EDGE_CURVE('',#6164,#6165,#1596,.T.);
#8310=EDGE_CURVE('',#6165,#6167,#1600,.T.);
#8312=EDGE_CURVE('',#6167,#6112,#1604,.T.);
#8316=EDGE_CURVE('',#6170,#6171,#1608,.T.);
#8318=EDGE_CURVE('',#6171,#6173,#1612,.T.);
#8320=EDGE_CURVE('',#6173,#6174,#1617,.T.);
#8322=EDGE_CURVE('',#6174,#6175,#1622,.T.);
#8324=EDGE_CURVE('',#6175,#6177,#1626,.T.);
#8326=EDGE_CURVE('',#6177,#6178,#1631,.T.);
#8328=EDGE_CURVE('',#6178,#6179,#1636,.T.);
#8330=EDGE_CURVE('',#6179,#6181,#1640,.T.);
#8332=EDGE_CURVE('',#6181,#6183,#1644,.T.);
#8334=EDGE_CURVE('',#6183,#6185,#1648,.T.);
#8336=EDGE_CURVE('',#6185,#6186,#1653,.T.);
#8338=EDGE_CURVE('',#6186,#6187,#1658,.T.);
#8340=EDGE_CURVE('',#6187,#6189,#1662,.T.);
#8342=EDGE_CURVE('',#6189,#6190,#1667,.T.);
#8344=EDGE_CURVE('',#6190,#6191,#1672,.T.);
#8346=EDGE_CURVE('',#6191,#6170,#1676,.T.);
#8350=EDGE_CURVE('',#6194,#6195,#1680,.T.);
#8352=EDGE_CURVE('',#6195,#6197,#1684,.T.);
#8354=EDGE_CURVE('',#6197,#6198,#1689,.T.);
#8356=EDGE_CURVE('',#6198,#6199,#1694,.T.);
#8358=EDGE_CURVE('',#6199,#6201,#1698,.T.);
#8360=EDGE_CURVE('',#6201,#6203,#1702,.T.);
#8362=EDGE_CURVE('',#6203,#6205,#1706,.T.);
#8364=EDGE_CURVE('',#6205,#6207,#1710,.T.);
#8366=EDGE_CURVE('',#6207,#6208,#1715,.T.);
#8368=EDGE_CURVE('',#6208,#6209,#1720,.T.);
#8370=EDGE_CURVE('',#6209,#6211,#1724,.T.);
#8372=EDGE_CURVE('',#6211,#6213,#1728,.T.);
#8374=EDGE_CURVE('',#6213,#6215,#1732,.T.);
#8376=EDGE_CURVE('',#6215,#6216,#1737,.T.);
#8378=EDGE_CURVE('',#6216,#6217,#1742,.T.);
#8380=EDGE_CURVE('',#6217,#6219,#1746,.T.);
#8382=EDGE_CURVE('',#6219,#6221,#1750,.T.);
#8384=EDGE_CURVE('',#6221,#6223,#1754,.T.);
#8386=EDGE_CURVE('',#6223,#6225,#1758,.T.);
#8388=EDGE_CURVE('',#6225,#6226,#1763,.T.);
#8390=EDGE_CURVE('',#6226,#6227,#1768,.T.);
#8392=EDGE_CURVE('',#6227,#6229,#1772,.T.);
#8394=EDGE_CURVE('',#6229,#6230,#1777,.T.);
#8396=EDGE_CURVE('',#6230,#6231,#1782,.T.);
#8398=EDGE_CURVE('',#6231,#6194,#1786,.T.);
#8402=EDGE_CURVE('',#6234,#6235,#1790,.T.);
#8404=EDGE_CURVE('',#6235,#6237,#1794,.T.);
#8406=EDGE_CURVE('',#6237,#6239,#1798,.T.);
#8408=EDGE_CURVE('',#6239,#6241,#1802,.T.);
#8410=EDGE_CURVE('',#6241,#6243,#1806,.T.);
#8412=EDGE_CURVE('',#6243,#6245,#1810,.T.);
#8414=EDGE_CURVE('',#6245,#6247,#1814,.T.);
#8416=EDGE_CURVE('',#6247,#6249,#1818,.T.);
#8418=EDGE_CURVE('',#6249,#6251,#1822,.T.);
#8420=EDGE_CURVE('',#6251,#6253,#1826,.T.);
#8422=EDGE_CURVE('',#6253,#6255,#1830,.T.);
#8424=EDGE_CURVE('',#6255,#6234,#1834,.T.);
#8428=EDGE_CURVE('',#6258,#6259,#1838,.T.);
#8430=EDGE_CURVE('',#6259,#6261,#1842,.T.);
#8432=EDGE_CURVE('',#6261,#6263,#1846,.T.);
#8434=EDGE_CURVE('',#6263,#6265,#1850,.T.);
#8436=EDGE_CURVE('',#6265,#6267,#1854,.T.);
#8438=EDGE_CURVE('',#6267,#6269,#1858,.T.);
#8440=EDGE_CURVE('',#6269,#6271,#1862,.T.);
#8442=EDGE_CURVE('',#6271,#6273,#1866,.T.);
#8444=EDGE_CURVE('',#6273,#6275,#1870,.T.);
#8446=EDGE_CURVE('',#6275,#6277,#1874,.T.);
#8448=EDGE_CURVE('',#6277,#6279,#1878,.T.);
#8450=EDGE_CURVE('',#6279,#6281,#1882,.T.);
#8452=EDGE_CURVE('',#6281,#6283,#1886,.T.);
#8454=EDGE_CURVE('',#6283,#6285,#1890,.T.);
#8456=EDGE_CURVE('',#6285,#6287,#1894,.T.);
#8458=EDGE_CURVE('',#6287,#6289,#1898,.T.);
#8460=EDGE_CURVE('',#6289,#6291,#1902,.T.);
#8462=EDGE_CURVE('',#6291,#6293,#1906,.T.);
#8464=EDGE_CURVE('',#6293,#6295,#1910,.T.);
#8466=EDGE_CURVE('',#6295,#6297,#1914,.T.);
#8468=EDGE_CURVE('',#6297,#6299,#1918,.T.);
#8470=EDGE_CURVE('',#6299,#6301,#1922,.T.);
#8472=EDGE_CURVE('',#6301,#6303,#1926,.T.);
#8474=EDGE_CURVE('',#6303,#6305,#1930,.T.);
#8476=EDGE_CURVE('',#6305,#6307,#1934,.T.);
#8478=EDGE_CURVE('',#6307,#6309,#1938,.T.);
#8480=EDGE_CURVE('',#6309,#6311,#1942,.T.);
#8482=EDGE_CURVE('',#6311,#6313,#1946,.T.);
#8484=EDGE_CURVE('',#6313,#6315,#1950,.T.);
#8486=EDGE_CURVE('',#6315,#6317,#1954,.T.);
#8488=EDGE_CURVE('',#6317,#6319,#1958,.T.);
#8490=EDGE_CURVE('',#6319,#6321,#1962,.T.);
#8492=EDGE_CURVE('',#6321,#6323,#1966,.T.);
#8494=EDGE_CURVE('',#6323,#6325,#1970,.T.);
#8496=EDGE_CURVE('',#6325,#6327,#1974,.T.);
#8498=EDGE_CURVE('',#6327,#6329,#1978,.T.);
#8500=EDGE_CURVE('',#6329,#6331,#1982,.T.);
#8502=EDGE_CURVE('',#6331,#6333,#1986,.T.);
#8504=EDGE_CURVE('',#6333,#6335,#1990,.T.);
#8506=EDGE_CURVE('',#6335,#6337,#1994,.T.);
#8508=EDGE_CURVE('',#6337,#6339,#1998,.T.);
#8510=EDGE_CURVE('',#6339,#6341,#2002,.T.);
#8512=EDGE_CURVE('',#6341,#6343,#2006,.T.);
#8514=EDGE_CURVE('',#6343,#6258,#2010,.T.);
#8518=EDGE_CURVE('',#6346,#6347,#2014,.T.);
#8520=EDGE_CURVE('',#6347,#6349,#2018,.T.);
#8522=EDGE_CURVE('',#6349,#6351,#2022,.T.);
#8524=EDGE_CURVE('',#6351,#6353,#2026,.T.);
#8526=EDGE_CURVE('',#6353,#6355,#2030,.T.);
#8528=EDGE_CURVE('',#6355,#6357,#2034,.T.);
#8530=EDGE_CURVE('',#6357,#6359,#2038,.T.);
#8532=EDGE_CURVE('',#6359,#6361,#2042,.T.);
#8534=EDGE_CURVE('',#6361,#6363,#2046,.T.);
#8536=EDGE_CURVE('',#6363,#6365,#2050,.T.);
#8538=EDGE_CURVE('',#6365,#6367,#2054,.T.);
#8540=EDGE_CURVE('',#6367,#6369,#2058,.T.);
#8542=EDGE_CURVE('',#6369,#6371,#2062,.T.);
#8544=EDGE_CURVE('',#6371,#6373,#2066,.T.);
#8546=EDGE_CURVE('',#6373,#6375,#2070,.T.);
#8548=EDGE_CURVE('',#6375,#6377,#2074,.T.);
#8550=EDGE_CURVE('',#6377,#6379,#2078,.T.);
#8552=EDGE_CURVE('',#6379,#6381,#2082,.T.);
#8554=EDGE_CURVE('',#6381,#6383,#2086,.T.);
#8556=EDGE_CURVE('',#6383,#6385,#2090,.T.);
#8558=EDGE_CURVE('',#6385,#6387,#2094,.T.);
#8560=EDGE_CURVE('',#6387,#6389,#2098,.T.);
#8562=EDGE_CURVE('',#6389,#6391,#2102,.T.);
#8564=EDGE_CURVE('',#6391,#6393,#2106,.T.);
#8566=EDGE_CURVE('',#6393,#6395,#2110,.T.);
#8568=EDGE_CURVE('',#6395,#6397,#2114,.T.);
#8570=EDGE_CURVE('',#6397,#6399,#2118,.T.);
#8572=EDGE_CURVE('',#6399,#6401,#2122,.T.);
#8574=EDGE_CURVE('',#6401,#6403,#2126,.T.);
#8576=EDGE_CURVE('',#6403,#6405,#2130,.T.);
#8578=EDGE_CURVE('',#6405,#6407,#2134,.T.);
#8580=EDGE_CURVE('',#6407,#6409,#2138,.T.);
#8582=EDGE_CURVE('',#6409,#6411,#2142,.T.);
#8584=EDGE_CURVE('',#6411,#6413,#2146,.T.);
#8586=EDGE_CURVE('',#6413,#6415,#2150,.T.);
#8588=EDGE_CURVE('',#6415,#6417,#2154,.T.);
#8590=EDGE_CURVE('',#6417,#6419,#2158,.T.);
#8592=EDGE_CURVE('',#6419,#6421,#2162,.T.);
#8594=EDGE_CURVE('',#6421,#6423,#2166,.T.);
#8596=EDGE_CURVE('',#6423,#6425,#2170,.T.);
#8598=EDGE_CURVE('',#6425,#6427,#2174,.T.);
#8600=EDGE_CURVE('',#6427,#6429,#2178,.T.);
#8602=EDGE_CURVE('',#6429,#6431,#2182,.T.);
#8604=EDGE_CURVE('',#6431,#6433,#2186,.T.);
#8606=EDGE_CURVE('',#6433,#6435,#2190,.T.);
#8608=EDGE_CURVE('',#6435,#6437,#2194,.T.);
#8610=EDGE_CURVE('',#6437,#6439,#2198,.T.);
#8612=EDGE_CURVE('',#6439,#6441,#2202,.T.);
#8614=EDGE_CURVE('',#6441,#6443,#2206,.T.);
#8616=EDGE_CURVE('',#6443,#6445,#2210,.T.);
#8618=EDGE_CURVE('',#6445,#6447,#2214,.T.);
#8620=EDGE_CURVE('',#6447,#6449,#2218,.T.);
#8622=EDGE_CURVE('',#6449,#6451,#2222,.T.);
#8624=EDGE_CURVE('',#6451,#6453,#2226,.T.);
#8626=EDGE_CURVE('',#6453,#6455,#2230,.T.);
#8628=EDGE_CURVE('',#6455,#6457,#2234,.T.);
#8630=EDGE_CURVE('',#6457,#6346,#2238,.T.);
#8634=EDGE_CURVE('',#6460,#6461,#2242,.T.);
#8636=EDGE_CURVE('',#6461,#6463,#2246,.T.);
#8638=EDGE_CURVE('',#6463,#6465,#2250,.T.);
#8640=EDGE_CURVE('',#6465,#6467,#2254,.T.);
#8642=EDGE_CURVE('',#6467,#6469,#2258,.T.);
#8644=EDGE_CURVE('',#6469,#6471,#2262,.T.);
#8646=EDGE_CURVE('',#6471,#6473,#2266,.T.);
#8648=EDGE_CURVE('',#6473,#6475,#2270,.T.);
#8650=EDGE_CURVE('',#6475,#6477,#2274,.T.);
#8652=EDGE_CURVE('',#6477,#6479,#2278,.T.);
#8654=EDGE_CURVE('',#6479,#6481,#2282,.T.);
#8656=EDGE_CURVE('',#6481,#6483,#2286,.T.);
#8658=EDGE_CURVE('',#6483,#6485,#2290,.T.);
#8660=EDGE_CURVE('',#6485,#6487,#2294,.T.);
#8662=EDGE_CURVE('',#6487,#6489,#2298,.T.);
#8664=EDGE_CURVE('',#6489,#6491,#2302,.T.);
#8666=EDGE_CURVE('',#6491,#6493,#2306,.T.);
#8668=EDGE_CURVE('',#6493,#6495,#2310,.T.);
#8670=EDGE_CURVE('',#6495,#6497,#2314,.T.);
#8672=EDGE_CURVE('',#6497,#6499,#2318,.T.);
#8674=EDGE_CURVE('',#6499,#6501,#2322,.T.);
#8676=EDGE_CURVE('',#6501,#6503,#2326,.T.);
#8678=EDGE_CURVE('',#6503,#6505,#2330,.T.);
#8680=EDGE_CURVE('',#6505,#6507,#2334,.T.);
#8682=EDGE_CURVE('',#6507,#6509,#2338,.T.);
#8684=EDGE_CURVE('',#6509,#6460,#2342,.T.);
#8694=EDGE_CURVE('',#6512,#6513,#2346,.T.);
#8696=EDGE_CURVE('',#6513,#6515,#2350,.T.);
#8698=EDGE_CURVE('',#6515,#6517,#2354,.T.);
#8700=EDGE_CURVE('',#6517,#6519,#2358,.T.);
#8702=EDGE_CURVE('',#6519,#6521,#2362,.T.);
#8704=EDGE_CURVE('',#6521,#6523,#2366,.T.);
#8706=EDGE_CURVE('',#6523,#6525,#2370,.T.);
#8708=EDGE_CURVE('',#6525,#6527,#2374,.T.);
#8710=EDGE_CURVE('',#6527,#6529,#2378,.T.);
#8712=EDGE_CURVE('',#6529,#6531,#2382,.T.);
#8714=EDGE_CURVE('',#6531,#6533,#2386,.T.);
#8716=EDGE_CURVE('',#6533,#6535,#2390,.T.);
#8718=EDGE_CURVE('',#6535,#6537,#2394,.T.);
#8720=EDGE_CURVE('',#6537,#6539,#2398,.T.);
#8722=EDGE_CURVE('',#6539,#6541,#2402,.T.);
#8724=EDGE_CURVE('',#6541,#6543,#2406,.T.);
#8726=EDGE_CURVE('',#6543,#6545,#2410,.T.);
#8728=EDGE_CURVE('',#6545,#6512,#2414,.T.);
#8739=EDGE_CURVE('',#5372,#5276,#2418,.T.);
#8752=EDGE_CURVE('',#5393,#5369,#2422,.T.);
#8765=EDGE_CURVE('',#5391,#5367,#2426,.T.);
#8778=EDGE_CURVE('',#5389,#5365,#2430,.T.);
#8791=EDGE_CURVE('',#5387,#5363,#2434,.T.);
#8804=EDGE_CURVE('',#5385,#5361,#2438,.T.);
#8817=EDGE_CURVE('',#5383,#5359,#2442,.T.);
#8830=EDGE_CURVE('',#5381,#5357,#2446,.T.);
#8843=EDGE_CURVE('',#5379,#5355,#2450,.T.);
#8856=EDGE_CURVE('',#5377,#5353,#2454,.T.);
#8881=EDGE_CURVE('',#6032,#5516,#2462,.T.);
#8883=EDGE_CURVE('',#5516,#5517,#2606,.T.);
#8885=EDGE_CURVE('',#6033,#5517,#2602,.T.);
#8896=EDGE_CURVE('',#6085,#5569,#2466,.T.);
#8898=EDGE_CURVE('',#5569,#5516,#2610,.T.);
#8910=EDGE_CURVE('',#6083,#5567,#2470,.T.);
#8912=EDGE_CURVE('',#5567,#5569,#2614,.T.);
#8922=B_SPLINE_CURVE_WITH_KNOTS('',3,(#8918,#8919,#8920,#8921),.UNSPECIFIED.,
.F.,.F.,(4,4),(0.E0,1.E0),.UNSPECIFIED.);
#8927=EDGE_CURVE('',#6082,#5566,#2474,.T.);
#8929=EDGE_CURVE('',#5566,#5567,#2621,.T.);
#8939=B_SPLINE_CURVE_WITH_KNOTS('',3,(#8935,#8936,#8937,#8938),.UNSPECIFIED.,
.F.,.F.,(4,4),(0.E0,1.E0),.UNSPECIFIED.);
#8944=EDGE_CURVE('',#6081,#5565,#2478,.T.);
#8946=EDGE_CURVE('',#5565,#5566,#2628,.T.);
#8958=EDGE_CURVE('',#6079,#5563,#2482,.T.);
#8960=EDGE_CURVE('',#5563,#5565,#2632,.T.);
#8972=EDGE_CURVE('',#6077,#5561,#2486,.T.);
#8974=EDGE_CURVE('',#5561,#5563,#2636,.T.);
#8986=EDGE_CURVE('',#6075,#5559,#2490,.T.);
#8988=EDGE_CURVE('',#5559,#5561,#2640,.T.);
#8998=B_SPLINE_CURVE_WITH_KNOTS('',3,(#8994,#8995,#8996,#8997),.UNSPECIFIED.,
.F.,.F.,(4,4),(0.E0,1.E0),.UNSPECIFIED.);
#9003=EDGE_CURVE('',#6074,#5558,#2494,.T.);
#9005=EDGE_CURVE('',#5558,#5559,#2647,.T.);
#9015=B_SPLINE_CURVE_WITH_KNOTS('',3,(#9011,#9012,#9013,#9014),.UNSPECIFIED.,
.F.,.F.,(4,4),(0.E0,1.E0),.UNSPECIFIED.);
#9020=EDGE_CURVE('',#6073,#5557,#2498,.T.);
#9022=EDGE_CURVE('',#5557,#5558,#2654,.T.);
#9034=EDGE_CURVE('',#6071,#5555,#2502,.T.);
#9036=EDGE_CURVE('',#5555,#5557,#2658,.T.);
#9046=B_SPLINE_CURVE_WITH_KNOTS('',3,(#9042,#9043,#9044,#9045),.UNSPECIFIED.,
.F.,.F.,(4,4),(0.E0,1.E0),.UNSPECIFIED.);
#9051=EDGE_CURVE('',#6070,#5554,#2506,.T.);
#9053=EDGE_CURVE('',#5554,#5555,#2666,.T.);
#9063=B_SPLINE_CURVE_WITH_KNOTS('',3,(#9059,#9060,#9061,#9062),.UNSPECIFIED.,
.F.,.F.,(4,4),(0.E0,1.E0),.UNSPECIFIED.);
#9068=EDGE_CURVE('',#6069,#5553,#2510,.T.);
#9070=EDGE_CURVE('',#5553,#5554,#2673,.T.);
#9082=EDGE_CURVE('',#6067,#5551,#2514,.T.);
#9084=EDGE_CURVE('',#5551,#5553,#2677,.T.);
#9096=EDGE_CURVE('',#6065,#5549,#2518,.T.);
#9098=EDGE_CURVE('',#5549,#5551,#2681,.T.);
#9110=EDGE_CURVE('',#6063,#5547,#2522,.T.);
#9112=EDGE_CURVE('',#5547,#5549,#2685,.T.);
#9122=B_SPLINE_CURVE_WITH_KNOTS('',3,(#9118,#9119,#9120,#9121),.UNSPECIFIED.,
.F.,.F.,(4,4),(0.E0,1.E0),.UNSPECIFIED.);
#9127=EDGE_CURVE('',#6062,#5546,#2526,.T.);
#9129=EDGE_CURVE('',#5546,#5547,#2692,.T.);
#9139=B_SPLINE_CURVE_WITH_KNOTS('',3,(#9135,#9136,#9137,#9138),.UNSPECIFIED.,
.F.,.F.,(4,4),(0.E0,1.E0),.UNSPECIFIED.);
#9144=EDGE_CURVE('',#6061,#5545,#2530,.T.);
#9146=EDGE_CURVE('',#5545,#5546,#2699,.T.);
#9158=EDGE_CURVE('',#6059,#5543,#2534,.T.);
#9160=EDGE_CURVE('',#5543,#5545,#2703,.T.);
#9172=EDGE_CURVE('',#6057,#5541,#2538,.T.);
#9174=EDGE_CURVE('',#5541,#5543,#2707,.T.);
#9186=EDGE_CURVE('',#6055,#5539,#2542,.T.);
#9188=EDGE_CURVE('',#5539,#5541,#2711,.T.);
#9198=B_SPLINE_CURVE_WITH_KNOTS('',3,(#9194,#9195,#9196,#9197),.UNSPECIFIED.,
.F.,.F.,(4,4),(0.E0,1.E0),.UNSPECIFIED.);
#9203=EDGE_CURVE('',#6054,#5538,#2546,.T.);
#9205=EDGE_CURVE('',#5538,#5539,#2718,.T.);
#9215=B_SPLINE_CURVE_WITH_KNOTS('',3,(#9211,#9212,#9213,#9214),.UNSPECIFIED.,
.F.,.F.,(4,4),(0.E0,1.E0),.UNSPECIFIED.);
#9220=EDGE_CURVE('',#6053,#5537,#2550,.T.);
#9222=EDGE_CURVE('',#5537,#5538,#2726,.T.);
#9234=EDGE_CURVE('',#6051,#5535,#2554,.T.);
#9236=EDGE_CURVE('',#5535,#5537,#2730,.T.);
#9248=EDGE_CURVE('',#6049,#5533,#2558,.T.);
#9250=EDGE_CURVE('',#5533,#5535,#2734,.T.);
#9262=EDGE_CURVE('',#6047,#5531,#2562,.T.);
#9264=EDGE_CURVE('',#5531,#5533,#2738,.T.);
#9274=B_SPLINE_CURVE_WITH_KNOTS('',3,(#9270,#9271,#9272,#9273),.UNSPECIFIED.,
.F.,.F.,(4,4),(0.E0,1.E0),.UNSPECIFIED.);
#9279=EDGE_CURVE('',#6046,#5530,#2566,.T.);
#9281=EDGE_CURVE('',#5530,#5531,#2745,.T.);
#9291=B_SPLINE_CURVE_WITH_KNOTS('',3,(#9287,#9288,#9289,#9290),.UNSPECIFIED.,
.F.,.F.,(4,4),(0.E0,1.E0),.UNSPECIFIED.);
#9296=EDGE_CURVE('',#6045,#5529,#2570,.T.);
#9298=EDGE_CURVE('',#5529,#5530,#2752,.T.);
#9310=EDGE_CURVE('',#6043,#5527,#2574,.T.);
#9312=EDGE_CURVE('',#5527,#5529,#2756,.T.);
#9322=B_SPLINE_CURVE_WITH_KNOTS('',3,(#9318,#9319,#9320,#9321),.UNSPECIFIED.,
.F.,.F.,(4,4),(0.E0,1.E0),.UNSPECIFIED.);
#9327=EDGE_CURVE('',#6042,#5526,#2578,.T.);
#9329=EDGE_CURVE('',#5526,#5527,#2763,.T.);
#9339=B_SPLINE_CURVE_WITH_KNOTS('',3,(#9335,#9336,#9337,#9338),.UNSPECIFIED.,
.F.,.F.,(4,4),(0.E0,1.E0),.UNSPECIFIED.);
#9344=EDGE_CURVE('',#6041,#5525,#2582,.T.);
#9346=EDGE_CURVE('',#5525,#5526,#2771,.T.);
#9358=EDGE_CURVE('',#6039,#5523,#2586,.T.);
#9360=EDGE_CURVE('',#5523,#5525,#2775,.T.);
#9372=EDGE_CURVE('',#6037,#5521,#2590,.T.);
#9374=EDGE_CURVE('',#5521,#5523,#2779,.T.);
#9386=EDGE_CURVE('',#6035,#5519,#2594,.T.);
#9388=EDGE_CURVE('',#5519,#5521,#2783,.T.);
#9398=B_SPLINE_CURVE_WITH_KNOTS('',3,(#9394,#9395,#9396,#9397),.UNSPECIFIED.,
.F.,.F.,(4,4),(0.E0,1.E0),.UNSPECIFIED.);
#9403=EDGE_CURVE('',#6034,#5518,#2598,.T.);
#9405=EDGE_CURVE('',#5518,#5519,#2790,.T.);
#9415=B_SPLINE_CURVE_WITH_KNOTS('',3,(#9411,#9412,#9413,#9414),.UNSPECIFIED.,
.F.,.F.,(4,4),(0.E0,1.E0),.UNSPECIFIED.);
#9421=EDGE_CURVE('',#5517,#5518,#2797,.T.);
#9476=EDGE_CURVE('',#5572,#5573,#2801,.T.);
#9478=EDGE_CURVE('',#5593,#5572,#2805,.T.);
#9480=EDGE_CURVE('',#5592,#5593,#2812,.T.);
#9482=EDGE_CURVE('',#5591,#5592,#2819,.T.);
#9484=EDGE_CURVE('',#5589,#5591,#2823,.T.);
#9486=EDGE_CURVE('',#5588,#5589,#2830,.T.);
#9488=EDGE_CURVE('',#5587,#5588,#2837,.T.);
#9490=EDGE_CURVE('',#5585,#5587,#2841,.T.);
#9492=EDGE_CURVE('',#5583,#5585,#2845,.T.);
#9494=EDGE_CURVE('',#5581,#5583,#2849,.T.);
#9496=EDGE_CURVE('',#5580,#5581,#2856,.T.);
#9498=EDGE_CURVE('',#5579,#5580,#2863,.T.);
#9500=EDGE_CURVE('',#5577,#5579,#2867,.T.);
#9502=EDGE_CURVE('',#5576,#5577,#2874,.T.);
#9504=EDGE_CURVE('',#5575,#5576,#2881,.T.);
#9506=EDGE_CURVE('',#5573,#5575,#2885,.T.);
#9516=EDGE_CURVE('',#5596,#5597,#2889,.T.);
#9518=EDGE_CURVE('',#5651,#5596,#2893,.T.);
#9520=EDGE_CURVE('',#5649,#5651,#2897,.T.);
#9522=EDGE_CURVE('',#5648,#5649,#2904,.T.);
#9524=EDGE_CURVE('',#5647,#5648,#2911,.T.);
#9526=EDGE_CURVE('',#5645,#5647,#2915,.T.);
#9528=EDGE_CURVE('',#5643,#5645,#2919,.T.);
#9530=EDGE_CURVE('',#5641,#5643,#2923,.T.);
#9532=EDGE_CURVE('',#5640,#5641,#2930,.T.);
#9534=EDGE_CURVE('',#5639,#5640,#2937,.T.);
#9536=EDGE_CURVE('',#5638,#5639,#2944,.T.);
#9538=EDGE_CURVE('',#5637,#5638,#2951,.T.);
#9540=EDGE_CURVE('',#5635,#5637,#2955,.T.);
#9542=EDGE_CURVE('',#5633,#5635,#2959,.T.);
#9544=EDGE_CURVE('',#5632,#5633,#2966,.T.);
#9546=EDGE_CURVE('',#5631,#5632,#2973,.T.);
#9548=EDGE_CURVE('',#5630,#5631,#2980,.T.);
#9550=EDGE_CURVE('',#5629,#5630,#2987,.T.);
#9552=EDGE_CURVE('',#5627,#5629,#2991,.T.);
#9554=EDGE_CURVE('',#5625,#5627,#2995,.T.);
#9556=EDGE_CURVE('',#5623,#5625,#2999,.T.);
#9558=EDGE_CURVE('',#5622,#5623,#3006,.T.);
#9560=EDGE_CURVE('',#5621,#5622,#3013,.T.);
#9562=EDGE_CURVE('',#5619,#5621,#3017,.T.);
#9564=EDGE_CURVE('',#5617,#5619,#3021,.T.);
#9566=EDGE_CURVE('',#5615,#5617,#3025,.T.);
#9568=EDGE_CURVE('',#5613,#5615,#3029,.T.);
#9570=EDGE_CURVE('',#5611,#5613,#3033,.T.);
#9572=EDGE_CURVE('',#5609,#5611,#3037,.T.);
#9574=EDGE_CURVE('',#5608,#5609,#3045,.T.);
#9576=EDGE_CURVE('',#5607,#5608,#3052,.T.);
#9578=EDGE_CURVE('',#5605,#5607,#3056,.T.);
#9580=EDGE_CURVE('',#5603,#5605,#3060,.T.);
#9582=EDGE_CURVE('',#5601,#5603,#3064,.T.);
#9584=EDGE_CURVE('',#5600,#5601,#3071,.T.);
#9586=EDGE_CURVE('',#5599,#5600,#3078,.T.);
#9588=EDGE_CURVE('',#5598,#5599,#3085,.T.);
#9590=EDGE_CURVE('',#5597,#5598,#3092,.T.);
#9600=EDGE_CURVE('',#5654,#5655,#3096,.T.);
#9602=EDGE_CURVE('',#5675,#5654,#3100,.T.);
#9604=EDGE_CURVE('',#5674,#5675,#3107,.T.);
#9606=EDGE_CURVE('',#5673,#5674,#3114,.T.);
#9608=EDGE_CURVE('',#5671,#5673,#3118,.T.);
#9610=EDGE_CURVE('',#5670,#5671,#3125,.T.);
#9612=EDGE_CURVE('',#5669,#5670,#3132,.T.);
#9614=EDGE_CURVE('',#5667,#5669,#3136,.T.);
#9616=EDGE_CURVE('',#5665,#5667,#3140,.T.);
#9618=EDGE_CURVE('',#5663,#5665,#3144,.T.);
#9620=EDGE_CURVE('',#5662,#5663,#3151,.T.);
#9622=EDGE_CURVE('',#5661,#5662,#3158,.T.);
#9624=EDGE_CURVE('',#5659,#5661,#3162,.T.);
#9626=EDGE_CURVE('',#5658,#5659,#3169,.T.);
#9628=EDGE_CURVE('',#5657,#5658,#3176,.T.);
#9630=EDGE_CURVE('',#5655,#5657,#3180,.T.);
#9640=EDGE_CURVE('',#5678,#5679,#3184,.T.);
#9642=EDGE_CURVE('',#5715,#5678,#3188,.T.);
#9644=EDGE_CURVE('',#5714,#5715,#3195,.T.);
#9646=EDGE_CURVE('',#5713,#5714,#3203,.T.);
#9648=EDGE_CURVE('',#5711,#5713,#3207,.T.);
#9650=EDGE_CURVE('',#5710,#5711,#3214,.T.);
#9652=EDGE_CURVE('',#5709,#5710,#3221,.T.);
#9654=EDGE_CURVE('',#5707,#5709,#3225,.T.);
#9656=EDGE_CURVE('',#5705,#5707,#3229,.T.);
#9658=EDGE_CURVE('',#5703,#5705,#3233,.T.);
#9660=EDGE_CURVE('',#5701,#5703,#3237,.T.);
#9662=EDGE_CURVE('',#5700,#5701,#3244,.T.);
#9664=EDGE_CURVE('',#5699,#5700,#3252,.T.);
#9666=EDGE_CURVE('',#5697,#5699,#3256,.T.);
#9668=EDGE_CURVE('',#5695,#5697,#3260,.T.);
#9670=EDGE_CURVE('',#5693,#5695,#3264,.T.);
#9672=EDGE_CURVE('',#5692,#5693,#3271,.T.);
#9674=EDGE_CURVE('',#5691,#5692,#3280,.T.);
#9676=EDGE_CURVE('',#5689,#5691,#3284,.T.);
#9678=EDGE_CURVE('',#5687,#5689,#3288,.T.);
#9680=EDGE_CURVE('',#5685,#5687,#3292,.T.);
#9682=EDGE_CURVE('',#5683,#5685,#3296,.T.);
#9684=EDGE_CURVE('',#5682,#5683,#3304,.T.);
#9686=EDGE_CURVE('',#5681,#5682,#3311,.T.);
#9688=EDGE_CURVE('',#5679,#5681,#3315,.T.);
#9698=EDGE_CURVE('',#5718,#5719,#3319,.T.);
#9700=EDGE_CURVE('',#5739,#5718,#3323,.T.);
#9702=EDGE_CURVE('',#5737,#5739,#3327,.T.);
#9704=EDGE_CURVE('',#5735,#5737,#3331,.T.);
#9706=EDGE_CURVE('',#5733,#5735,#3335,.T.);
#9708=EDGE_CURVE('',#5731,#5733,#3339,.T.);
#9710=EDGE_CURVE('',#5729,#5731,#3343,.T.);
#9712=EDGE_CURVE('',#5727,#5729,#3347,.T.);
#9714=EDGE_CURVE('',#5725,#5727,#3351,.T.);
#9716=EDGE_CURVE('',#5723,#5725,#3355,.T.);
#9718=EDGE_CURVE('',#5721,#5723,#3359,.T.);
#9720=EDGE_CURVE('',#5719,#5721,#3363,.T.);
#9730=EDGE_CURVE('',#5742,#5743,#3367,.T.);
#9732=EDGE_CURVE('',#5827,#5742,#3371,.T.);
#9734=EDGE_CURVE('',#5825,#5827,#3375,.T.);
#9736=EDGE_CURVE('',#5823,#5825,#3379,.T.);
#9738=EDGE_CURVE('',#5821,#5823,#3383,.T.);
#9740=EDGE_CURVE('',#5819,#5821,#3387,.T.);
#9742=EDGE_CURVE('',#5817,#5819,#3391,.T.);
#9744=EDGE_CURVE('',#5815,#5817,#3395,.T.);
#9746=EDGE_CURVE('',#5813,#5815,#3399,.T.);
#9748=EDGE_CURVE('',#5811,#5813,#3403,.T.);
#9750=EDGE_CURVE('',#5809,#5811,#3407,.T.);
#9752=EDGE_CURVE('',#5807,#5809,#3411,.T.);
#9754=EDGE_CURVE('',#5805,#5807,#3415,.T.);
#9756=EDGE_CURVE('',#5803,#5805,#3419,.T.);
#9758=EDGE_CURVE('',#5801,#5803,#3423,.T.);
#9760=EDGE_CURVE('',#5799,#5801,#3427,.T.);
#9762=EDGE_CURVE('',#5797,#5799,#3431,.T.);
#9764=EDGE_CURVE('',#5795,#5797,#3435,.T.);
#9766=EDGE_CURVE('',#5793,#5795,#3439,.T.);
#9768=EDGE_CURVE('',#5791,#5793,#3443,.T.);
#9770=EDGE_CURVE('',#5789,#5791,#3447,.T.);
#9772=EDGE_CURVE('',#5787,#5789,#3451,.T.);
#9774=EDGE_CURVE('',#5785,#5787,#3455,.T.);
#9776=EDGE_CURVE('',#5783,#5785,#3459,.T.);
#9778=EDGE_CURVE('',#5781,#5783,#3463,.T.);
#9780=EDGE_CURVE('',#5779,#5781,#3467,.T.);
#9782=EDGE_CURVE('',#5777,#5779,#3471,.T.);
#9784=EDGE_CURVE('',#5775,#5777,#3475,.T.);
#9786=EDGE_CURVE('',#5773,#5775,#3479,.T.);
#9788=EDGE_CURVE('',#5771,#5773,#3483,.T.);
#9790=EDGE_CURVE('',#5769,#5771,#3487,.T.);
#9792=EDGE_CURVE('',#5767,#5769,#3491,.T.);
#9794=EDGE_CURVE('',#5765,#5767,#3495,.T.);
#9796=EDGE_CURVE('',#5763,#5765,#3499,.T.);
#9798=EDGE_CURVE('',#5761,#5763,#3503,.T.);
#9800=EDGE_CURVE('',#5759,#5761,#3507,.T.);
#9802=EDGE_CURVE('',#5757,#5759,#3511,.T.);
#9804=EDGE_CURVE('',#5755,#5757,#3515,.T.);
#9806=EDGE_CURVE('',#5753,#5755,#3519,.T.);
#9808=EDGE_CURVE('',#5751,#5753,#3523,.T.);
#9810=EDGE_CURVE('',#5749,#5751,#3527,.T.);
#9812=EDGE_CURVE('',#5747,#5749,#3531,.T.);
#9814=EDGE_CURVE('',#5745,#5747,#3535,.T.);
#9816=EDGE_CURVE('',#5743,#5745,#3539,.T.);
#9826=EDGE_CURVE('',#5830,#5831,#3543,.T.);
#9828=EDGE_CURVE('',#5941,#5830,#3547,.T.);
#9830=EDGE_CURVE('',#5939,#5941,#3551,.T.);
#9832=EDGE_CURVE('',#5937,#5939,#3555,.T.);
#9834=EDGE_CURVE('',#5935,#5937,#3559,.T.);
#9836=EDGE_CURVE('',#5933,#5935,#3563,.T.);
#9838=EDGE_CURVE('',#5931,#5933,#3567,.T.);
#9840=EDGE_CURVE('',#5929,#5931,#3571,.T.);
#9842=EDGE_CURVE('',#5927,#5929,#3575,.T.);
#9844=EDGE_CURVE('',#5925,#5927,#3579,.T.);
#9846=EDGE_CURVE('',#5923,#5925,#3583,.T.);
#9848=EDGE_CURVE('',#5921,#5923,#3587,.T.);
#9850=EDGE_CURVE('',#5919,#5921,#3591,.T.);
#9852=EDGE_CURVE('',#5917,#5919,#3595,.T.);
#9854=EDGE_CURVE('',#5915,#5917,#3599,.T.);
#9856=EDGE_CURVE('',#5913,#5915,#3603,.T.);
#9858=EDGE_CURVE('',#5911,#5913,#3607,.T.);
#9860=EDGE_CURVE('',#5909,#5911,#3611,.T.);
#9862=EDGE_CURVE('',#5907,#5909,#3615,.T.);
#9864=EDGE_CURVE('',#5905,#5907,#3619,.T.);
#9866=EDGE_CURVE('',#5903,#5905,#3623,.T.);
#9868=EDGE_CURVE('',#5901,#5903,#3627,.T.);
#9870=EDGE_CURVE('',#5899,#5901,#3631,.T.);
#9872=EDGE_CURVE('',#5897,#5899,#3635,.T.);
#9874=EDGE_CURVE('',#5895,#5897,#3639,.T.);
#9876=EDGE_CURVE('',#5893,#5895,#3643,.T.);
#9878=EDGE_CURVE('',#5891,#5893,#3647,.T.);
#9880=EDGE_CURVE('',#5889,#5891,#3651,.T.);
#9882=EDGE_CURVE('',#5887,#5889,#3655,.T.);
#9884=EDGE_CURVE('',#5885,#5887,#3659,.T.);
#9886=EDGE_CURVE('',#5883,#5885,#3663,.T.);
#9888=EDGE_CURVE('',#5881,#5883,#3667,.T.);
#9890=EDGE_CURVE('',#5879,#5881,#3671,.T.);
#9892=EDGE_CURVE('',#5877,#5879,#3675,.T.);
#9894=EDGE_CURVE('',#5875,#5877,#3679,.T.);
#9896=EDGE_CURVE('',#5873,#5875,#3683,.T.);
#9898=EDGE_CURVE('',#5871,#5873,#3687,.T.);
#9900=EDGE_CURVE('',#5869,#5871,#3691,.T.);
#9902=EDGE_CURVE('',#5867,#5869,#3695,.T.);
#9904=EDGE_CURVE('',#5865,#5867,#3699,.T.);
#9906=EDGE_CURVE('',#5863,#5865,#3703,.T.);
#9908=EDGE_CURVE('',#5861,#5863,#3707,.T.);
#9910=EDGE_CURVE('',#5859,#5861,#3711,.T.);
#9912=EDGE_CURVE('',#5857,#5859,#3715,.T.);
#9914=EDGE_CURVE('',#5855,#5857,#3719,.T.);
#9916=EDGE_CURVE('',#5853,#5855,#3723,.T.);
#9918=EDGE_CURVE('',#5851,#5853,#3727,.T.);
#9920=EDGE_CURVE('',#5849,#5851,#3731,.T.);
#9922=EDGE_CURVE('',#5847,#5849,#3735,.T.);
#9924=EDGE_CURVE('',#5845,#5847,#3739,.T.);
#9926=EDGE_CURVE('',#5843,#5845,#3743,.T.);
#9928=EDGE_CURVE('',#5841,#5843,#3747,.T.);
#9930=EDGE_CURVE('',#5839,#5841,#3751,.T.);
#9932=EDGE_CURVE('',#5837,#5839,#3755,.T.);
#9934=EDGE_CURVE('',#5835,#5837,#3759,.T.);
#9936=EDGE_CURVE('',#5833,#5835,#3763,.T.);
#9938=EDGE_CURVE('',#5831,#5833,#3767,.T.);
#9948=EDGE_CURVE('',#5944,#5945,#3771,.T.);
#9950=EDGE_CURVE('',#5993,#5944,#3775,.T.);
#9952=EDGE_CURVE('',#5991,#5993,#3779,.T.);
#9954=EDGE_CURVE('',#5989,#5991,#3783,.T.);
#9956=EDGE_CURVE('',#5987,#5989,#3787,.T.);
#9958=EDGE_CURVE('',#5985,#5987,#3791,.T.);
#9960=EDGE_CURVE('',#5983,#5985,#3795,.T.);
#9962=EDGE_CURVE('',#5981,#5983,#3799,.T.);
#9964=EDGE_CURVE('',#5979,#5981,#3803,.T.);
#9966=EDGE_CURVE('',#5977,#5979,#3807,.T.);
#9968=EDGE_CURVE('',#5975,#5977,#3811,.T.);
#9970=EDGE_CURVE('',#5973,#5975,#3815,.T.);
#9972=EDGE_CURVE('',#5971,#5973,#3819,.T.);
#9974=EDGE_CURVE('',#5969,#5971,#3823,.T.);
#9976=EDGE_CURVE('',#5967,#5969,#3827,.T.);
#9978=EDGE_CURVE('',#5965,#5967,#3831,.T.);
#9980=EDGE_CURVE('',#5963,#5965,#3835,.T.);
#9982=EDGE_CURVE('',#5961,#5963,#3839,.T.);
#9984=EDGE_CURVE('',#5959,#5961,#3843,.T.);
#9986=EDGE_CURVE('',#5957,#5959,#3847,.T.);
#9988=EDGE_CURVE('',#5955,#5957,#3851,.T.);
#9990=EDGE_CURVE('',#5953,#5955,#3855,.T.);
#9992=EDGE_CURVE('',#5951,#5953,#3859,.T.);
#9994=EDGE_CURVE('',#5949,#5951,#3863,.T.);
#9996=EDGE_CURVE('',#5947,#5949,#3867,.T.);
#9998=EDGE_CURVE('',#5945,#5947,#3871,.T.);
#10002=EDGE_CURVE('',#5996,#5997,#3875,.T.);
#10004=EDGE_CURVE('',#6029,#5996,#3879,.T.);
#10006=EDGE_CURVE('',#6027,#6029,#3883,.T.);
#10008=EDGE_CURVE('',#6025,#6027,#3887,.T.);
#10010=EDGE_CURVE('',#6023,#6025,#3891,.T.);
#10012=EDGE_CURVE('',#6021,#6023,#3895,.T.);
#10014=EDGE_CURVE('',#6019,#6021,#3899,.T.);
#10016=EDGE_CURVE('',#6017,#6019,#3903,.T.);
#10018=EDGE_CURVE('',#6015,#6017,#3907,.T.);
#10020=EDGE_CURVE('',#6013,#6015,#3911,.T.);
#10022=EDGE_CURVE('',#6011,#6013,#3915,.T.);
#10024=EDGE_CURVE('',#6009,#6011,#3919,.T.);
#10026=EDGE_CURVE('',#6007,#6009,#3923,.T.);
#10028=EDGE_CURVE('',#6005,#6007,#3927,.T.);
#10030=EDGE_CURVE('',#6003,#6005,#3931,.T.);
#10032=EDGE_CURVE('',#6001,#6003,#3935,.T.);
#10034=EDGE_CURVE('',#5999,#6001,#3939,.T.);
#10036=EDGE_CURVE('',#5997,#5999,#3943,.T.);
#10047=EDGE_CURVE('',#6088,#5572,#3947,.T.);
#10050=EDGE_CURVE('',#6089,#5573,#4007,.T.);
#10061=EDGE_CURVE('',#6109,#5593,#3951,.T.);
#10072=B_SPLINE_CURVE_WITH_KNOTS('',3,(#10068,#10069,#10070,#10071),
.UNSPECIFIED.,.F.,.F.,(4,4),(0.E0,1.E0),.UNSPECIFIED.);
#10077=EDGE_CURVE('',#6108,#5592,#3955,.T.);
#10088=B_SPLINE_CURVE_WITH_KNOTS('',3,(#10084,#10085,#10086,#10087),
.UNSPECIFIED.,.F.,.F.,(4,4),(0.E0,1.E0),.UNSPECIFIED.);
#10093=EDGE_CURVE('',#6107,#5591,#3959,.T.);
#10106=EDGE_CURVE('',#6105,#5589,#3963,.T.);
#10117=B_SPLINE_CURVE_WITH_KNOTS('',3,(#10113,#10114,#10115,#10116),
.UNSPECIFIED.,.F.,.F.,(4,4),(0.E0,1.E0),.UNSPECIFIED.);
#10122=EDGE_CURVE('',#6104,#5588,#3967,.T.);
#10133=B_SPLINE_CURVE_WITH_KNOTS('',3,(#10129,#10130,#10131,#10132),
.UNSPECIFIED.,.F.,.F.,(4,4),(0.E0,1.E0),.UNSPECIFIED.);
#10138=EDGE_CURVE('',#6103,#5587,#3971,.T.);
#10151=EDGE_CURVE('',#6101,#5585,#3975,.T.);
#10164=EDGE_CURVE('',#6099,#5583,#3979,.T.);
#10177=EDGE_CURVE('',#6097,#5581,#3983,.T.);
#10188=B_SPLINE_CURVE_WITH_KNOTS('',3,(#10184,#10185,#10186,#10187),
.UNSPECIFIED.,.F.,.F.,(4,4),(0.E0,1.E0),.UNSPECIFIED.);
#10193=EDGE_CURVE('',#6096,#5580,#3987,.T.);
#10204=B_SPLINE_CURVE_WITH_KNOTS('',3,(#10200,#10201,#10202,#10203),
.UNSPECIFIED.,.F.,.F.,(4,4),(0.E0,1.E0),.UNSPECIFIED.);
#10209=EDGE_CURVE('',#6095,#5579,#3991,.T.);
#10222=EDGE_CURVE('',#6093,#5577,#3995,.T.);
#10233=B_SPLINE_CURVE_WITH_KNOTS('',3,(#10229,#10230,#10231,#10232),
.UNSPECIFIED.,.F.,.F.,(4,4),(0.E0,1.E0),.UNSPECIFIED.);
#10238=EDGE_CURVE('',#6092,#5576,#3999,.T.);
#10249=B_SPLINE_CURVE_WITH_KNOTS('',3,(#10245,#10246,#10247,#10248),
.UNSPECIFIED.,.F.,.F.,(4,4),(0.E0,1.E0),.UNSPECIFIED.);
#10254=EDGE_CURVE('',#6091,#5575,#4003,.T.);
#10279=EDGE_CURVE('',#6112,#5596,#4011,.T.);
#10282=EDGE_CURVE('',#6113,#5597,#4159,.T.);
#10293=EDGE_CURVE('',#6167,#5651,#4015,.T.);
#10306=EDGE_CURVE('',#6165,#5649,#4019,.T.);
#10317=B_SPLINE_CURVE_WITH_KNOTS('',3,(#10313,#10314,#10315,#10316),
.UNSPECIFIED.,.F.,.F.,(4,4),(0.E0,1.E0),.UNSPECIFIED.);
#10322=EDGE_CURVE('',#6164,#5648,#4023,.T.);
#10333=B_SPLINE_CURVE_WITH_KNOTS('',3,(#10329,#10330,#10331,#10332),
.UNSPECIFIED.,.F.,.F.,(4,4),(0.E0,1.E0),.UNSPECIFIED.);
#10338=EDGE_CURVE('',#6163,#5647,#4027,.T.);
#10351=EDGE_CURVE('',#6161,#5645,#4031,.T.);
#10364=EDGE_CURVE('',#6159,#5643,#4035,.T.);
#10377=EDGE_CURVE('',#6157,#5641,#4039,.T.);
#10388=B_SPLINE_CURVE_WITH_KNOTS('',3,(#10384,#10385,#10386,#10387),
.UNSPECIFIED.,.F.,.F.,(4,4),(0.E0,1.E0),.UNSPECIFIED.);
#10393=EDGE_CURVE('',#6156,#5640,#4043,.T.);
#10404=B_SPLINE_CURVE_WITH_KNOTS('',3,(#10400,#10401,#10402,#10403),
.UNSPECIFIED.,.F.,.F.,(4,4),(0.E0,1.E0),.UNSPECIFIED.);
#10409=EDGE_CURVE('',#6155,#5639,#4047,.T.);
#10420=B_SPLINE_CURVE_WITH_KNOTS('',3,(#10416,#10417,#10418,#10419),
.UNSPECIFIED.,.F.,.F.,(4,4),(0.E0,1.E0),.UNSPECIFIED.);
#10425=EDGE_CURVE('',#6154,#5638,#4051,.T.);
#10436=B_SPLINE_CURVE_WITH_KNOTS('',3,(#10432,#10433,#10434,#10435),
.UNSPECIFIED.,.F.,.F.,(4,4),(0.E0,1.E0),.UNSPECIFIED.);
#10441=EDGE_CURVE('',#6153,#5637,#4055,.T.);
#10454=EDGE_CURVE('',#6151,#5635,#4059,.T.);
#10467=EDGE_CURVE('',#6149,#5633,#4063,.T.);
#10478=B_SPLINE_CURVE_WITH_KNOTS('',3,(#10474,#10475,#10476,#10477),
.UNSPECIFIED.,.F.,.F.,(4,4),(0.E0,1.E0),.UNSPECIFIED.);
#10483=EDGE_CURVE('',#6148,#5632,#4067,.T.);
#10494=B_SPLINE_CURVE_WITH_KNOTS('',3,(#10490,#10491,#10492,#10493),
.UNSPECIFIED.,.F.,.F.,(4,4),(0.E0,1.E0),.UNSPECIFIED.);
#10499=EDGE_CURVE('',#6147,#5631,#4071,.T.);
#10510=B_SPLINE_CURVE_WITH_KNOTS('',3,(#10506,#10507,#10508,#10509),
.UNSPECIFIED.,.F.,.F.,(4,4),(0.E0,1.E0),.UNSPECIFIED.);
#10515=EDGE_CURVE('',#6146,#5630,#4075,.T.);
#10526=B_SPLINE_CURVE_WITH_KNOTS('',3,(#10522,#10523,#10524,#10525),
.UNSPECIFIED.,.F.,.F.,(4,4),(0.E0,1.E0),.UNSPECIFIED.);
#10531=EDGE_CURVE('',#6145,#5629,#4079,.T.);
#10544=EDGE_CURVE('',#6143,#5627,#4083,.T.);
#10557=EDGE_CURVE('',#6141,#5625,#4087,.T.);
#10570=EDGE_CURVE('',#6139,#5623,#4091,.T.);
#10581=B_SPLINE_CURVE_WITH_KNOTS('',3,(#10577,#10578,#10579,#10580),
.UNSPECIFIED.,.F.,.F.,(4,4),(0.E0,1.E0),.UNSPECIFIED.);
#10586=EDGE_CURVE('',#6138,#5622,#4095,.T.);
#10597=B_SPLINE_CURVE_WITH_KNOTS('',3,(#10593,#10594,#10595,#10596),
.UNSPECIFIED.,.F.,.F.,(4,4),(0.E0,1.E0),.UNSPECIFIED.);
#10602=EDGE_CURVE('',#6137,#5621,#4099,.T.);
#10615=EDGE_CURVE('',#6135,#5619,#4103,.T.);
#10628=EDGE_CURVE('',#6133,#5617,#4107,.T.);
#10641=EDGE_CURVE('',#6131,#5615,#4111,.T.);
#10654=EDGE_CURVE('',#6129,#5613,#4115,.T.);
#10667=EDGE_CURVE('',#6127,#5611,#4119,.T.);
#10680=EDGE_CURVE('',#6125,#5609,#4123,.T.);
#10691=B_SPLINE_CURVE_WITH_KNOTS('',3,(#10687,#10688,#10689,#10690),
.UNSPECIFIED.,.F.,.F.,(4,4),(0.E0,1.E0),.UNSPECIFIED.);
#10696=EDGE_CURVE('',#6124,#5608,#4127,.T.);
#10707=B_SPLINE_CURVE_WITH_KNOTS('',3,(#10703,#10704,#10705,#10706),
.UNSPECIFIED.,.F.,.F.,(4,4),(0.E0,1.E0),.UNSPECIFIED.);
#10712=EDGE_CURVE('',#6123,#5607,#4131,.T.);
#10725=EDGE_CURVE('',#6121,#5605,#4135,.T.);
#10738=EDGE_CURVE('',#6119,#5603,#4139,.T.);
#10751=EDGE_CURVE('',#6117,#5601,#4143,.T.);
#10762=B_SPLINE_CURVE_WITH_KNOTS('',3,(#10758,#10759,#10760,#10761),
.UNSPECIFIED.,.F.,.F.,(4,4),(0.E0,1.E0),.UNSPECIFIED.);
#10767=EDGE_CURVE('',#6116,#5600,#4147,.T.);
#10778=B_SPLINE_CURVE_WITH_KNOTS('',3,(#10774,#10775,#10776,#10777),
.UNSPECIFIED.,.F.,.F.,(4,4),(0.E0,1.E0),.UNSPECIFIED.);
#10783=EDGE_CURVE('',#6115,#5599,#4151,.T.);
#10794=B_SPLINE_CURVE_WITH_KNOTS('',3,(#10790,#10791,#10792,#10793),
.UNSPECIFIED.,.F.,.F.,(4,4),(0.E0,1.E0),.UNSPECIFIED.);
#10799=EDGE_CURVE('',#6114,#5598,#4155,.T.);
#10810=B_SPLINE_CURVE_WITH_KNOTS('',3,(#10806,#10807,#10808,#10809),
.UNSPECIFIED.,.F.,.F.,(4,4),(0.E0,1.E0),.UNSPECIFIED.);
#10827=EDGE_CURVE('',#6170,#5654,#4163,.T.);
#10830=EDGE_CURVE('',#6171,#5655,#4223,.T.);
#10841=EDGE_CURVE('',#6191,#5675,#4167,.T.);
#10852=B_SPLINE_CURVE_WITH_KNOTS('',3,(#10848,#10849,#10850,#10851),
.UNSPECIFIED.,.F.,.F.,(4,4),(0.E0,1.E0),.UNSPECIFIED.);
#10857=EDGE_CURVE('',#6190,#5674,#4171,.T.);
#10868=B_SPLINE_CURVE_WITH_KNOTS('',3,(#10864,#10865,#10866,#10867),
.UNSPECIFIED.,.F.,.F.,(4,4),(0.E0,1.E0),.UNSPECIFIED.);
#10873=EDGE_CURVE('',#6189,#5673,#4175,.T.);
#10886=EDGE_CURVE('',#6187,#5671,#4179,.T.);
#10897=B_SPLINE_CURVE_WITH_KNOTS('',3,(#10893,#10894,#10895,#10896),
.UNSPECIFIED.,.F.,.F.,(4,4),(0.E0,1.E0),.UNSPECIFIED.);
#10902=EDGE_CURVE('',#6186,#5670,#4183,.T.);
#10913=B_SPLINE_CURVE_WITH_KNOTS('',3,(#10909,#10910,#10911,#10912),
.UNSPECIFIED.,.F.,.F.,(4,4),(0.E0,1.E0),.UNSPECIFIED.);
#10918=EDGE_CURVE('',#6185,#5669,#4187,.T.);
#10931=EDGE_CURVE('',#6183,#5667,#4191,.T.);
#10944=EDGE_CURVE('',#6181,#5665,#4195,.T.);
#10957=EDGE_CURVE('',#6179,#5663,#4199,.T.);
#10968=B_SPLINE_CURVE_WITH_KNOTS('',3,(#10964,#10965,#10966,#10967),
.UNSPECIFIED.,.F.,.F.,(4,4),(0.E0,1.E0),.UNSPECIFIED.);
#10973=EDGE_CURVE('',#6178,#5662,#4203,.T.);
#10984=B_SPLINE_CURVE_WITH_KNOTS('',3,(#10980,#10981,#10982,#10983),
.UNSPECIFIED.,.F.,.F.,(4,4),(0.E0,1.E0),.UNSPECIFIED.);
#10989=EDGE_CURVE('',#6177,#5661,#4207,.T.);
#11002=EDGE_CURVE('',#6175,#5659,#4211,.T.);
#11013=B_SPLINE_CURVE_WITH_KNOTS('',3,(#11009,#11010,#11011,#11012),
.UNSPECIFIED.,.F.,.F.,(4,4),(0.E0,1.E0),.UNSPECIFIED.);
#11018=EDGE_CURVE('',#6174,#5658,#4215,.T.);
#11029=B_SPLINE_CURVE_WITH_KNOTS('',3,(#11025,#11026,#11027,#11028),
.UNSPECIFIED.,.F.,.F.,(4,4),(0.E0,1.E0),.UNSPECIFIED.);
#11034=EDGE_CURVE('',#6173,#5657,#4219,.T.);
#11059=EDGE_CURVE('',#6194,#5678,#4227,.T.);
#11062=EDGE_CURVE('',#6195,#5679,#4323,.T.);
#11073=EDGE_CURVE('',#6231,#5715,#4231,.T.);
#11084=B_SPLINE_CURVE_WITH_KNOTS('',3,(#11080,#11081,#11082,#11083),
.UNSPECIFIED.,.F.,.F.,(4,4),(0.E0,1.E0),.UNSPECIFIED.);
#11089=EDGE_CURVE('',#6230,#5714,#4235,.T.);
#11100=B_SPLINE_CURVE_WITH_KNOTS('',3,(#11096,#11097,#11098,#11099),
.UNSPECIFIED.,.F.,.F.,(4,4),(0.E0,1.E0),.UNSPECIFIED.);
#11105=EDGE_CURVE('',#6229,#5713,#4239,.T.);
#11118=EDGE_CURVE('',#6227,#5711,#4243,.T.);
#11129=B_SPLINE_CURVE_WITH_KNOTS('',3,(#11125,#11126,#11127,#11128),
.UNSPECIFIED.,.F.,.F.,(4,4),(0.E0,1.E0),.UNSPECIFIED.);
#11134=EDGE_CURVE('',#6226,#5710,#4247,.T.);
#11145=B_SPLINE_CURVE_WITH_KNOTS('',3,(#11141,#11142,#11143,#11144),
.UNSPECIFIED.,.F.,.F.,(4,4),(0.E0,1.E0),.UNSPECIFIED.);
#11150=EDGE_CURVE('',#6225,#5709,#4251,.T.);
#11163=EDGE_CURVE('',#6223,#5707,#4255,.T.);
#11176=EDGE_CURVE('',#6221,#5705,#4259,.T.);
#11189=EDGE_CURVE('',#6219,#5703,#4263,.T.);
#11202=EDGE_CURVE('',#6217,#5701,#4267,.T.);
#11213=B_SPLINE_CURVE_WITH_KNOTS('',3,(#11209,#11210,#11211,#11212),
.UNSPECIFIED.,.F.,.F.,(4,4),(0.E0,1.E0),.UNSPECIFIED.);
#11218=EDGE_CURVE('',#6216,#5700,#4271,.T.);
#11229=B_SPLINE_CURVE_WITH_KNOTS('',3,(#11225,#11226,#11227,#11228),
.UNSPECIFIED.,.F.,.F.,(4,4),(0.E0,1.E0),.UNSPECIFIED.);
#11234=EDGE_CURVE('',#6215,#5699,#4275,.T.);
#11247=EDGE_CURVE('',#6213,#5697,#4279,.T.);
#11260=EDGE_CURVE('',#6211,#5695,#4283,.T.);
#11273=EDGE_CURVE('',#6209,#5693,#4287,.T.);
#11284=B_SPLINE_CURVE_WITH_KNOTS('',3,(#11280,#11281,#11282,#11283),
.UNSPECIFIED.,.F.,.F.,(4,4),(0.E0,1.E0),.UNSPECIFIED.);
#11289=EDGE_CURVE('',#6208,#5692,#4291,.T.);
#11300=B_SPLINE_CURVE_WITH_KNOTS('',3,(#11296,#11297,#11298,#11299),
.UNSPECIFIED.,.F.,.F.,(4,4),(0.E0,1.E0),.UNSPECIFIED.);
#11305=EDGE_CURVE('',#6207,#5691,#4295,.T.);
#11318=EDGE_CURVE('',#6205,#5689,#4299,.T.);
#11331=EDGE_CURVE('',#6203,#5687,#4303,.T.);
#11344=EDGE_CURVE('',#6201,#5685,#4307,.T.);
#11357=EDGE_CURVE('',#6199,#5683,#4311,.T.);
#11368=B_SPLINE_CURVE_WITH_KNOTS('',3,(#11364,#11365,#11366,#11367),
.UNSPECIFIED.,.F.,.F.,(4,4),(0.E0,1.E0),.UNSPECIFIED.);
#11373=EDGE_CURVE('',#6198,#5682,#4315,.T.);
#11384=B_SPLINE_CURVE_WITH_KNOTS('',3,(#11380,#11381,#11382,#11383),
.UNSPECIFIED.,.F.,.F.,(4,4),(0.E0,1.E0),.UNSPECIFIED.);
#11389=EDGE_CURVE('',#6197,#5681,#4319,.T.);
#11414=EDGE_CURVE('',#6234,#5718,#4327,.T.);
#11417=EDGE_CURVE('',#6235,#5719,#4371,.T.);
#11428=EDGE_CURVE('',#6255,#5739,#4331,.T.);
#11441=EDGE_CURVE('',#6253,#5737,#4335,.T.);
#11454=EDGE_CURVE('',#6251,#5735,#4339,.T.);
#11467=EDGE_CURVE('',#6249,#5733,#4343,.T.);
#11480=EDGE_CURVE('',#6247,#5731,#4347,.T.);
#11493=EDGE_CURVE('',#6245,#5729,#4351,.T.);
#11506=EDGE_CURVE('',#6243,#5727,#4355,.T.);
#11519=EDGE_CURVE('',#6241,#5725,#4359,.T.);
#11532=EDGE_CURVE('',#6239,#5723,#4363,.T.);
#11545=EDGE_CURVE('',#6237,#5721,#4367,.T.);
#11570=EDGE_CURVE('',#6258,#5742,#4375,.T.);
#11573=EDGE_CURVE('',#6259,#5743,#4547,.T.);
#11584=EDGE_CURVE('',#6343,#5827,#4379,.T.);
#11597=EDGE_CURVE('',#6341,#5825,#4383,.T.);
#11610=EDGE_CURVE('',#6339,#5823,#4387,.T.);
#11623=EDGE_CURVE('',#6337,#5821,#4391,.T.);
#11636=EDGE_CURVE('',#6335,#5819,#4395,.T.);
#11649=EDGE_CURVE('',#6333,#5817,#4399,.T.);
#11662=EDGE_CURVE('',#6331,#5815,#4403,.T.);
#11675=EDGE_CURVE('',#6329,#5813,#4407,.T.);
#11688=EDGE_CURVE('',#6327,#5811,#4411,.T.);
#11701=EDGE_CURVE('',#6325,#5809,#4415,.T.);
#11714=EDGE_CURVE('',#6323,#5807,#4419,.T.);
#11727=EDGE_CURVE('',#6321,#5805,#4423,.T.);
#11740=EDGE_CURVE('',#6319,#5803,#4427,.T.);
#11753=EDGE_CURVE('',#6317,#5801,#4431,.T.);
#11766=EDGE_CURVE('',#6315,#5799,#4435,.T.);
#11779=EDGE_CURVE('',#6313,#5797,#4439,.T.);
#11792=EDGE_CURVE('',#6311,#5795,#4443,.T.);
#11805=EDGE_CURVE('',#6309,#5793,#4447,.T.);
#11818=EDGE_CURVE('',#6307,#5791,#4451,.T.);
#11831=EDGE_CURVE('',#6305,#5789,#4455,.T.);
#11844=EDGE_CURVE('',#6303,#5787,#4459,.T.);
#11857=EDGE_CURVE('',#6301,#5785,#4463,.T.);
#11870=EDGE_CURVE('',#6299,#5783,#4467,.T.);
#11883=EDGE_CURVE('',#6297,#5781,#4471,.T.);
#11896=EDGE_CURVE('',#6295,#5779,#4475,.T.);
#11909=EDGE_CURVE('',#6293,#5777,#4479,.T.);
#11922=EDGE_CURVE('',#6291,#5775,#4483,.T.);
#11935=EDGE_CURVE('',#6289,#5773,#4487,.T.);
#11948=EDGE_CURVE('',#6287,#5771,#4491,.T.);
#11961=EDGE_CURVE('',#6285,#5769,#4495,.T.);
#11974=EDGE_CURVE('',#6283,#5767,#4499,.T.);
#11987=EDGE_CURVE('',#6281,#5765,#4503,.T.);
#12000=EDGE_CURVE('',#6279,#5763,#4507,.T.);
#12013=EDGE_CURVE('',#6277,#5761,#4511,.T.);
#12026=EDGE_CURVE('',#6275,#5759,#4515,.T.);
#12039=EDGE_CURVE('',#6273,#5757,#4519,.T.);
#12052=EDGE_CURVE('',#6271,#5755,#4523,.T.);
#12065=EDGE_CURVE('',#6269,#5753,#4527,.T.);
#12078=EDGE_CURVE('',#6267,#5751,#4531,.T.);
#12091=EDGE_CURVE('',#6265,#5749,#4535,.T.);
#12104=EDGE_CURVE('',#6263,#5747,#4539,.T.);
#12117=EDGE_CURVE('',#6261,#5745,#4543,.T.);
#12142=EDGE_CURVE('',#6346,#5830,#4551,.T.);
#12145=EDGE_CURVE('',#6347,#5831,#4775,.T.);
#12156=EDGE_CURVE('',#6457,#5941,#4555,.T.);
#12169=EDGE_CURVE('',#6455,#5939,#4559,.T.);
#12182=EDGE_CURVE('',#6453,#5937,#4563,.T.);
#12195=EDGE_CURVE('',#6451,#5935,#4567,.T.);
#12208=EDGE_CURVE('',#6449,#5933,#4571,.T.);
#12221=EDGE_CURVE('',#6447,#5931,#4575,.T.);
#12234=EDGE_CURVE('',#6445,#5929,#4579,.T.);
#12247=EDGE_CURVE('',#6443,#5927,#4583,.T.);
#12260=EDGE_CURVE('',#6441,#5925,#4587,.T.);
#12273=EDGE_CURVE('',#6439,#5923,#4591,.T.);
#12286=EDGE_CURVE('',#6437,#5921,#4595,.T.);
#12299=EDGE_CURVE('',#6435,#5919,#4599,.T.);
#12312=EDGE_CURVE('',#6433,#5917,#4603,.T.);
#12325=EDGE_CURVE('',#6431,#5915,#4607,.T.);
#12338=EDGE_CURVE('',#6429,#5913,#4611,.T.);
#12351=EDGE_CURVE('',#6427,#5911,#4615,.T.);
#12364=EDGE_CURVE('',#6425,#5909,#4619,.T.);
#12377=EDGE_CURVE('',#6423,#5907,#4623,.T.);
#12390=EDGE_CURVE('',#6421,#5905,#4627,.T.);
#12403=EDGE_CURVE('',#6419,#5903,#4631,.T.);
#12416=EDGE_CURVE('',#6417,#5901,#4635,.T.);
#12429=EDGE_CURVE('',#6415,#5899,#4639,.T.);
#12442=EDGE_CURVE('',#6413,#5897,#4643,.T.);
#12455=EDGE_CURVE('',#6411,#5895,#4647,.T.);
#12468=EDGE_CURVE('',#6409,#5893,#4651,.T.);
#12481=EDGE_CURVE('',#6407,#5891,#4655,.T.);
#12494=EDGE_CURVE('',#6405,#5889,#4659,.T.);
#12507=EDGE_CURVE('',#6403,#5887,#4663,.T.);
#12520=EDGE_CURVE('',#6401,#5885,#4667,.T.);
#12533=EDGE_CURVE('',#6399,#5883,#4671,.T.);
#12546=EDGE_CURVE('',#6397,#5881,#4675,.T.);
#12559=EDGE_CURVE('',#6395,#5879,#4679,.T.);
#12572=EDGE_CURVE('',#6393,#5877,#4683,.T.);
#12585=EDGE_CURVE('',#6391,#5875,#4687,.T.);
#12598=EDGE_CURVE('',#6389,#5873,#4691,.T.);
#12611=EDGE_CURVE('',#6387,#5871,#4695,.T.);
#12624=EDGE_CURVE('',#6385,#5869,#4699,.T.);
#12637=EDGE_CURVE('',#6383,#5867,#4703,.T.);
#12650=EDGE_CURVE('',#6381,#5865,#4707,.T.);
#12663=EDGE_CURVE('',#6379,#5863,#4711,.T.);
#12676=EDGE_CURVE('',#6377,#5861,#4715,.T.);
#12689=EDGE_CURVE('',#6375,#5859,#4719,.T.);
#12702=EDGE_CURVE('',#6373,#5857,#4723,.T.);
#12715=EDGE_CURVE('',#6371,#5855,#4727,.T.);
#12728=EDGE_CURVE('',#6369,#5853,#4731,.T.);
#12741=EDGE_CURVE('',#6367,#5851,#4735,.T.);
#12754=EDGE_CURVE('',#6365,#5849,#4739,.T.);
#12767=EDGE_CURVE('',#6363,#5847,#4743,.T.);
#12780=EDGE_CURVE('',#6361,#5845,#4747,.T.);
#12793=EDGE_CURVE('',#6359,#5843,#4751,.T.);
#12806=EDGE_CURVE('',#6357,#5841,#4755,.T.);
#12819=EDGE_CURVE('',#6355,#5839,#4759,.T.);
#12832=EDGE_CURVE('',#6353,#5837,#4763,.T.);
#12845=EDGE_CURVE('',#6351,#5835,#4767,.T.);
#12858=EDGE_CURVE('',#6349,#5833,#4771,.T.);
#12883=EDGE_CURVE('',#6460,#5944,#4779,.T.);
#12886=EDGE_CURVE('',#6461,#5945,#4879,.T.);
#12897=EDGE_CURVE('',#6509,#5993,#4783,.T.);
#12910=EDGE_CURVE('',#6507,#5991,#4787,.T.);
#12923=EDGE_CURVE('',#6505,#5989,#4791,.T.);
#12936=EDGE_CURVE('',#6503,#5987,#4795,.T.);
#12949=EDGE_CURVE('',#6501,#5985,#4799,.T.);
#12962=EDGE_CURVE('',#6499,#5983,#4803,.T.);
#12975=EDGE_CURVE('',#6497,#5981,#4807,.T.);
#12988=EDGE_CURVE('',#6495,#5979,#4811,.T.);
#13001=EDGE_CURVE('',#6493,#5977,#4815,.T.);
#13014=EDGE_CURVE('',#6491,#5975,#4819,.T.);
#13027=EDGE_CURVE('',#6489,#5973,#4823,.T.);
#13040=EDGE_CURVE('',#6487,#5971,#4827,.T.);
#13053=EDGE_CURVE('',#6485,#5969,#4831,.T.);
#13066=EDGE_CURVE('',#6483,#5967,#4835,.T.);
#13079=EDGE_CURVE('',#6481,#5965,#4839,.T.);
#13092=EDGE_CURVE('',#6479,#5963,#4843,.T.);
#13105=EDGE_CURVE('',#6477,#5961,#4847,.T.);
#13118=EDGE_CURVE('',#6475,#5959,#4851,.T.);
#13131=EDGE_CURVE('',#6473,#5957,#4855,.T.);
#13144=EDGE_CURVE('',#6471,#5955,#4859,.T.);
#13157=EDGE_CURVE('',#6469,#5953,#4863,.T.);
#13170=EDGE_CURVE('',#6467,#5951,#4867,.T.);
#13183=EDGE_CURVE('',#6465,#5949,#4871,.T.);
#13196=EDGE_CURVE('',#6463,#5947,#4875,.T.);
#13221=EDGE_CURVE('',#6512,#5996,#4883,.T.);
#13224=EDGE_CURVE('',#6513,#5997,#4951,.T.);
#13235=EDGE_CURVE('',#6545,#6029,#4887,.T.);
#13248=EDGE_CURVE('',#6543,#6027,#4891,.T.);
#13261=EDGE_CURVE('',#6541,#6025,#4895,.T.);
#13274=EDGE_CURVE('',#6539,#6023,#4899,.T.);
#13287=EDGE_CURVE('',#6537,#6021,#4903,.T.);
#13300=EDGE_CURVE('',#6535,#6019,#4907,.T.);
#13313=EDGE_CURVE('',#6533,#6017,#4911,.T.);
#13326=EDGE_CURVE('',#6531,#6015,#4915,.T.);
#13339=EDGE_CURVE('',#6529,#6013,#4919,.T.);
#13352=EDGE_CURVE('',#6527,#6011,#4923,.T.);
#13365=EDGE_CURVE('',#6525,#6009,#4927,.T.);
#13378=EDGE_CURVE('',#6523,#6007,#4931,.T.);
#13391=EDGE_CURVE('',#6521,#6005,#4935,.T.);
#13404=EDGE_CURVE('',#6519,#6003,#4939,.T.);
#13417=EDGE_CURVE('',#6517,#6001,#4943,.T.);
#13430=EDGE_CURVE('',#6515,#5999,#4947,.T.);
#13454=EDGE_CURVE('',#6651,#6652,#4957,.T.);
#13456=EDGE_CURVE('',#6652,#5272,#4961,.T.);
#13461=EDGE_CURVE('',#5236,#6656,#4965,.T.);
#13463=EDGE_CURVE('',#6656,#6657,#4971,.T.);
#13465=EDGE_CURVE('',#6657,#6651,#4975,.T.);
#13475=EDGE_CURVE('',#6648,#6647,#4996,.T.);
#13477=EDGE_CURVE('',#6647,#6564,#4979,.T.);
#13480=EDGE_CURVE('',#6653,#6565,#5093,.T.);
#13482=EDGE_CURVE('',#6652,#6653,#5074,.T.);
#13485=EDGE_CURVE('',#6648,#6651,#5056,.T.);
#13495=EDGE_CURVE('',#6647,#6643,#4984,.T.);
#13498=EDGE_CURVE('',#6650,#6648,#5067,.T.);
#13500=EDGE_CURVE('',#6649,#6650,#5008,.T.);
#13502=EDGE_CURVE('',#6649,#6645,#5013,.T.);
#13504=EDGE_CURVE('',#6645,#6643,#5017,.T.);
#13518=EDGE_CURVE('',#6639,#6643,#5021,.T.);
#13520=EDGE_CURVE('',#6635,#6639,#5037,.T.);
#13532=EDGE_CURVE('',#6641,#6645,#5025,.T.);
#13534=EDGE_CURVE('',#6641,#6639,#5029,.T.);
#13545=EDGE_CURVE('',#6637,#6641,#5041,.T.);
#13549=EDGE_CURVE('',#6649,#6569,#5033,.T.);
#13573=EDGE_CURVE('',#6657,#6650,#5063,.T.);
#13576=EDGE_CURVE('',#6655,#6656,#5089,.T.);
#13578=EDGE_CURVE('',#6655,#6568,#5049,.T.);
#13603=EDGE_CURVE('',#6599,#6653,#5078,.T.);
#13615=EDGE_CURVE('',#6587,#6655,#5082,.T.);
#13657=EDGE_CURVE('',#6610,#6577,#5101,.T.);
#13684=EDGE_CURVE('',#6619,#6623,#5109,.T.);
#13686=EDGE_CURVE('',#6613,#6619,#5121,.T.);
#13699=EDGE_CURVE('',#6621,#6619,#5117,.T.);
#13722=EDGE_CURVE('',#6668,#6548,#5138,.T.);
#13725=EDGE_CURVE('',#6669,#6549,#5147,.T.);
#13748=EDGE_CURVE('',#6672,#6552,#5156,.T.);
#13751=EDGE_CURVE('',#6673,#6553,#5165,.T.);
#13774=EDGE_CURVE('',#6660,#6556,#5174,.T.);
#13777=EDGE_CURVE('',#6661,#6557,#5183,.T.);
#13800=EDGE_CURVE('',#6664,#6560,#5192,.T.);
#13803=EDGE_CURVE('',#6665,#6561,#5201,.T.);
#13833=AXIS2_PLACEMENT_3D('',#13830,#13831,#13832);
#13834=ADVANCED_BREP_SHAPE_REPRESENTATION('',(#13833,#13821),#13829);
#13841=PRODUCT_DEFINITION('design','',#13840,#13837);
#13842=PRODUCT_DEFINITION_SHAPE('','SHAPE FOR HGW30.',#13841);
#13843=SHAPE_DEFINITION_REPRESENTATION(#13842,#13834);
#13844=SHAPE_DEFINITION_REPRESENTATION(#13845,#13846);
#13845=PRODUCT_DEFINITION_SHAPE('','SHAPE FOR HGW30_ASM.',#16079);
#13846=SHAPE_REPRESENTATION('',(#13852,#16057,#16072),#16068);
#13847=NEXT_ASSEMBLY_USAGE_OCCURRENCE('38','Next assembly relationship','HGW30',
#16079,#13841,$);
#13848=PRODUCT_DEFINITION_SHAPE('Placement #38',
'Placement of HGW30 with respect to HGW30_ASM',#13847);
#13864=CIRCLE('',#13863,6.E-1);
#13869=CIRCLE('',#13868,2.83E0);
#13874=CIRCLE('',#13873,6.E-1);
#13891=CIRCLE('',#13890,6.E-1);
#13896=CIRCLE('',#13895,2.83E0);
#13901=CIRCLE('',#13900,6.E-1);
#13910=CIRCLE('',#13909,6.E-1);
#13919=CIRCLE('',#13918,6.E-1);
#13928=CIRCLE('',#13927,6.E-1);
#13933=CIRCLE('',#13932,2.83E0);
#13938=CIRCLE('',#13937,6.E-1);
#13947=CIRCLE('',#13946,8.E-1);
#13956=CIRCLE('',#13955,8.E-1);
#13965=CIRCLE('',#13964,8.E-1);
#14022=CIRCLE('',#14021,8.E-1);
#14031=CIRCLE('',#14030,8.E-1);
#14040=CIRCLE('',#14039,8.E-1);
#14049=CIRCLE('',#14048,6.E-1);
#14054=CIRCLE('',#14053,2.83E0);
#14059=CIRCLE('',#14058,6.E-1);
#14068=CIRCLE('',#14067,6.E-1);
#14077=CIRCLE('',#14076,6.E-1);
#14166=CIRCLE('',#14165,4.5E0);
#14171=CIRCLE('',#14170,4.5E0);
#14176=CIRCLE('',#14175,4.5E0);
#14181=CIRCLE('',#14180,4.5E0);
#14186=CIRCLE('',#14185,4.5E0);
#14191=CIRCLE('',#14190,4.5E0);
#14296=CIRCLE('',#14295,7.E0);
#14301=CIRCLE('',#14300,7.E0);
#14306=CIRCLE('',#14305,7.E0);
#14311=CIRCLE('',#14310,7.E0);
#14316=CIRCLE('',#14315,7.E0);
#14321=CIRCLE('',#14320,7.E0);
#14346=CIRCLE('',#14345,6.E-1);
#14355=CIRCLE('',#14354,6.E-1);
#14364=CIRCLE('',#14363,6.E-1);
#14369=CIRCLE('',#14368,2.83E0);
#14374=CIRCLE('',#14373,6.E-1);
#14383=CIRCLE('',#14382,8.E-1);
#14392=CIRCLE('',#14391,8.E-1);
#14401=CIRCLE('',#14400,8.E-1);
#14458=CIRCLE('',#14457,8.E-1);
#14467=CIRCLE('',#14466,8.E-1);
#14476=CIRCLE('',#14475,8.E-1);
#14485=CIRCLE('',#14484,6.E-1);
#14490=CIRCLE('',#14489,2.83E0);
#14495=CIRCLE('',#14494,6.E-1);
#14504=CIRCLE('',#14503,6.E-1);
#14513=CIRCLE('',#14512,6.E-1);
#14522=CIRCLE('',#14521,6.E-1);
#14527=CIRCLE('',#14526,2.83E0);
#14532=CIRCLE('',#14531,6.E-1);
#14549=CIRCLE('',#14548,6.E-1);
#14554=CIRCLE('',#14553,2.83E0);
#14559=CIRCLE('',#14558,6.E-1);
#14572=CIRCLE('',#14571,7.E0);
#14577=CIRCLE('',#14576,7.E0);
#14582=CIRCLE('',#14581,7.E0);
#14587=CIRCLE('',#14586,7.E0);
#14592=CIRCLE('',#14591,7.E0);
#14597=CIRCLE('',#14596,7.E0);
#14618=CIRCLE('',#14617,4.5E0);
#14627=CIRCLE('',#14626,4.5E0);
#14636=CIRCLE('',#14635,4.5E0);
#14645=CIRCLE('',#14644,4.5E0);
#14654=CIRCLE('',#14653,4.5E0);
#14663=CIRCLE('',#14662,4.5E0);
#14921=EDGE_CURVE('',#14670,#14671,#13859,.T.);
#14923=EDGE_CURVE('',#14671,#14673,#13864,.T.);
#14925=EDGE_CURVE('',#14673,#14675,#13869,.T.);
#14927=EDGE_CURVE('',#14675,#14677,#13874,.T.);
#14929=EDGE_CURVE('',#14677,#14679,#13878,.T.);
#14931=EDGE_CURVE('',#14679,#14681,#13882,.T.);
#14933=EDGE_CURVE('',#14681,#14683,#13886,.T.);
#14935=EDGE_CURVE('',#14683,#14685,#13891,.T.);
#14937=EDGE_CURVE('',#14685,#14687,#13896,.T.);
#14939=EDGE_CURVE('',#14687,#14689,#13901,.T.);
#14941=EDGE_CURVE('',#14689,#14691,#13905,.T.);
#14943=EDGE_CURVE('',#14691,#14693,#13910,.T.);
#14945=EDGE_CURVE('',#14693,#14695,#13914,.T.);
#14947=EDGE_CURVE('',#14695,#14697,#13919,.T.);
#14949=EDGE_CURVE('',#14697,#14699,#13923,.T.);
#14951=EDGE_CURVE('',#14699,#14701,#13928,.T.);
#14953=EDGE_CURVE('',#14701,#14703,#13933,.T.);
#14955=EDGE_CURVE('',#14703,#14705,#13938,.T.);
#14957=EDGE_CURVE('',#14705,#14707,#13942,.T.);
#14959=EDGE_CURVE('',#14707,#14709,#13947,.T.);
#14961=EDGE_CURVE('',#14709,#14711,#13951,.T.);
#14963=EDGE_CURVE('',#14711,#14713,#13956,.T.);
#14965=EDGE_CURVE('',#14713,#14715,#13960,.T.);
#14967=EDGE_CURVE('',#14715,#14717,#13965,.T.);
#14969=EDGE_CURVE('',#14717,#14719,#13969,.T.);
#14971=EDGE_CURVE('',#14719,#14721,#13973,.T.);
#14973=EDGE_CURVE('',#14721,#14723,#13977,.T.);
#14975=EDGE_CURVE('',#14723,#14725,#13981,.T.);
#14977=EDGE_CURVE('',#14725,#14727,#13985,.T.);
#14979=EDGE_CURVE('',#14727,#14729,#13989,.T.);
#14981=EDGE_CURVE('',#14729,#14731,#13993,.T.);
#14983=EDGE_CURVE('',#14731,#14733,#13997,.T.);
#14985=EDGE_CURVE('',#14733,#14735,#14001,.T.);
#14987=EDGE_CURVE('',#14735,#14737,#14005,.T.);
#14989=EDGE_CURVE('',#14737,#14739,#14009,.T.);
#14991=EDGE_CURVE('',#14739,#14741,#14013,.T.);
#14993=EDGE_CURVE('',#14741,#14743,#14017,.T.);
#14995=EDGE_CURVE('',#14743,#14745,#14022,.T.);
#14997=EDGE_CURVE('',#14745,#14747,#14026,.T.);
#14999=EDGE_CURVE('',#14747,#14749,#14031,.T.);
#15001=EDGE_CURVE('',#14749,#14751,#14035,.T.);
#15003=EDGE_CURVE('',#14751,#14753,#14040,.T.);
#15005=EDGE_CURVE('',#14753,#14755,#14044,.T.);
#15007=EDGE_CURVE('',#14755,#14757,#14049,.T.);
#15009=EDGE_CURVE('',#14757,#14759,#14054,.T.);
#15011=EDGE_CURVE('',#14759,#14761,#14059,.T.);
#15013=EDGE_CURVE('',#14761,#14763,#14063,.T.);
#15015=EDGE_CURVE('',#14763,#14765,#14068,.T.);
#15017=EDGE_CURVE('',#14765,#14767,#14072,.T.);
#15019=EDGE_CURVE('',#14767,#14670,#14077,.T.);
#15030=EDGE_CURVE('',#14670,#14770,#14081,.T.);
#15032=EDGE_CURVE('',#14770,#14771,#14341,.T.);
#15034=EDGE_CURVE('',#14671,#14771,#14337,.T.);
#15045=EDGE_CURVE('',#14767,#14867,#14085,.T.);
#15047=EDGE_CURVE('',#14867,#14770,#14346,.T.);
#15059=EDGE_CURVE('',#14765,#14865,#14089,.T.);
#15061=EDGE_CURVE('',#14865,#14867,#14350,.T.);
#15073=EDGE_CURVE('',#14763,#14863,#14093,.T.);
#15075=EDGE_CURVE('',#14863,#14865,#14355,.T.);
#15087=EDGE_CURVE('',#14761,#14861,#14097,.T.);
#15089=EDGE_CURVE('',#14861,#14863,#14359,.T.);
#15101=EDGE_CURVE('',#14759,#14859,#14101,.T.);
#15103=EDGE_CURVE('',#14859,#14861,#14364,.T.);
#15115=EDGE_CURVE('',#14757,#14857,#14105,.T.);
#15117=EDGE_CURVE('',#14857,#14859,#14369,.T.);
#15129=EDGE_CURVE('',#14755,#14855,#14109,.T.);
#15131=EDGE_CURVE('',#14855,#14857,#14374,.T.);
#15143=EDGE_CURVE('',#14753,#14853,#14113,.T.);
#15145=EDGE_CURVE('',#14853,#14855,#14378,.T.);
#15157=EDGE_CURVE('',#14751,#14851,#14117,.T.);
#15159=EDGE_CURVE('',#14851,#14853,#14383,.T.);
#15171=EDGE_CURVE('',#14749,#14849,#14121,.T.);
#15173=EDGE_CURVE('',#14849,#14851,#14387,.T.);
#15185=EDGE_CURVE('',#14747,#14847,#14125,.T.);
#15187=EDGE_CURVE('',#14847,#14849,#14392,.T.);
#15199=EDGE_CURVE('',#14745,#14845,#14129,.T.);
#15201=EDGE_CURVE('',#14845,#14847,#14396,.T.);
#15213=EDGE_CURVE('',#14743,#14843,#14133,.T.);
#15215=EDGE_CURVE('',#14843,#14845,#14401,.T.);
#15227=EDGE_CURVE('',#14741,#14841,#14137,.T.);
#15229=EDGE_CURVE('',#14841,#14843,#14405,.T.);
#15241=EDGE_CURVE('',#14739,#14839,#14141,.T.);
#15243=EDGE_CURVE('',#14839,#14841,#14409,.T.);
#15255=EDGE_CURVE('',#14737,#14837,#14145,.T.);
#15257=EDGE_CURVE('',#14837,#14839,#14413,.T.);
#15269=EDGE_CURVE('',#14735,#14835,#14149,.T.);
#15271=EDGE_CURVE('',#14835,#14837,#14417,.T.);
#15283=EDGE_CURVE('',#14733,#14833,#14153,.T.);
#15285=EDGE_CURVE('',#14833,#14835,#14421,.T.);
#15297=EDGE_CURVE('',#14731,#14831,#14157,.T.);
#15299=EDGE_CURVE('',#14831,#14833,#14425,.T.);
#15311=EDGE_CURVE('',#14729,#14829,#14161,.T.);
#15313=EDGE_CURVE('',#14829,#14831,#14429,.T.);
#15318=EDGE_CURVE('',#14870,#14871,#14166,.T.);
#15320=EDGE_CURVE('',#14871,#14870,#14171,.T.);
#15324=EDGE_CURVE('',#14874,#14875,#14176,.T.);
#15326=EDGE_CURVE('',#14875,#14874,#14181,.T.);
#15330=EDGE_CURVE('',#14878,#14879,#14186,.T.);
#15332=EDGE_CURVE('',#14879,#14878,#14191,.T.);
#15343=EDGE_CURVE('',#14727,#14827,#14195,.T.);
#15345=EDGE_CURVE('',#14827,#14829,#14433,.T.);
#15357=EDGE_CURVE('',#14725,#14825,#14199,.T.);
#15359=EDGE_CURVE('',#14825,#14827,#14437,.T.);
#15371=EDGE_CURVE('',#14723,#14823,#14203,.T.);
#15373=EDGE_CURVE('',#14823,#14825,#14441,.T.);
#15385=EDGE_CURVE('',#14721,#14821,#14207,.T.);
#15387=EDGE_CURVE('',#14821,#14823,#14445,.T.);
#15399=EDGE_CURVE('',#14719,#14819,#14211,.T.);
#15401=EDGE_CURVE('',#14819,#14821,#14449,.T.);
#15413=EDGE_CURVE('',#14717,#14817,#14215,.T.);
#15415=EDGE_CURVE('',#14817,#14819,#14453,.T.);
#15427=EDGE_CURVE('',#14715,#14815,#14219,.T.);
#15429=EDGE_CURVE('',#14815,#14817,#14458,.T.);
#15441=EDGE_CURVE('',#14713,#14813,#14223,.T.);
#15443=EDGE_CURVE('',#14813,#14815,#14462,.T.);
#15455=EDGE_CURVE('',#14711,#14811,#14227,.T.);
#15457=EDGE_CURVE('',#14811,#14813,#14467,.T.);
#15469=EDGE_CURVE('',#14709,#14809,#14231,.T.);
#15471=EDGE_CURVE('',#14809,#14811,#14471,.T.);
#15483=EDGE_CURVE('',#14707,#14807,#14235,.T.);
#15485=EDGE_CURVE('',#14807,#14809,#14476,.T.);
#15497=EDGE_CURVE('',#14705,#14805,#14239,.T.);
#15499=EDGE_CURVE('',#14805,#14807,#14480,.T.);
#15511=EDGE_CURVE('',#14703,#14803,#14243,.T.);
#15513=EDGE_CURVE('',#14803,#14805,#14485,.T.);
#15525=EDGE_CURVE('',#14701,#14801,#14247,.T.);
#15527=EDGE_CURVE('',#14801,#14803,#14490,.T.);
#15539=EDGE_CURVE('',#14699,#14799,#14251,.T.);
#15541=EDGE_CURVE('',#14799,#14801,#14495,.T.);
#15553=EDGE_CURVE('',#14697,#14797,#14255,.T.);
#15555=EDGE_CURVE('',#14797,#14799,#14499,.T.);
#15567=EDGE_CURVE('',#14695,#14795,#14259,.T.);
#15569=EDGE_CURVE('',#14795,#14797,#14504,.T.);
#15581=EDGE_CURVE('',#14693,#14793,#14263,.T.);
#15583=EDGE_CURVE('',#14793,#14795,#14508,.T.);
#15595=EDGE_CURVE('',#14691,#14791,#14267,.T.);
#15597=EDGE_CURVE('',#14791,#14793,#14513,.T.);
#15609=EDGE_CURVE('',#14689,#14789,#14271,.T.);
#15611=EDGE_CURVE('',#14789,#14791,#14517,.T.);
#15623=EDGE_CURVE('',#14687,#14787,#14275,.T.);
#15625=EDGE_CURVE('',#14787,#14789,#14522,.T.);
#15637=EDGE_CURVE('',#14685,#14785,#14279,.T.);
#15639=EDGE_CURVE('',#14785,#14787,#14527,.T.);
#15651=EDGE_CURVE('',#14683,#14783,#14283,.T.);
#15653=EDGE_CURVE('',#14783,#14785,#14532,.T.);
#15665=EDGE_CURVE('',#14681,#14781,#14287,.T.);
#15667=EDGE_CURVE('',#14781,#14783,#14536,.T.);
#15679=EDGE_CURVE('',#14679,#14779,#14291,.T.);
#15681=EDGE_CURVE('',#14779,#14781,#14540,.T.);
#15686=EDGE_CURVE('',#14894,#14895,#14296,.T.);
#15688=EDGE_CURVE('',#14895,#14894,#14301,.T.);
#15692=EDGE_CURVE('',#14898,#14899,#14306,.T.);
#15694=EDGE_CURVE('',#14899,#14898,#14311,.T.);
#15698=EDGE_CURVE('',#14902,#14903,#14316,.T.);
#15700=EDGE_CURVE('',#14903,#14902,#14321,.T.);
#15711=EDGE_CURVE('',#14677,#14777,#14325,.T.);
#15713=EDGE_CURVE('',#14777,#14779,#14544,.T.);
#15725=EDGE_CURVE('',#14675,#14775,#14329,.T.);
#15727=EDGE_CURVE('',#14775,#14777,#14549,.T.);
#15739=EDGE_CURVE('',#14673,#14773,#14333,.T.);
#15741=EDGE_CURVE('',#14773,#14775,#14554,.T.);
#15754=EDGE_CURVE('',#14771,#14773,#14559,.T.);
#15824=EDGE_CURVE('',#14894,#14882,#14563,.T.);
#15826=EDGE_CURVE('',#14882,#14883,#14572,.T.);
#15828=EDGE_CURVE('',#14895,#14883,#14567,.T.);
#15840=EDGE_CURVE('',#14883,#14882,#14577,.T.);
#15855=EDGE_CURVE('',#14910,#14911,#14636,.T.);
#15857=EDGE_CURVE('',#14911,#14910,#14645,.T.);
#15867=EDGE_CURVE('',#14886,#14887,#14582,.T.);
#15869=EDGE_CURVE('',#14887,#14886,#14587,.T.);
#15873=EDGE_CURVE('',#14906,#14907,#14618,.T.);
#15875=EDGE_CURVE('',#14907,#14906,#14627,.T.);
#15885=EDGE_CURVE('',#14890,#14891,#14592,.T.);
#15887=EDGE_CURVE('',#14891,#14890,#14597,.T.);
#15891=EDGE_CURVE('',#14914,#14915,#14654,.T.);
#15893=EDGE_CURVE('',#14915,#14914,#14663,.T.);
#15904=EDGE_CURVE('',#14898,#14886,#14601,.T.);
#15907=EDGE_CURVE('',#14899,#14887,#14605,.T.);
#15930=EDGE_CURVE('',#14902,#14890,#14609,.T.);
#15933=EDGE_CURVE('',#14903,#14891,#14613,.T.);
#15956=EDGE_CURVE('',#14906,#14870,#14622,.T.);
#15959=EDGE_CURVE('',#14907,#14871,#14631,.T.);
#15982=EDGE_CURVE('',#14910,#14874,#14640,.T.);
#15985=EDGE_CURVE('',#14911,#14875,#14649,.T.);
#16008=EDGE_CURVE('',#14914,#14878,#14658,.T.);
#16011=EDGE_CURVE('',#14915,#14879,#14667,.T.);
#16041=AXIS2_PLACEMENT_3D('',#16038,#16039,#16040);
#16042=ADVANCED_BREP_SHAPE_REPRESENTATION('',(#16041,#16029),#16037);
#16049=PRODUCT_DEFINITION('design','',#16048,#16045);
#16050=PRODUCT_DEFINITION_SHAPE('','SHAPE FOR HGR30.',#16049);
#16051=SHAPE_DEFINITION_REPRESENTATION(#16050,#16042);
#16052=NEXT_ASSEMBLY_USAGE_OCCURRENCE('39','Next assembly relationship','HGR30',
#16079,#16049,$);
#16053=PRODUCT_DEFINITION_SHAPE('Placement #39',
'Placement of HGR30 with respect to HGW30_ASM',#16052);
#16072=AXIS2_PLACEMENT_3D('',#16069,#16070,#16071);
#16079=PRODUCT_DEFINITION('design','',#16078,#16075);
ENDSEC;
END-ISO-10303-21;
